Date,Soil_Temperature (°C),Soil_Moisture (%),Air_Temperature (°C),Air_Humidity (%),Paddy_Growth_Stage,Recommended_Fertilizer,Quantity_kg_per_acre,Purpose,Sustainability_Note,Predicted_Yield_ton_per_ha,Cost_LKR_per_ha
2025-02-10,24.0,48.7,27.4,71.1,Seedling,Calcium Nitrate,18.4,Calcium and nitrate supply for strong stems,Avoid chemical overuse; combine with compost.,9.39,3680.0
2025-10-27,29.7,35.0,32.8,77.7,Flowering,MOP,22.2,Potassium for stem and disease resistance,Maintain irrigation schedule to avoid fertilizer runoff.,9.37,2886.0
2025-02-12,24.2,50.8,34.2,67.6,Tillering,Compost Tea,19.6,Enhances microbial activity,Ensure soil testing before application.,9.43,1568.0
2025-01-06,24.4,71.9,32.2,65.8,Seedling,Magnesium Sulphate,13.4,Magnesium for chlorophyll synthesis,Use split application to reduce leaching.,10.06,2412.0
2025-08-27,27.3,52.2,33.8,61.3,Panicle Initiation,Seaweed Extract,9.7,Growth stimulant and micronutrients,Prefer organic alternatives where possible.,9.4,2425.0
2025-09-20,22.8,34.1,28.0,63.4,Seedling,Magnesium Sulphate,16.1,Magnesium for chlorophyll synthesis,Maintain irrigation schedule to avoid fertilizer runoff.,8.29,2898.0
2025-03-23,33.7,71.8,29.4,63.9,Flowering,Boron,5.5,Micronutrient for flower formation,Use split application to reduce leaching.,10.38,2750.0
2025-01-08,30.4,73.8,26.9,84.7,Tillering,Biochar,27.2,Improves soil fertility and carbon retention,Maintain irrigation schedule to avoid fertilizer runoff.,11.01,2720.0
2025-02-04,22.5,28.8,29.4,82.2,Tillering,Organic Compost,33.3,Improves soil structure and moisture retention,Maintain irrigation schedule to avoid fertilizer runoff.,9.02,1665.0
2025-01-05,26.2,49.1,33.8,70.1,Tillering,MOP,18.5,Potassium for stem and disease resistance,Use split application to reduce leaching.,9.48,2405.0
2025-10-12,24.8,63.2,27.7,79.7,Panicle Initiation,Seaweed Extract,11.0,Growth stimulant and micronutrients,Use split application to reduce leaching.,10.03,2750.0
2025-07-31,33.0,61.4,36.0,76.7,Harvest,Organic Compost,16.8,Improves soil structure and moisture retention,Maintain irrigation schedule to avoid fertilizer runoff.,10.66,840.0
2025-10-19,32.5,42.6,26.2,71.4,Flowering,Iron Chelate,9.1,Iron supply to prevent chlorosis,Ensure soil testing before application.,9.42,4095.0
2025-01-15,32.1,56.2,33.4,76.1,Tillering,Urea,39.6,Nitrogen boost for vegetative growth,Use split application to reduce leaching.,10.63,4752.0
2025-05-22,25.4,47.4,30.3,88.0,Flowering,MOP,22.3,Potassium for stem and disease resistance,Ensure soil testing before application.,9.85,2899.0
2025-09-28,33.8,39.2,31.6,90.3,Tillering,Compost Tea,18.6,Enhances microbial activity,Prefer organic alternatives where possible.,9.83,1488.0
2025-08-23,24.9,26.5,32.3,70.9,Flowering,Iron Chelate,7.3,Iron supply to prevent chlorosis,Use split application to reduce leaching.,8.53,3285.0
2025-10-27,30.3,61.3,34.1,66.0,Tillering,Urea,34.6,Nitrogen boost for vegetative growth,Maintain irrigation schedule to avoid fertilizer runoff.,10.5,4152.0
2025-01-04,27.5,26.0,32.9,76.5,Seedling,Magnesium Sulphate,15.7,Magnesium for chlorophyll synthesis,Prefer organic alternatives where possible.,8.75,2826.0
2025-06-28,25.8,31.7,30.7,94.5,Flowering,Boron,5.2,Micronutrient for flower formation,Use split application to reduce leaching.,9.15,2600.0
2025-03-14,26.3,53.1,28.5,91.5,Flowering,Zinc Sulphate,10.0,Improves grain quality and resistance,Ensure soil testing before application.,9.86,3000.0
2025-09-09,23.8,69.2,34.3,64.0,Panicle Initiation,DAP,22.2,Phosphorus for root development,Use split application to reduce leaching.,10.37,3330.0
2025-06-06,29.0,51.5,29.8,62.2,Panicle Initiation,Humic Acid,13.4,Soil conditioner and nutrient uptake,Maintain irrigation schedule to avoid fertilizer runoff.,9.37,2948.0
2025-07-02,33.9,70.4,32.0,80.5,Flowering,Iron Chelate,7.3,Iron supply to prevent chlorosis,Use split application to reduce leaching.,10.77,3285.0
2025-02-12,31.8,66.7,32.0,80.9,Panicle Initiation,Urea,18.1,Nitrogen boost for vegetative growth,Prefer organic alternatives where possible.,10.84,2172.0
2025-11-13,27.4,71.6,34.5,64.9,Panicle Initiation,Urea,17.6,Nitrogen boost for vegetative growth,Prefer organic alternatives where possible.,10.52,2112.0
2025-06-23,26.7,74.7,29.1,74.0,Flowering,Boron,4.6,Micronutrient for flower formation,Use split application to reduce leaching.,10.08,2300.0
2025-07-05,32.3,30.6,31.0,67.1,Seedling,Ammonium Sulphate,21.0,Nitrogen and sulphur supply,Maintain irrigation schedule to avoid fertilizer runoff.,8.99,2940.0
2025-06-07,32.1,34.8,26.5,80.6,Harvest,Phosphate Rock,16.8,Slow-release phosphorus,Ensure soil testing before application.,9.15,1512.0
2025-07-11,23.7,70.8,32.2,69.1,Tillering,Organic Compost,34.4,Improves soil structure and moisture retention,Avoid chemical overuse; combine with compost.,10.7,1720.0
2025-08-11,30.3,45.1,32.8,90.4,Flowering,Iron Chelate,9.2,Iron supply to prevent chlorosis,Prefer organic alternatives where possible.,9.84,4140.0
2025-06-26,26.7,55.8,32.4,80.9,Seedling,Urea,22.6,Nitrogen boost for vegetative growth,Maintain irrigation schedule to avoid fertilizer runoff.,10.13,2712.0
2025-01-17,24.2,56.9,27.3,78.8,Flowering,Zinc Sulphate,10.6,Improves grain quality and resistance,Use split application to reduce leaching.,9.5,3180.0
2025-05-28,24.0,53.4,34.0,68.4,Harvest,Phosphate Rock,16.6,Slow-release phosphorus,Use split application to reduce leaching.,9.55,1494.0
2025-07-12,22.5,57.0,32.8,74.0,Panicle Initiation,Humic Acid,16.3,Soil conditioner and nutrient uptake,Use split application to reduce leaching.,9.87,3586.0
2025-05-03,23.2,65.8,29.9,68.4,Panicle Initiation,Urea,21.4,Nitrogen boost for vegetative growth,Ensure soil testing before application.,9.96,2568.0
2025-04-28,27.3,49.6,26.4,84.1,Harvest,Phosphate Rock,17.8,Slow-release phosphorus,Use split application to reduce leaching.,9.7,1602.0
2025-10-31,25.2,35.8,33.0,61.5,Panicle Initiation,Urea,22.6,Nitrogen boost for vegetative growth,Prefer organic alternatives where possible.,8.7,2712.0
2025-08-22,27.8,55.0,28.8,81.4,Panicle Initiation,DAP,26.8,Phosphorus for root development,Use split application to reduce leaching.,10.23,4020.0
2025-07-06,29.1,64.1,31.5,77.7,Tillering,Compost Tea,19.4,Enhances microbial activity,Prefer organic alternatives where possible.,10.47,1552.0
2025-04-08,27.8,73.5,27.8,84.5,Harvest,Organic Compost,14.0,Improves soil structure and moisture retention,Avoid chemical overuse; combine with compost.,10.59,700.0
2025-05-14,29.3,69.8,27.9,77.6,Panicle Initiation,DAP,22.7,Phosphorus for root development,Ensure soil testing before application.,10.61,3405.0
2025-04-18,23.2,53.7,31.4,94.3,Flowering,Copper Sulphate,6.0,Micronutrient for enzyme activation,Use split application to reduce leaching.,9.56,2400.0
2025-02-26,28.0,44.2,35.2,94.0,Flowering,Boron,4.8,Micronutrient for flower formation,Use split application to reduce leaching.,9.55,2400.0
2025-04-27,22.6,30.8,28.4,63.2,Flowering,Boron,4.3,Micronutrient for flower formation,Use split application to reduce leaching.,8.21,2150.0
2025-03-02,24.7,35.1,30.3,93.9,Tillering,Biochar,22.0,Improves soil fertility and carbon retention,Prefer organic alternatives where possible.,9.48,2200.0
2025-05-16,32.7,74.4,29.0,71.2,Seedling,DAP,18.6,Phosphorus for root development,Maintain irrigation schedule to avoid fertilizer runoff.,10.74,2790.0
2025-07-09,25.2,57.1,27.6,83.9,Tillering,Biochar,28.4,Improves soil fertility and carbon retention,Prefer organic alternatives where possible.,9.93,2840.0
2025-03-20,25.8,57.8,29.8,72.0,Tillering,Urea,30.6,Nitrogen boost for vegetative growth,Prefer organic alternatives where possible.,9.97,3672.0
2025-02-22,22.3,33.1,32.0,77.7,Harvest,Organic Compost,16.4,Improves soil structure and moisture retention,Avoid chemical overuse; combine with compost.,8.7,820.0
2025-12-19,28.2,38.0,31.8,89.9,Flowering,Zinc Sulphate,9.3,Improves grain quality and resistance,Use split application to reduce leaching.,9.34,2790.0
2025-06-09,26.4,49.0,33.4,79.5,Panicle Initiation,DAP,26.1,Phosphorus for root development,Maintain irrigation schedule to avoid fertilizer runoff.,9.88,3915.0
2025-09-05,25.8,38.9,33.8,64.9,Seedling,DAP,17.8,Phosphorus for root development,Use split application to reduce leaching.,8.88,2670.0
2025-01-23,25.6,73.1,33.9,83.2,Seedling,Urea,27.9,Nitrogen boost for vegetative growth,Maintain irrigation schedule to avoid fertilizer runoff.,10.75,3348.0
2025-07-06,27.8,43.8,32.0,89.7,Seedling,Urea,22.1,Nitrogen boost for vegetative growth,Use split application to reduce leaching.,9.94,2652.0
2025-12-31,24.0,34.9,29.7,83.1,Panicle Initiation,Urea,20.7,Nitrogen boost for vegetative growth,Ensure soil testing before application.,9.05,2484.0
2025-12-05,26.4,45.4,27.0,62.7,Seedling,Calcium Nitrate,19.0,Calcium and nitrate supply for strong stems,Ensure soil testing before application.,9.18,3800.0
2025-06-26,30.9,40.6,31.4,68.7,Tillering,Urea,37.5,Nitrogen boost for vegetative growth,Ensure soil testing before application.,9.63,4500.0
2025-09-21,28.8,30.6,28.0,68.1,Flowering,Copper Sulphate,7.5,Micronutrient for enzyme activation,Prefer organic alternatives where possible.,8.45,3000.0
2025-05-27,27.5,66.2,28.4,94.1,Harvest,Phosphate Rock,19.7,Slow-release phosphorus,Ensure soil testing before application.,10.7,1773.0
2025-03-12,31.2,73.0,33.7,79.4,Panicle Initiation,Potash,24.1,Potassium for stress tolerance,Use split application to reduce leaching.,11.0,3856.0
2025-03-12,33.3,66.8,28.3,68.4,Flowering,MOP,24.5,Potassium for stem and disease resistance,Avoid chemical overuse; combine with compost.,10.41,3185.0
2025-08-26,26.2,26.7,28.1,63.8,Flowering,MOP,24.4,Potassium for stem and disease resistance,Ensure soil testing before application.,8.61,3172.0
2025-09-29,25.8,28.7,30.9,87.4,Tillering,Biochar,22.8,Improves soil fertility and carbon retention,Use split application to reduce leaching.,9.24,2280.0
2025-07-18,22.1,28.9,33.5,86.7,Flowering,MOP,28.2,Potassium for stem and disease resistance,Ensure soil testing before application.,9.11,3666.0
2025-11-17,30.6,41.8,31.1,63.5,Flowering,Zinc Sulphate,10.2,Improves grain quality and resistance,Use split application to reduce leaching.,9.09,3060.0
2025-04-18,32.5,74.7,34.4,87.3,Tillering,MOP,21.2,Potassium for stem and disease resistance,Prefer organic alternatives where possible.,11.51,2756.0
2025-07-03,24.9,30.4,26.1,60.7,Seedling,Calcium Nitrate,18.5,Calcium and nitrate supply for strong stems,Avoid chemical overuse; combine with compost.,8.19,3700.0
2025-03-04,26.6,54.7,31.6,63.1,Tillering,MOP,19.3,Potassium for stem and disease resistance,Avoid chemical overuse; combine with compost.,9.65,2509.0
2025-07-17,31.9,53.4,35.2,84.2,Flowering,MOP,21.9,Potassium for stem and disease resistance,Maintain irrigation schedule to avoid fertilizer runoff.,10.21,2847.0
2025-11-01,27.9,61.9,34.1,76.4,Seedling,DAP,20.4,Phosphorus for root development,Use split application to reduce leaching.,10.37,3060.0
2025-05-08,27.5,60.8,28.5,73.5,Tillering,Biochar,22.1,Improves soil fertility and carbon retention,Ensure soil testing before application.,10.18,2210.0
2025-08-09,26.9,36.3,33.6,82.3,Flowering,MOP,21.6,Potassium for stem and disease resistance,Maintain irrigation schedule to avoid fertilizer runoff.,9.53,2808.0
2025-06-19,31.6,58.2,28.7,90.6,Seedling,Calcium Nitrate,18.5,Calcium and nitrate supply for strong stems,Use split application to reduce leaching.,10.41,3700.0
2025-05-02,29.1,70.5,27.0,92.3,Flowering,Zinc Sulphate,10.7,Improves grain quality and resistance,Use split application to reduce leaching.,10.77,3210.0
2025-02-09,26.1,26.4,34.0,60.1,Tillering,Compost Tea,21.7,Enhances microbial activity,Use split application to reduce leaching.,8.6,1736.0
2025-09-12,27.4,68.9,36.0,76.2,Harvest,Green Manure,21.9,Nitrogen enrichment from legumes,Use split application to reduce leaching.,10.64,657.0
2025-03-31,31.6,43.0,34.7,73.8,Seedling,Ammonium Sulphate,24.6,Nitrogen and sulphur supply,Maintain irrigation schedule to avoid fertilizer runoff.,9.68,3444.0
2025-11-24,29.9,65.4,31.8,68.5,Flowering,MOP,24.9,Potassium for stem and disease resistance,Maintain irrigation schedule to avoid fertilizer runoff.,10.57,3237.0
2025-09-06,27.4,58.6,35.5,91.1,Seedling,Ammonium Sulphate,21.2,Nitrogen and sulphur supply,Prefer organic alternatives where possible.,10.62,2968.0
2025-11-07,29.4,43.1,29.1,66.0,Flowering,MOP,24.7,Potassium for stem and disease resistance,Prefer organic alternatives where possible.,9.56,3211.0
2025-11-12,22.8,46.3,28.8,90.4,Seedling,DAP,19.3,Phosphorus for root development,Maintain irrigation schedule to avoid fertilizer runoff.,9.73,2895.0
2025-02-24,26.2,67.8,33.0,62.3,Tillering,Urea,36.0,Nitrogen boost for vegetative growth,Use split application to reduce leaching.,10.59,4320.0
2025-08-19,26.8,71.7,32.8,90.4,Seedling,Magnesium Sulphate,14.3,Magnesium for chlorophyll synthesis,Maintain irrigation schedule to avoid fertilizer runoff.,10.73,2574.0
2025-05-31,32.0,73.0,27.0,62.6,Tillering,Urea,33.2,Nitrogen boost for vegetative growth,Maintain irrigation schedule to avoid fertilizer runoff.,10.67,3984.0
2025-02-08,22.2,41.6,27.2,86.1,Panicle Initiation,Seaweed Extract,11.1,Growth stimulant and micronutrients,Maintain irrigation schedule to avoid fertilizer runoff.,8.91,2775.0
2025-01-08,27.0,43.0,35.2,78.0,Tillering,Urea,35.4,Nitrogen boost for vegetative growth,Ensure soil testing before application.,10.08,4248.0
2025-04-27,24.0,34.3,27.1,73.9,Tillering,Organic Compost,29.9,Improves soil structure and moisture retention,Prefer organic alternatives where possible.,9.12,1495.0
2025-10-08,27.9,43.0,30.1,90.6,Tillering,Organic Compost,26.9,Improves soil structure and moisture retention,Prefer organic alternatives where possible.,9.94,1345.0
2025-09-09,30.7,51.8,30.4,68.5,Tillering,MOP,19.7,Potassium for stem and disease resistance,Prefer organic alternatives where possible.,9.85,2561.0
2025-07-27,33.9,73.9,33.5,75.0,Seedling,Ammonium Sulphate,20.5,Nitrogen and sulphur supply,Prefer organic alternatives where possible.,11.05,2870.0
2025-11-26,24.6,52.2,31.7,77.5,Tillering,Compost Tea,22.0,Enhances microbial activity,Prefer organic alternatives where possible.,9.61,1760.0
2025-03-22,31.4,72.9,27.9,89.8,Seedling,Magnesium Sulphate,14.3,Magnesium for chlorophyll synthesis,Use split application to reduce leaching.,10.73,2574.0
2025-02-04,29.3,48.1,28.9,82.3,Panicle Initiation,DAP,22.3,Phosphorus for root development,Use split application to reduce leaching.,9.75,3345.0
2025-10-08,27.5,60.6,34.5,67.4,Panicle Initiation,Urea,19.8,Nitrogen boost for vegetative growth,Prefer organic alternatives where possible.,9.9,2376.0
2025-10-01,24.0,73.4,34.4,63.7,Flowering,MOP,24.0,Potassium for stem and disease resistance,Maintain irrigation schedule to avoid fertilizer runoff.,10.53,3120.0
2025-10-06,26.3,62.1,26.8,94.9,Flowering,Boron,4.9,Micronutrient for flower formation,Ensure soil testing before application.,10.15,2450.0
2025-01-29,33.8,59.6,35.2,89.2,Seedling,DAP,18.2,Phosphorus for root development,Prefer organic alternatives where possible.,10.68,2730.0
2025-02-03,31.5,68.8,32.4,63.6,Flowering,Iron Chelate,7.5,Iron supply to prevent chlorosis,Maintain irrigation schedule to avoid fertilizer runoff.,10.4,3375.0
2025-05-22,31.0,52.5,32.0,76.1,Tillering,Organic Compost,28.6,Improves soil structure and moisture retention,Prefer organic alternatives where possible.,10.28,1430.0
2025-01-03,25.2,46.9,32.6,80.6,Seedling,Urea,23.4,Nitrogen boost for vegetative growth,Prefer organic alternatives where possible.,9.71,2808.0
2025-03-12,22.3,37.8,27.8,71.9,Panicle Initiation,Humic Acid,13.1,Soil conditioner and nutrient uptake,Prefer organic alternatives where possible.,8.59,2882.0
2025-10-24,24.8,46.5,35.0,66.2,Tillering,Organic Compost,28.9,Improves soil structure and moisture retention,Maintain irrigation schedule to avoid fertilizer runoff.,9.67,1445.0
2025-12-10,23.4,56.9,27.6,91.6,Flowering,Copper Sulphate,6.9,Micronutrient for enzyme activation,Ensure soil testing before application.,9.6,2760.0
2025-09-07,33.3,34.9,29.4,79.1,Harvest,Phosphate Rock,17.0,Slow-release phosphorus,Maintain irrigation schedule to avoid fertilizer runoff.,9.4,1530.0
2025-03-24,25.3,26.0,28.8,61.8,Flowering,MOP,22.6,Potassium for stem and disease resistance,Use split application to reduce leaching.,8.33,2938.0
2025-03-18,26.4,41.6,28.6,72.1,Seedling,Ammonium Sulphate,25.0,Nitrogen and sulphur supply,Use split application to reduce leaching.,9.16,3500.0
2025-04-28,30.0,54.1,32.8,61.0,Flowering,Copper Sulphate,6.7,Micronutrient for enzyme activation,Use split application to reduce leaching.,9.51,2680.0
2025-12-23,31.8,62.3,32.8,63.5,Panicle Initiation,Urea,19.4,Nitrogen boost for vegetative growth,Use split application to reduce leaching.,10.36,2328.0
2025-02-16,29.8,70.7,30.6,64.3,Seedling,DAP,21.8,Phosphorus for root development,Use split application to reduce leaching.,10.59,3270.0
2025-06-17,23.7,72.3,34.4,85.9,Tillering,MOP,19.0,Potassium for stem and disease resistance,Prefer organic alternatives where possible.,10.66,2470.0
2025-09-21,25.2,29.9,32.7,79.3,Flowering,Copper Sulphate,7.6,Micronutrient for enzyme activation,Ensure soil testing before application.,8.65,3040.0
2025-03-29,28.3,71.9,35.1,74.0,Harvest,Organic Compost,15.8,Improves soil structure and moisture retention,Use split application to reduce leaching.,10.61,790.0
2025-01-05,25.4,41.0,27.3,84.6,Panicle Initiation,Seaweed Extract,11.4,Growth stimulant and micronutrients,Ensure soil testing before application.,9.08,2850.0
2025-01-25,27.1,42.0,33.3,73.3,Harvest,Green Manure,19.3,Nitrogen enrichment from legumes,Prefer organic alternatives where possible.,9.58,579.0
2025-08-12,26.8,60.6,32.0,62.8,Seedling,Calcium Nitrate,17.2,Calcium and nitrate supply for strong stems,Maintain irrigation schedule to avoid fertilizer runoff.,9.8,3440.0
2025-02-12,24.0,68.7,27.8,90.1,Flowering,Boron,4.7,Micronutrient for flower formation,Avoid chemical overuse; combine with compost.,10.21,2350.0
2025-01-24,32.1,46.8,32.2,76.0,Harvest,Organic Compost,14.5,Improves soil structure and moisture retention,Avoid chemical overuse; combine with compost.,9.56,725.0
2025-06-12,32.7,29.5,27.3,87.4,Panicle Initiation,Urea,20.5,Nitrogen boost for vegetative growth,Use split application to reduce leaching.,9.16,2460.0
2025-04-23,32.4,63.0,35.4,60.1,Flowering,Zinc Sulphate,10.3,Improves grain quality and resistance,Maintain irrigation schedule to avoid fertilizer runoff.,10.03,3090.0
2025-01-08,28.0,39.1,26.2,88.0,Seedling,Ammonium Sulphate,21.7,Nitrogen and sulphur supply,Use split application to reduce leaching.,9.37,3038.0
2025-12-25,27.5,31.3,30.7,76.2,Tillering,Organic Compost,26.9,Improves soil structure and moisture retention,Use split application to reduce leaching.,9.16,1345.0
2025-07-30,24.2,68.2,27.7,87.4,Flowering,Iron Chelate,7.2,Iron supply to prevent chlorosis,Prefer organic alternatives where possible.,10.29,3240.0
2025-12-02,24.8,64.5,32.2,70.7,Tillering,Compost Tea,20.4,Enhances microbial activity,Ensure soil testing before application.,10.26,1632.0
2025-06-13,33.2,40.6,27.8,62.6,Seedling,Urea,25.8,Nitrogen boost for vegetative growth,Use split application to reduce leaching.,9.29,3096.0
2025-10-30,24.6,26.3,32.2,70.0,Tillering,Compost Tea,17.7,Enhances microbial activity,Ensure soil testing before application.,8.68,1416.0
2025-03-02,33.0,69.7,35.4,92.2,Tillering,MOP,17.7,Potassium for stem and disease resistance,Prefer organic alternatives where possible.,11.01,2301.0
2025-03-24,24.8,55.2,31.0,68.9,Seedling,Calcium Nitrate,19.0,Calcium and nitrate supply for strong stems,Ensure soil testing before application.,9.71,3800.0
2025-03-25,32.6,26.7,33.8,82.5,Seedling,DAP,22.5,Phosphorus for root development,Avoid chemical overuse; combine with compost.,9.38,3375.0
2025-12-26,22.9,64.5,26.2,91.3,Flowering,MOP,28.1,Potassium for stem and disease resistance,Ensure soil testing before application.,10.56,3653.0
2025-04-02,34.0,60.3,26.8,64.0,Panicle Initiation,Potash,20.8,Potassium for stress tolerance,Avoid chemical overuse; combine with compost.,10.26,3328.0
2025-02-11,33.6,70.9,34.5,64.2,Tillering,MOP,20.4,Potassium for stem and disease resistance,Maintain irrigation schedule to avoid fertilizer runoff.,10.77,2652.0
2025-12-06,23.4,70.5,34.0,69.8,Tillering,Biochar,23.4,Improves soil fertility and carbon retention,Maintain irrigation schedule to avoid fertilizer runoff.,10.25,2340.0
2025-04-23,32.3,65.5,32.9,82.9,Flowering,Iron Chelate,6.9,Iron supply to prevent chlorosis,Ensure soil testing before application.,10.62,3105.0
2025-01-08,28.1,71.9,32.2,71.6,Flowering,Iron Chelate,9.0,Iron supply to prevent chlorosis,Prefer organic alternatives where possible.,10.25,4050.0
2025-01-12,23.3,60.1,27.0,69.3,Harvest,Organic Compost,13.0,Improves soil structure and moisture retention,Ensure soil testing before application.,9.44,650.0
2025-04-18,32.0,50.1,32.1,68.3,Tillering,Urea,32.9,Nitrogen boost for vegetative growth,Use split application to reduce leaching.,9.94,3948.0
2025-11-05,33.9,65.3,29.1,74.7,Harvest,Green Manure,21.9,Nitrogen enrichment from legumes,Ensure soil testing before application.,10.8,657.0
2025-07-29,31.3,51.8,26.9,73.3,Tillering,MOP,19.2,Potassium for stem and disease resistance,Prefer organic alternatives where possible.,9.73,2496.0
2025-01-10,23.5,29.1,35.4,91.7,Flowering,Zinc Sulphate,11.2,Improves grain quality and resistance,Use split application to reduce leaching.,8.98,3360.0
2025-04-08,32.7,55.5,30.5,87.3,Flowering,Boron,4.4,Micronutrient for flower formation,Avoid chemical overuse; combine with compost.,10.26,2200.0
2025-07-16,31.0,65.8,26.7,88.3,Seedling,Magnesium Sulphate,15.3,Magnesium for chlorophyll synthesis,Avoid chemical overuse; combine with compost.,10.66,2754.0
2025-07-28,29.3,26.0,32.8,81.2,Panicle Initiation,Humic Acid,16.9,Soil conditioner and nutrient uptake,Maintain irrigation schedule to avoid fertilizer runoff.,8.92,3718.0
2025-03-31,27.4,53.5,33.7,66.0,Panicle Initiation,Urea,19.4,Nitrogen boost for vegetative growth,Maintain irrigation schedule to avoid fertilizer runoff.,9.83,2328.0
2025-03-07,24.6,32.0,30.1,71.6,Panicle Initiation,Urea,18.9,Nitrogen boost for vegetative growth,Use split application to reduce leaching.,8.74,2268.0
2025-02-21,24.6,56.4,28.7,93.0,Flowering,Copper Sulphate,6.8,Micronutrient for enzyme activation,Ensure soil testing before application.,9.98,2720.0
2025-01-20,27.8,46.0,33.3,67.1,Tillering,Urea,32.9,Nitrogen boost for vegetative growth,Use split application to reduce leaching.,9.75,3948.0
2025-05-23,31.5,40.3,32.2,91.7,Seedling,Magnesium Sulphate,14.0,Magnesium for chlorophyll synthesis,Avoid chemical overuse; combine with compost.,9.89,2520.0
2025-12-30,30.0,30.6,30.2,89.7,Panicle Initiation,Urea,22.3,Nitrogen boost for vegetative growth,Use split application to reduce leaching.,9.49,2676.0
2025-11-23,33.2,47.8,32.4,77.2,Tillering,Biochar,26.3,Improves soil fertility and carbon retention,Ensure soil testing before application.,10.08,2630.0
2025-12-09,30.1,30.9,27.8,81.5,Seedling,DAP,20.6,Phosphorus for root development,Avoid chemical overuse; combine with compost.,8.92,3090.0
2025-05-25,32.3,64.6,33.2,75.6,Harvest,Phosphate Rock,15.7,Slow-release phosphorus,Use split application to reduce leaching.,10.58,1413.0
2025-07-01,23.0,48.4,31.4,68.0,Flowering,Zinc Sulphate,9.1,Improves grain quality and resistance,Prefer organic alternatives where possible.,9.01,2730.0
2025-01-08,22.4,61.0,27.4,84.9,Flowering,Iron Chelate,7.7,Iron supply to prevent chlorosis,Avoid chemical overuse; combine with compost.,9.68,3465.0
2025-03-01,23.9,44.3,35.9,66.7,Tillering,Urea,38.6,Nitrogen boost for vegetative growth,Prefer organic alternatives where possible.,9.56,4632.0
2025-12-31,28.6,27.4,32.3,83.5,Flowering,Iron Chelate,9.0,Iron supply to prevent chlorosis,Use split application to reduce leaching.,8.96,4050.0
2025-02-26,30.6,59.4,31.9,92.4,Tillering,Compost Tea,23.0,Enhances microbial activity,Ensure soil testing before application.,10.84,1840.0
2025-09-16,31.3,69.6,34.9,82.5,Tillering,Biochar,25.3,Improves soil fertility and carbon retention,Prefer organic alternatives where possible.,11.17,2530.0
2025-09-24,28.4,50.9,30.9,91.3,Seedling,Calcium Nitrate,15.6,Calcium and nitrate supply for strong stems,Maintain irrigation schedule to avoid fertilizer runoff.,10.03,3120.0
2025-03-30,31.2,51.8,30.8,76.4,Harvest,Green Manure,20.0,Nitrogen enrichment from legumes,Prefer organic alternatives where possible.,9.9,600.0
2025-05-13,25.5,62.8,34.6,69.4,Seedling,DAP,17.5,Phosphorus for root development,Avoid chemical overuse; combine with compost.,10.15,2625.0
2025-08-15,33.7,52.9,27.4,62.3,Flowering,Copper Sulphate,6.3,Micronutrient for enzyme activation,Use split application to reduce leaching.,9.31,2520.0
2025-10-29,32.5,28.1,32.5,68.8,Seedling,Ammonium Sulphate,21.0,Nitrogen and sulphur supply,Maintain irrigation schedule to avoid fertilizer runoff.,9.11,2940.0
2025-12-12,24.3,35.9,34.2,77.5,Tillering,Urea,32.5,Nitrogen boost for vegetative growth,Avoid chemical overuse; combine with compost.,9.44,3900.0
2025-08-28,31.6,32.0,26.7,72.3,Flowering,Boron,5.0,Micronutrient for flower formation,Prefer organic alternatives where possible.,8.82,2500.0
2025-04-08,27.1,29.5,30.5,77.4,Flowering,Zinc Sulphate,9.3,Improves grain quality and resistance,Avoid chemical overuse; combine with compost.,8.56,2790.0
2025-09-03,32.1,51.5,33.8,71.8,Seedling,Magnesium Sulphate,14.4,Magnesium for chlorophyll synthesis,Maintain irrigation schedule to avoid fertilizer runoff.,9.87,2592.0
2025-04-20,31.9,34.7,28.3,70.1,Seedling,Ammonium Sulphate,24.1,Nitrogen and sulphur supply,Use split application to reduce leaching.,9.2,3374.0
2025-06-14,22.8,38.3,30.0,81.8,Panicle Initiation,Seaweed Extract,9.3,Growth stimulant and micronutrients,Maintain irrigation schedule to avoid fertilizer runoff.,8.94,2325.0
2025-05-02,33.1,53.8,26.4,65.6,Tillering,MOP,21.0,Potassium for stem and disease resistance,Ensure soil testing before application.,9.71,2730.0
2025-01-12,26.0,54.0,31.4,70.0,Harvest,Green Manure,21.3,Nitrogen enrichment from legumes,Use split application to reduce leaching.,9.58,639.0
2025-02-13,30.9,45.6,32.8,69.5,Seedling,Ammonium Sulphate,21.5,Nitrogen and sulphur supply,Avoid chemical overuse; combine with compost.,9.57,3010.0
2025-08-01,31.2,71.4,33.5,84.4,Harvest,Green Manure,22.3,Nitrogen enrichment from legumes,Ensure soil testing before application.,11.0,669.0
2025-11-02,24.2,63.3,31.9,82.1,Harvest,Organic Compost,15.3,Improves soil structure and moisture retention,Prefer organic alternatives where possible.,10.04,765.0
2025-08-10,29.9,53.3,28.3,75.1,Panicle Initiation,Seaweed Extract,10.7,Growth stimulant and micronutrients,Ensure soil testing before application.,9.63,2675.0
2025-08-22,28.5,64.7,35.6,75.6,Tillering,Organic Compost,33.9,Improves soil structure and moisture retention,Ensure soil testing before application.,10.96,1695.0
2025-11-19,34.0,34.4,31.9,86.8,Panicle Initiation,Humic Acid,13.1,Soil conditioner and nutrient uptake,Avoid chemical overuse; combine with compost.,9.46,2882.0
2025-07-23,27.7,49.5,35.7,73.5,Tillering,Urea,36.6,Nitrogen boost for vegetative growth,Ensure soil testing before application.,10.04,4392.0
2025-07-26,29.0,27.9,31.5,84.0,Flowering,Copper Sulphate,6.2,Micronutrient for enzyme activation,Ensure soil testing before application.,8.88,2480.0
2025-02-02,33.1,35.7,31.9,90.2,Tillering,Biochar,25.5,Improves soil fertility and carbon retention,Avoid chemical overuse; combine with compost.,9.66,2550.0
2025-10-23,32.9,57.3,31.4,77.6,Flowering,Iron Chelate,7.4,Iron supply to prevent chlorosis,Use split application to reduce leaching.,9.98,3330.0
2025-09-30,32.9,33.4,35.7,83.0,Panicle Initiation,Urea,20.5,Nitrogen boost for vegetative growth,Maintain irrigation schedule to avoid fertilizer runoff.,9.5,2460.0
2025-06-28,28.3,47.6,34.9,81.3,Panicle Initiation,Seaweed Extract,10.7,Growth stimulant and micronutrients,Avoid chemical overuse; combine with compost.,9.79,2675.0
2025-07-03,23.2,73.1,34.5,79.5,Panicle Initiation,Urea,18.6,Nitrogen boost for vegetative growth,Ensure soil testing before application.,10.6,2232.0
2025-10-05,22.9,66.8,31.6,65.9,Flowering,Zinc Sulphate,8.6,Improves grain quality and resistance,Maintain irrigation schedule to avoid fertilizer runoff.,9.64,2580.0
2025-06-05,33.6,71.3,34.5,83.1,Panicle Initiation,Urea,22.4,Nitrogen boost for vegetative growth,Prefer organic alternatives where possible.,11.11,2688.0
2025-09-03,25.4,53.1,29.4,75.5,Seedling,Calcium Nitrate,17.0,Calcium and nitrate supply for strong stems,Ensure soil testing before application.,9.79,3400.0
2025-01-27,31.6,69.9,31.9,65.9,Seedling,Magnesium Sulphate,17.1,Magnesium for chlorophyll synthesis,Ensure soil testing before application.,10.51,3078.0
2025-12-18,23.2,31.9,29.0,86.2,Seedling,Calcium Nitrate,17.2,Calcium and nitrate supply for strong stems,Use split application to reduce leaching.,8.72,3440.0
2025-06-29,31.5,43.0,32.4,89.5,Flowering,Boron,4.6,Micronutrient for flower formation,Maintain irrigation schedule to avoid fertilizer runoff.,9.51,2300.0
2025-06-14,32.2,39.2,30.7,83.2,Harvest,Phosphate Rock,20.6,Slow-release phosphorus,Ensure soil testing before application.,9.76,1854.0
2025-03-31,23.7,39.9,31.1,84.5,Panicle Initiation,Potash,20.2,Potassium for stress tolerance,Prefer organic alternatives where possible.,9.49,3232.0
2025-02-27,25.4,40.7,28.5,84.3,Panicle Initiation,Humic Acid,13.9,Soil conditioner and nutrient uptake,Use split application to reduce leaching.,9.38,3058.0
2025-02-22,31.8,43.6,32.1,65.0,Seedling,DAP,20.1,Phosphorus for root development,Ensure soil testing before application.,9.4,3015.0
2025-04-22,32.3,62.4,30.0,90.6,Flowering,Boron,5.7,Micronutrient for flower formation,Prefer organic alternatives where possible.,10.44,2850.0
2025-03-16,27.8,36.6,26.6,62.9,Seedling,Magnesium Sulphate,15.0,Magnesium for chlorophyll synthesis,Use split application to reduce leaching.,8.53,2700.0
2025-12-28,27.8,50.6,29.7,80.8,Flowering,Iron Chelate,8.5,Iron supply to prevent chlorosis,Ensure soil testing before application.,9.7,3825.0
2025-06-20,32.5,73.8,31.7,86.7,Harvest,Green Manure,21.6,Nitrogen enrichment from legumes,Ensure soil testing before application.,11.24,648.0
2025-05-23,28.3,34.4,29.6,79.9,Harvest,Green Manure,22.9,Nitrogen enrichment from legumes,Use split application to reduce leaching.,9.11,687.0
2025-10-13,33.9,56.2,34.9,65.1,Flowering,MOP,27.8,Potassium for stem and disease resistance,Prefer organic alternatives where possible.,10.18,3614.0
2025-12-06,33.6,43.8,27.2,60.9,Seedling,Urea,21.6,Nitrogen boost for vegetative growth,Ensure soil testing before application.,9.28,2592.0
2025-02-10,27.6,31.7,30.3,80.3,Seedling,Urea,27.1,Nitrogen boost for vegetative growth,Use split application to reduce leaching.,9.23,3252.0
2025-09-24,30.6,56.1,29.6,80.1,Flowering,Boron,4.8,Micronutrient for flower formation,Prefer organic alternatives where possible.,9.83,2400.0
2025-11-19,26.0,39.8,34.0,80.6,Seedling,Ammonium Sulphate,24.1,Nitrogen and sulphur supply,Maintain irrigation schedule to avoid fertilizer runoff.,9.36,3374.0
2025-11-21,24.7,57.2,31.6,81.0,Seedling,DAP,17.7,Phosphorus for root development,Prefer organic alternatives where possible.,10.1,2655.0
2025-04-13,27.8,32.2,30.1,85.0,Flowering,Iron Chelate,9.1,Iron supply to prevent chlorosis,Avoid chemical overuse; combine with compost.,8.81,4095.0
2025-09-28,23.1,52.8,29.4,76.2,Tillering,MOP,18.7,Potassium for stem and disease resistance,Ensure soil testing before application.,9.51,2431.0
2025-10-07,28.7,31.1,35.5,84.8,Panicle Initiation,DAP,25.6,Phosphorus for root development,Use split application to reduce leaching.,9.49,3840.0
2025-12-02,29.0,73.4,34.7,72.1,Panicle Initiation,Potash,19.8,Potassium for stress tolerance,Maintain irrigation schedule to avoid fertilizer runoff.,10.79,3168.0
2025-03-03,32.6,37.3,34.7,69.6,Panicle Initiation,DAP,21.8,Phosphorus for root development,Use split application to reduce leaching.,9.46,3270.0
2025-08-01,31.1,28.6,35.5,79.2,Tillering,Organic Compost,30.4,Improves soil structure and moisture retention,Ensure soil testing before application.,9.44,1520.0
2025-08-14,31.1,51.3,28.4,80.8,Panicle Initiation,Seaweed Extract,10.3,Growth stimulant and micronutrients,Ensure soil testing before application.,9.7,2575.0
2025-04-22,32.1,30.5,32.7,76.5,Seedling,Urea,26.5,Nitrogen boost for vegetative growth,Ensure soil testing before application.,9.21,3180.0
2025-11-18,27.7,34.0,34.9,91.4,Panicle Initiation,DAP,25.6,Phosphorus for root development,Prefer organic alternatives where possible.,9.76,3840.0
2025-11-15,27.0,60.8,27.0,63.9,Panicle Initiation,DAP,21.7,Phosphorus for root development,Prefer organic alternatives where possible.,9.94,3255.0
2025-08-29,25.6,41.1,34.4,72.7,Tillering,Biochar,23.6,Improves soil fertility and carbon retention,Avoid chemical overuse; combine with compost.,9.36,2360.0
2025-04-24,33.6,29.4,29.8,88.2,Harvest,Phosphate Rock,20.4,Slow-release phosphorus,Ensure soil testing before application.,9.23,1836.0
2025-01-29,33.7,73.9,34.4,73.3,Panicle Initiation,Humic Acid,14.8,Soil conditioner and nutrient uptake,Prefer organic alternatives where possible.,10.86,3256.0
2025-11-12,23.0,72.0,26.8,80.8,Harvest,Green Manure,19.3,Nitrogen enrichment from legumes,Prefer organic alternatives where possible.,10.28,579.0
2025-07-27,33.4,44.3,33.0,82.3,Flowering,Iron Chelate,9.2,Iron supply to prevent chlorosis,Use split application to reduce leaching.,9.91,4140.0
2025-11-18,23.5,28.3,27.9,62.5,Tillering,Urea,33.1,Nitrogen boost for vegetative growth,Use split application to reduce leaching.,8.73,3972.0
2025-11-26,31.7,35.2,35.7,83.5,Flowering,Iron Chelate,9.0,Iron supply to prevent chlorosis,Use split application to reduce leaching.,9.48,4050.0
2025-05-22,27.4,53.3,30.3,68.4,Flowering,MOP,26.2,Potassium for stem and disease resistance,Prefer organic alternatives where possible.,9.76,3406.0
2025-11-09,31.1,39.0,33.4,85.1,Seedling,DAP,19.7,Phosphorus for root development,Avoid chemical overuse; combine with compost.,9.79,2955.0
2025-09-18,33.2,31.2,32.1,86.0,Tillering,MOP,18.4,Potassium for stem and disease resistance,Maintain irrigation schedule to avoid fertilizer runoff.,9.4,2392.0
2025-08-07,26.1,67.5,32.9,64.4,Tillering,Compost Tea,20.7,Enhances microbial activity,Ensure soil testing before application.,10.14,1656.0
2025-10-13,22.2,41.0,33.8,74.2,Tillering,Organic Compost,28.2,Improves soil structure and moisture retention,Maintain irrigation schedule to avoid fertilizer runoff.,9.32,1410.0
2025-10-01,23.9,47.0,30.8,80.5,Seedling,DAP,17.1,Phosphorus for root development,Prefer organic alternatives where possible.,9.36,2565.0
2025-11-02,32.8,49.6,35.8,93.3,Tillering,Organic Compost,31.7,Improves soil structure and moisture retention,Ensure soil testing before application.,10.51,1585.0
2025-04-11,30.0,33.7,33.4,61.3,Panicle Initiation,Potash,21.1,Potassium for stress tolerance,Maintain irrigation schedule to avoid fertilizer runoff.,8.97,3376.0
2025-08-02,31.0,37.8,26.3,76.1,Tillering,Biochar,28.0,Improves soil fertility and carbon retention,Maintain irrigation schedule to avoid fertilizer runoff.,9.24,2800.0
2025-10-26,27.5,51.8,31.3,74.2,Seedling,Ammonium Sulphate,20.5,Nitrogen and sulphur supply,Avoid chemical overuse; combine with compost.,9.86,2870.0
2025-08-13,28.6,62.2,31.2,68.0,Seedling,Calcium Nitrate,19.9,Calcium and nitrate supply for strong stems,Maintain irrigation schedule to avoid fertilizer runoff.,9.99,3980.0
2025-02-16,25.6,43.0,29.2,69.0,Panicle Initiation,Urea,18.8,Nitrogen boost for vegetative growth,Use split application to reduce leaching.,9.1,2256.0
2025-10-24,25.9,55.8,34.4,79.2,Flowering,MOP,23.2,Potassium for stem and disease resistance,Avoid chemical overuse; combine with compost.,9.99,3016.0
2025-02-15,33.9,61.3,32.0,88.4,Panicle Initiation,Humic Acid,13.3,Soil conditioner and nutrient uptake,Ensure soil testing before application.,10.66,2926.0
2025-08-02,24.1,57.9,29.4,73.8,Panicle Initiation,Urea,20.1,Nitrogen boost for vegetative growth,Prefer organic alternatives where possible.,9.89,2412.0
2025-07-25,26.0,40.3,30.0,94.1,Tillering,Organic Compost,34.3,Improves soil structure and moisture retention,Use split application to reduce leaching.,9.89,1715.0
2025-06-24,32.5,36.4,31.3,63.8,Tillering,Biochar,24.3,Improves soil fertility and carbon retention,Avoid chemical overuse; combine with compost.,9.4,2430.0
2025-02-21,24.7,28.7,31.6,70.7,Panicle Initiation,Humic Acid,13.8,Soil conditioner and nutrient uptake,Avoid chemical overuse; combine with compost.,8.36,3036.0
2025-07-11,32.5,51.9,28.7,67.8,Panicle Initiation,Seaweed Extract,9.2,Growth stimulant and micronutrients,Use split application to reduce leaching.,9.43,2300.0
2025-09-24,31.1,39.2,33.7,86.8,Seedling,Magnesium Sulphate,15.3,Magnesium for chlorophyll synthesis,Avoid chemical overuse; combine with compost.,9.48,2754.0
2025-05-29,23.6,38.1,33.9,62.3,Tillering,Compost Tea,17.2,Enhances microbial activity,Maintain irrigation schedule to avoid fertilizer runoff.,8.91,1376.0
2025-08-30,27.1,45.1,26.2,65.8,Panicle Initiation,Humic Acid,14.1,Soil conditioner and nutrient uptake,Ensure soil testing before application.,8.85,3102.0
2025-02-27,30.6,68.5,30.8,68.6,Tillering,Biochar,28.1,Improves soil fertility and carbon retention,Prefer organic alternatives where possible.,10.72,2810.0
2025-07-30,25.1,25.7,31.8,87.2,Panicle Initiation,Potash,19.0,Potassium for stress tolerance,Prefer organic alternatives where possible.,9.02,3040.0
2025-08-25,29.5,41.3,31.1,87.4,Tillering,Compost Tea,18.7,Enhances microbial activity,Ensure soil testing before application.,9.79,1496.0
2025-12-29,27.5,29.8,27.2,88.3,Seedling,DAP,20.8,Phosphorus for root development,Prefer organic alternatives where possible.,8.91,3120.0
2025-10-28,31.3,30.8,33.4,68.7,Panicle Initiation,Urea,19.0,Nitrogen boost for vegetative growth,Avoid chemical overuse; combine with compost.,8.99,2280.0
2025-04-20,27.1,72.7,28.1,70.2,Seedling,DAP,20.8,Phosphorus for root development,Avoid chemical overuse; combine with compost.,10.56,3120.0
2025-08-16,26.3,71.3,26.5,79.2,Panicle Initiation,Humic Acid,16.7,Soil conditioner and nutrient uptake,Avoid chemical overuse; combine with compost.,10.34,3674.0
2025-03-24,25.5,40.8,35.6,78.1,Panicle Initiation,Urea,19.9,Nitrogen boost for vegetative growth,Prefer organic alternatives where possible.,9.44,2388.0
2025-01-20,31.9,67.2,34.6,77.6,Seedling,Urea,28.0,Nitrogen boost for vegetative growth,Prefer organic alternatives where possible.,11.06,3360.0
2025-05-18,26.4,62.1,28.3,93.9,Tillering,Organic Compost,34.3,Improves soil structure and moisture retention,Maintain irrigation schedule to avoid fertilizer runoff.,10.6,1715.0
2025-04-20,24.8,68.6,34.2,62.4,Panicle Initiation,Urea,21.8,Nitrogen boost for vegetative growth,Ensure soil testing before application.,10.31,2616.0
2025-09-09,22.2,65.7,33.0,84.1,Seedling,Urea,23.3,Nitrogen boost for vegetative growth,Use split application to reduce leaching.,10.53,2796.0
2025-12-13,27.1,73.2,31.7,75.5,Tillering,MOP,20.6,Potassium for stem and disease resistance,Prefer organic alternatives where possible.,10.62,2678.0
2025-10-11,29.6,44.6,26.1,69.5,Panicle Initiation,Seaweed Extract,9.8,Growth stimulant and micronutrients,Use split application to reduce leaching.,9.14,2450.0
2025-11-04,26.5,60.0,28.4,64.4,Harvest,Organic Compost,14.6,Improves soil structure and moisture retention,Avoid chemical overuse; combine with compost.,9.57,730.0
2025-06-20,25.8,65.5,34.6,88.4,Harvest,Green Manure,20.5,Nitrogen enrichment from legumes,Prefer organic alternatives where possible.,10.53,615.0
2025-02-24,24.8,46.8,33.8,86.0,Flowering,Zinc Sulphate,10.4,Improves grain quality and resistance,Use split application to reduce leaching.,9.74,3120.0
2025-09-25,29.5,58.3,35.5,67.0,Flowering,Iron Chelate,8.1,Iron supply to prevent chlorosis,Prefer organic alternatives where possible.,9.89,3645.0
2025-03-04,28.6,67.4,26.7,90.8,Tillering,Biochar,25.1,Improves soil fertility and carbon retention,Maintain irrigation schedule to avoid fertilizer runoff.,10.91,2510.0
2025-04-01,26.4,25.0,31.6,89.3,Tillering,Organic Compost,33.6,Improves soil structure and moisture retention,Prefer organic alternatives where possible.,9.2,1680.0
2025-02-25,28.1,28.9,31.9,84.1,Harvest,Green Manure,21.2,Nitrogen enrichment from legumes,Use split application to reduce leaching.,9.19,636.0
2025-12-06,32.9,70.9,29.4,81.9,Harvest,Organic Compost,14.7,Improves soil structure and moisture retention,Ensure soil testing before application.,10.93,735.0
2025-11-12,30.3,33.8,34.7,63.9,Tillering,Urea,37.4,Nitrogen boost for vegetative growth,Use split application to reduce leaching.,9.25,4488.0
2025-10-13,30.7,34.0,26.7,83.9,Seedling,Magnesium Sulphate,17.0,Magnesium for chlorophyll synthesis,Use split application to reduce leaching.,9.32,3060.0
2025-03-23,22.7,60.2,28.4,76.8,Tillering,MOP,22.7,Potassium for stem and disease resistance,Maintain irrigation schedule to avoid fertilizer runoff.,9.73,2951.0
2025-03-12,24.1,28.5,35.6,87.2,Seedling,Urea,22.8,Nitrogen boost for vegetative growth,Prefer organic alternatives where possible.,9.21,2736.0
2025-12-16,31.8,61.4,34.1,67.5,Seedling,Urea,23.3,Nitrogen boost for vegetative growth,Avoid chemical overuse; combine with compost.,10.56,2796.0
2025-06-09,32.4,65.7,30.3,94.5,Flowering,Iron Chelate,8.2,Iron supply to prevent chlorosis,Ensure soil testing before application.,10.53,3690.0
2025-07-18,32.9,52.3,33.5,70.5,Tillering,Urea,31.5,Nitrogen boost for vegetative growth,Prefer organic alternatives where possible.,10.31,3780.0
2025-12-07,31.7,33.2,26.1,92.2,Tillering,Organic Compost,28.6,Improves soil structure and moisture retention,Prefer organic alternatives where possible.,9.68,1430.0
2025-09-24,28.8,62.9,34.7,64.3,Seedling,Magnesium Sulphate,14.2,Magnesium for chlorophyll synthesis,Avoid chemical overuse; combine with compost.,10.11,2556.0
2025-03-02,28.6,37.1,30.9,91.5,Flowering,Copper Sulphate,7.7,Micronutrient for enzyme activation,Use split application to reduce leaching.,9.14,3080.0
2025-12-01,24.5,31.2,26.4,93.0,Tillering,Compost Tea,21.4,Enhances microbial activity,Avoid chemical overuse; combine with compost.,9.22,1712.0
2025-11-05,30.0,50.2,28.2,63.8,Panicle Initiation,Seaweed Extract,8.7,Growth stimulant and micronutrients,Avoid chemical overuse; combine with compost.,9.38,2175.0
2025-06-01,25.7,31.1,31.4,70.8,Harvest,Green Manure,22.7,Nitrogen enrichment from legumes,Ensure soil testing before application.,8.98,681.0
2025-09-09,25.6,73.8,26.7,83.2,Tillering,Urea,37.7,Nitrogen boost for vegetative growth,Use split application to reduce leaching.,10.91,4524.0
2025-02-08,27.3,25.5,35.6,85.4,Panicle Initiation,Humic Acid,17.0,Soil conditioner and nutrient uptake,Maintain irrigation schedule to avoid fertilizer runoff.,8.9,3740.0
2025-06-26,32.4,68.0,35.2,84.5,Tillering,Organic Compost,33.8,Improves soil structure and moisture retention,Avoid chemical overuse; combine with compost.,11.36,1690.0
2025-07-15,30.0,66.4,31.2,80.2,Flowering,MOP,28.3,Potassium for stem and disease resistance,Ensure soil testing before application.,10.74,3679.0
2025-01-07,25.8,72.8,31.6,92.9,Tillering,Biochar,27.8,Improves soil fertility and carbon retention,Prefer organic alternatives where possible.,11.02,2780.0
2025-09-03,32.4,36.6,28.8,80.2,Flowering,Copper Sulphate,7.0,Micronutrient for enzyme activation,Prefer organic alternatives where possible.,9.38,2800.0
2025-02-25,29.5,31.1,35.9,63.6,Harvest,Phosphate Rock,16.5,Slow-release phosphorus,Maintain irrigation schedule to avoid fertilizer runoff.,9.05,1485.0
2025-03-11,26.1,73.9,33.6,76.3,Tillering,Urea,33.1,Nitrogen boost for vegetative growth,Use split application to reduce leaching.,11.13,3972.0
2025-10-21,24.8,70.1,26.6,89.7,Seedling,Urea,25.8,Nitrogen boost for vegetative growth,Prefer organic alternatives where possible.,10.54,3096.0
2025-07-17,28.6,66.1,31.8,74.5,Harvest,Green Manure,20.3,Nitrogen enrichment from legumes,Avoid chemical overuse; combine with compost.,10.32,609.0
2025-07-13,25.7,44.9,33.3,92.8,Seedling,Urea,21.3,Nitrogen boost for vegetative growth,Use split application to reduce leaching.,9.67,2556.0
2025-10-13,24.5,65.9,27.8,77.6,Seedling,Ammonium Sulphate,22.3,Nitrogen and sulphur supply,Use split application to reduce leaching.,10.15,3122.0
2025-11-22,26.7,25.6,29.7,85.9,Seedling,DAP,19.6,Phosphorus for root development,Avoid chemical overuse; combine with compost.,9.03,2940.0
2025-10-05,29.8,64.6,34.6,64.4,Harvest,Green Manure,19.4,Nitrogen enrichment from legumes,Use split application to reduce leaching.,10.12,582.0
2025-07-26,22.5,40.3,33.0,77.0,Seedling,Magnesium Sulphate,14.8,Magnesium for chlorophyll synthesis,Avoid chemical overuse; combine with compost.,9.19,2664.0
2025-02-08,30.4,61.5,30.0,76.3,Seedling,Ammonium Sulphate,23.0,Nitrogen and sulphur supply,Avoid chemical overuse; combine with compost.,10.23,3220.0
2025-05-07,23.5,56.5,27.9,93.1,Panicle Initiation,DAP,25.6,Phosphorus for root development,Ensure soil testing before application.,9.97,3840.0
2025-08-16,23.7,52.1,33.7,75.3,Flowering,Zinc Sulphate,9.1,Improves grain quality and resistance,Maintain irrigation schedule to avoid fertilizer runoff.,9.65,2730.0
2025-07-18,28.8,41.4,26.9,92.4,Tillering,Biochar,23.4,Improves soil fertility and carbon retention,Prefer organic alternatives where possible.,9.71,2340.0
2025-03-25,23.3,47.8,33.3,71.6,Seedling,DAP,21.9,Phosphorus for root development,Ensure soil testing before application.,9.4,3285.0
2025-12-23,26.5,36.3,31.0,83.2,Panicle Initiation,Seaweed Extract,11.0,Growth stimulant and micronutrients,Prefer organic alternatives where possible.,9.29,2750.0
2025-07-18,24.0,50.9,26.9,60.0,Panicle Initiation,DAP,22.7,Phosphorus for root development,Ensure soil testing before application.,9.24,3405.0
2025-10-25,31.5,27.7,31.3,73.9,Panicle Initiation,Seaweed Extract,11.4,Growth stimulant and micronutrients,Prefer organic alternatives where possible.,8.84,2850.0
2025-11-15,23.0,27.4,26.8,94.0,Tillering,Biochar,25.6,Improves soil fertility and carbon retention,Avoid chemical overuse; combine with compost.,8.99,2560.0
2025-04-04,23.6,54.2,35.1,79.3,Harvest,Organic Compost,15.8,Improves soil structure and moisture retention,Use split application to reduce leaching.,9.69,790.0
2025-03-03,27.5,67.0,27.0,67.9,Panicle Initiation,Humic Acid,13.9,Soil conditioner and nutrient uptake,Maintain irrigation schedule to avoid fertilizer runoff.,9.91,3058.0
2025-07-12,22.3,43.3,27.8,66.2,Tillering,MOP,17.0,Potassium for stem and disease resistance,Avoid chemical overuse; combine with compost.,8.82,2210.0
2025-05-22,27.6,45.8,29.3,89.6,Tillering,Organic Compost,28.8,Improves soil structure and moisture retention,Ensure soil testing before application.,10.06,1440.0
2025-03-10,24.9,56.8,33.9,93.4,Flowering,Zinc Sulphate,11.2,Improves grain quality and resistance,Avoid chemical overuse; combine with compost.,10.27,3360.0
2025-07-26,25.3,26.9,31.5,63.4,Panicle Initiation,Seaweed Extract,9.5,Growth stimulant and micronutrients,Avoid chemical overuse; combine with compost.,8.08,2375.0
2025-07-12,31.5,51.5,27.1,82.5,Panicle Initiation,Humic Acid,14.2,Soil conditioner and nutrient uptake,Maintain irrigation schedule to avoid fertilizer runoff.,9.78,3124.0
2025-02-11,28.7,43.1,32.8,88.8,Tillering,Biochar,24.7,Improves soil fertility and carbon retention,Ensure soil testing before application.,9.96,2470.0
2025-02-24,27.9,51.1,30.2,84.7,Panicle Initiation,Potash,19.3,Potassium for stress tolerance,Maintain irrigation schedule to avoid fertilizer runoff.,9.89,3088.0
2025-03-27,32.8,36.2,30.8,91.4,Tillering,MOP,20.5,Potassium for stem and disease resistance,Prefer organic alternatives where possible.,9.82,2665.0
2025-09-23,24.4,46.9,33.9,75.8,Panicle Initiation,Seaweed Extract,10.5,Growth stimulant and micronutrients,Avoid chemical overuse; combine with compost.,9.39,2625.0
2025-10-21,32.7,53.2,34.2,87.0,Seedling,DAP,20.6,Phosphorus for root development,Avoid chemical overuse; combine with compost.,10.6,3090.0
2025-09-02,31.3,48.2,26.7,77.5,Flowering,Iron Chelate,7.4,Iron supply to prevent chlorosis,Prefer organic alternatives where possible.,9.44,3330.0
2025-12-26,32.3,38.2,30.7,85.7,Seedling,DAP,18.1,Phosphorus for root development,Prefer organic alternatives where possible.,9.81,2715.0
2025-05-17,30.2,56.4,35.6,88.8,Flowering,Iron Chelate,8.7,Iron supply to prevent chlorosis,Prefer organic alternatives where possible.,10.09,3915.0
2025-02-26,23.5,58.1,28.5,81.5,Tillering,MOP,22.8,Potassium for stem and disease resistance,Prefer organic alternatives where possible.,9.97,2964.0
2025-12-15,33.8,65.7,35.9,80.9,Flowering,Zinc Sulphate,10.7,Improves grain quality and resistance,Maintain irrigation schedule to avoid fertilizer runoff.,10.61,3210.0
2025-09-06,23.4,45.3,32.8,75.7,Tillering,Urea,36.9,Nitrogen boost for vegetative growth,Avoid chemical overuse; combine with compost.,9.76,4428.0
2025-10-27,33.6,45.5,32.8,64.4,Harvest,Organic Compost,13.4,Improves soil structure and moisture retention,Use split application to reduce leaching.,9.48,670.0
2025-06-08,29.6,62.8,35.8,71.2,Panicle Initiation,Seaweed Extract,9.4,Growth stimulant and micronutrients,Prefer organic alternatives where possible.,10.32,2350.0
2025-01-16,31.9,48.5,31.3,82.0,Flowering,MOP,23.6,Potassium for stem and disease resistance,Ensure soil testing before application.,10.14,3068.0
2025-07-09,24.8,56.5,26.8,71.1,Seedling,Calcium Nitrate,16.1,Calcium and nitrate supply for strong stems,Use split application to reduce leaching.,9.57,3220.0
2025-11-25,32.7,73.7,34.1,66.5,Panicle Initiation,Seaweed Extract,11.1,Growth stimulant and micronutrients,Prefer organic alternatives where possible.,10.8,2775.0
2025-01-03,33.4,39.8,34.5,79.2,Tillering,Compost Tea,20.3,Enhances microbial activity,Prefer organic alternatives where possible.,9.98,1624.0
2025-02-28,23.5,35.0,30.4,93.0,Seedling,Ammonium Sulphate,19.5,Nitrogen and sulphur supply,Prefer organic alternatives where possible.,9.2,2730.0
2025-11-13,25.1,65.0,31.9,81.3,Flowering,Copper Sulphate,6.7,Micronutrient for enzyme activation,Maintain irrigation schedule to avoid fertilizer runoff.,9.88,2680.0
2025-02-18,22.2,69.1,30.6,76.5,Harvest,Organic Compost,17.2,Improves soil structure and moisture retention,Avoid chemical overuse; combine with compost.,10.25,860.0
2025-04-08,28.3,46.1,27.2,81.5,Panicle Initiation,Urea,18.2,Nitrogen boost for vegetative growth,Maintain irrigation schedule to avoid fertilizer runoff.,9.69,2184.0
2025-04-10,27.3,53.3,34.3,65.7,Panicle Initiation,DAP,23.4,Phosphorus for root development,Maintain irrigation schedule to avoid fertilizer runoff.,9.82,3510.0
2025-12-11,24.2,51.9,30.3,60.6,Harvest,Phosphate Rock,17.6,Slow-release phosphorus,Ensure soil testing before application.,9.37,1584.0
2025-04-28,24.2,44.3,31.1,80.9,Flowering,Iron Chelate,8.3,Iron supply to prevent chlorosis,Ensure soil testing before application.,9.15,3735.0
2025-12-29,32.6,73.5,29.5,61.7,Tillering,Urea,36.9,Nitrogen boost for vegetative growth,Use split application to reduce leaching.,10.73,4428.0
2025-04-18,22.5,61.0,29.3,77.0,Harvest,Phosphate Rock,20.1,Slow-release phosphorus,Prefer organic alternatives where possible.,9.89,1809.0
2025-04-24,33.6,60.6,26.8,90.4,Panicle Initiation,Urea,18.3,Nitrogen boost for vegetative growth,Prefer organic alternatives where possible.,10.62,2196.0
2025-06-27,26.4,46.7,33.2,60.1,Panicle Initiation,Potash,19.0,Potassium for stress tolerance,Avoid chemical overuse; combine with compost.,9.4,3040.0
2025-12-21,27.9,56.5,29.7,81.7,Panicle Initiation,Urea,18.6,Nitrogen boost for vegetative growth,Avoid chemical overuse; combine with compost.,9.98,2232.0
2025-03-11,22.8,54.2,26.3,77.2,Flowering,Iron Chelate,7.8,Iron supply to prevent chlorosis,Avoid chemical overuse; combine with compost.,9.11,3510.0
2025-06-28,26.1,73.9,27.4,77.1,Seedling,Ammonium Sulphate,22.7,Nitrogen and sulphur supply,Maintain irrigation schedule to avoid fertilizer runoff.,10.65,3178.0
2025-10-17,30.7,39.8,26.7,63.8,Flowering,Iron Chelate,7.2,Iron supply to prevent chlorosis,Use split application to reduce leaching.,8.68,3240.0
2025-12-01,25.7,60.9,34.5,75.7,Harvest,Green Manure,18.9,Nitrogen enrichment from legumes,Ensure soil testing before application.,10.25,567.0
2025-08-30,23.1,26.7,26.4,64.8,Flowering,Copper Sulphate,6.2,Micronutrient for enzyme activation,Prefer organic alternatives where possible.,8.07,2480.0
2025-06-12,28.4,64.9,33.2,79.6,Panicle Initiation,Potash,21.7,Potassium for stress tolerance,Use split application to reduce leaching.,10.53,3472.0
2025-02-06,31.1,50.7,31.2,71.6,Panicle Initiation,Humic Acid,13.3,Soil conditioner and nutrient uptake,Prefer organic alternatives where possible.,9.73,2926.0
2025-07-29,26.4,72.6,32.6,69.9,Flowering,Zinc Sulphate,9.4,Improves grain quality and resistance,Ensure soil testing before application.,10.41,2820.0
2025-02-24,23.4,27.8,31.5,74.7,Seedling,Urea,28.2,Nitrogen boost for vegetative growth,Avoid chemical overuse; combine with compost.,8.93,3384.0
2025-01-14,32.4,49.8,29.8,64.4,Panicle Initiation,Humic Acid,15.6,Soil conditioner and nutrient uptake,Use split application to reduce leaching.,9.78,3432.0
2025-02-10,24.9,62.0,34.4,85.4,Seedling,Calcium Nitrate,19.2,Calcium and nitrate supply for strong stems,Use split application to reduce leaching.,10.17,3840.0
2025-07-10,25.3,54.3,30.4,62.9,Seedling,Magnesium Sulphate,14.0,Magnesium for chlorophyll synthesis,Use split application to reduce leaching.,9.34,2520.0
2025-12-01,27.4,49.8,29.5,67.2,Tillering,MOP,17.9,Potassium for stem and disease resistance,Avoid chemical overuse; combine with compost.,9.27,2327.0
2025-12-15,29.7,68.6,33.3,73.3,Tillering,MOP,20.7,Potassium for stem and disease resistance,Use split application to reduce leaching.,10.47,2691.0
2025-01-13,31.3,49.5,30.9,92.0,Tillering,MOP,17.6,Potassium for stem and disease resistance,Use split application to reduce leaching.,10.16,2288.0
2025-08-04,28.9,66.6,33.6,94.6,Flowering,Zinc Sulphate,10.6,Improves grain quality and resistance,Maintain irrigation schedule to avoid fertilizer runoff.,10.67,3180.0
2025-04-15,29.3,49.9,34.2,76.0,Flowering,Boron,5.0,Micronutrient for flower formation,Use split application to reduce leaching.,9.49,2500.0
2025-12-19,31.6,53.5,35.7,62.7,Flowering,Iron Chelate,8.0,Iron supply to prevent chlorosis,Prefer organic alternatives where possible.,9.65,3600.0
2025-05-02,22.1,40.8,30.8,73.2,Tillering,Organic Compost,31.1,Improves soil structure and moisture retention,Prefer organic alternatives where possible.,9.34,1555.0
2025-05-23,25.3,70.9,30.8,83.9,Flowering,Iron Chelate,7.5,Iron supply to prevent chlorosis,Use split application to reduce leaching.,10.49,3375.0
2025-04-11,33.5,52.3,34.5,87.1,Flowering,Iron Chelate,8.1,Iron supply to prevent chlorosis,Use split application to reduce leaching.,10.13,3645.0
2025-04-26,26.5,42.6,34.1,67.1,Panicle Initiation,DAP,22.7,Phosphorus for root development,Use split application to reduce leaching.,9.27,3405.0
2025-08-16,25.3,55.2,34.6,76.8,Tillering,Compost Tea,17.1,Enhances microbial activity,Use split application to reduce leaching.,9.81,1368.0
2025-11-13,30.3,74.1,27.6,63.4,Panicle Initiation,Humic Acid,14.0,Soil conditioner and nutrient uptake,Prefer organic alternatives where possible.,10.36,3080.0
2025-01-04,31.9,37.2,34.7,64.9,Panicle Initiation,Potash,23.9,Potassium for stress tolerance,Maintain irrigation schedule to avoid fertilizer runoff.,9.52,3824.0
2025-07-17,31.0,58.6,35.8,75.8,Seedling,DAP,17.3,Phosphorus for root development,Use split application to reduce leaching.,10.3,2595.0
2025-11-21,27.9,40.6,31.1,89.2,Tillering,Biochar,25.1,Improves soil fertility and carbon retention,Maintain irrigation schedule to avoid fertilizer runoff.,9.64,2510.0
2025-08-03,22.5,74.6,29.9,78.3,Panicle Initiation,DAP,24.6,Phosphorus for root development,Avoid chemical overuse; combine with compost.,10.61,3690.0
2025-03-01,26.5,28.0,27.4,85.1,Harvest,Organic Compost,13.1,Improves soil structure and moisture retention,Prefer organic alternatives where possible.,8.81,655.0
2025-07-31,31.6,35.0,34.1,72.5,Flowering,Iron Chelate,7.5,Iron supply to prevent chlorosis,Avoid chemical overuse; combine with compost.,9.23,3375.0
2025-09-03,25.0,72.2,28.6,84.1,Tillering,Urea,32.8,Nitrogen boost for vegetative growth,Prefer organic alternatives where possible.,10.65,3936.0
2025-04-05,33.8,73.1,35.9,77.2,Flowering,Boron,5.6,Micronutrient for flower formation,Ensure soil testing before application.,11.0,2800.0
2025-06-15,28.6,61.0,29.5,75.6,Tillering,MOP,20.3,Potassium for stem and disease resistance,Maintain irrigation schedule to avoid fertilizer runoff.,10.2,2639.0
2025-10-14,27.7,69.7,35.8,86.2,Tillering,Biochar,21.8,Improves soil fertility and carbon retention,Ensure soil testing before application.,10.89,2180.0
2025-12-04,32.9,39.3,32.4,78.0,Seedling,Magnesium Sulphate,16.9,Magnesium for chlorophyll synthesis,Prefer organic alternatives where possible.,9.49,3042.0
2025-03-15,22.0,66.4,26.3,65.9,Seedling,Magnesium Sulphate,13.1,Magnesium for chlorophyll synthesis,Avoid chemical overuse; combine with compost.,9.63,2358.0
2025-03-01,26.7,42.8,33.4,86.4,Flowering,Boron,5.4,Micronutrient for flower formation,Prefer organic alternatives where possible.,9.39,2700.0
2025-09-06,27.4,38.3,34.1,79.8,Harvest,Organic Compost,13.2,Improves soil structure and moisture retention,Maintain irrigation schedule to avoid fertilizer runoff.,9.29,660.0
2025-08-28,31.2,42.3,35.2,80.1,Tillering,MOP,18.5,Potassium for stem and disease resistance,Prefer organic alternatives where possible.,9.71,2405.0
2025-11-30,33.3,51.2,29.1,94.5,Tillering,Biochar,22.1,Improves soil fertility and carbon retention,Maintain irrigation schedule to avoid fertilizer runoff.,10.35,2210.0
2025-09-29,29.6,54.2,35.5,76.0,Panicle Initiation,Seaweed Extract,9.8,Growth stimulant and micronutrients,Avoid chemical overuse; combine with compost.,9.78,2450.0
2025-01-14,31.1,29.6,30.5,62.0,Harvest,Green Manure,22.1,Nitrogen enrichment from legumes,Maintain irrigation schedule to avoid fertilizer runoff.,8.72,663.0
2025-08-27,26.3,44.5,33.3,89.3,Seedling,Magnesium Sulphate,13.9,Magnesium for chlorophyll synthesis,Ensure soil testing before application.,9.54,2502.0
2025-10-11,31.3,63.7,28.5,85.4,Flowering,Zinc Sulphate,10.3,Improves grain quality and resistance,Prefer organic alternatives where possible.,10.26,3090.0
2025-05-31,28.2,60.6,30.7,81.2,Panicle Initiation,DAP,24.0,Phosphorus for root development,Ensure soil testing before application.,10.46,3600.0
2025-03-23,26.0,27.8,32.8,79.4,Seedling,DAP,21.6,Phosphorus for root development,Maintain irrigation schedule to avoid fertilizer runoff.,8.98,3240.0
2025-06-14,26.8,27.5,27.4,63.4,Seedling,DAP,20.2,Phosphorus for root development,Prefer organic alternatives where possible.,8.43,3030.0
2025-09-13,22.4,40.3,30.0,82.9,Harvest,Phosphate Rock,20.7,Slow-release phosphorus,Avoid chemical overuse; combine with compost.,9.37,1863.0
2025-02-04,25.8,48.7,27.3,77.3,Seedling,Urea,23.8,Nitrogen boost for vegetative growth,Ensure soil testing before application.,9.62,2856.0
2025-01-03,31.6,29.6,31.0,72.6,Flowering,MOP,21.8,Potassium for stem and disease resistance,Use split application to reduce leaching.,9.28,2834.0
2025-08-24,31.8,32.2,28.8,80.2,Flowering,Zinc Sulphate,10.6,Improves grain quality and resistance,Use split application to reduce leaching.,9.21,3180.0
2025-10-06,33.3,54.5,35.5,68.2,Tillering,Urea,32.5,Nitrogen boost for vegetative growth,Use split application to reduce leaching.,10.58,3900.0
2025-06-05,30.3,58.7,28.3,69.0,Seedling,Magnesium Sulphate,13.5,Magnesium for chlorophyll synthesis,Maintain irrigation schedule to avoid fertilizer runoff.,9.89,2430.0
2025-02-10,22.6,53.4,34.7,71.4,Panicle Initiation,DAP,25.9,Phosphorus for root development,Maintain irrigation schedule to avoid fertilizer runoff.,9.88,3885.0
2025-09-30,27.2,73.5,28.7,72.4,Panicle Initiation,Humic Acid,14.1,Soil conditioner and nutrient uptake,Prefer organic alternatives where possible.,10.58,3102.0
2025-09-10,33.0,35.3,30.3,76.8,Tillering,Compost Tea,21.1,Enhances microbial activity,Avoid chemical overuse; combine with compost.,9.52,1688.0
2025-11-17,31.0,70.1,32.6,90.3,Tillering,Organic Compost,25.7,Improves soil structure and moisture retention,Maintain irrigation schedule to avoid fertilizer runoff.,11.13,1285.0
2025-11-21,32.7,58.4,31.7,65.2,Seedling,DAP,18.9,Phosphorus for root development,Use split application to reduce leaching.,10.27,2835.0
2025-06-28,26.4,59.4,32.2,70.6,Seedling,DAP,19.1,Phosphorus for root development,Avoid chemical overuse; combine with compost.,10.09,2865.0
2025-10-21,24.3,71.2,34.3,64.0,Tillering,Compost Tea,22.7,Enhances microbial activity,Ensure soil testing before application.,10.44,1816.0
2025-05-05,32.1,68.8,33.0,70.2,Seedling,DAP,20.5,Phosphorus for root development,Prefer organic alternatives where possible.,10.55,3075.0
2025-04-05,22.9,25.2,34.8,89.4,Harvest,Green Manure,21.4,Nitrogen enrichment from legumes,Use split application to reduce leaching.,9.04,642.0
2025-01-20,30.2,68.5,29.3,65.5,Panicle Initiation,Urea,18.5,Nitrogen boost for vegetative growth,Avoid chemical overuse; combine with compost.,10.45,2220.0
2025-02-25,22.3,44.6,34.4,75.2,Flowering,Zinc Sulphate,8.5,Improves grain quality and resistance,Use split application to reduce leaching.,9.06,2550.0
2025-11-24,32.9,68.2,29.3,90.5,Panicle Initiation,Seaweed Extract,9.0,Growth stimulant and micronutrients,Ensure soil testing before application.,10.76,2250.0
2025-02-03,32.0,45.6,35.3,80.0,Harvest,Phosphate Rock,18.9,Slow-release phosphorus,Use split application to reduce leaching.,9.8,1701.0
2025-12-04,26.5,73.6,26.0,90.9,Tillering,Compost Tea,20.2,Enhances microbial activity,Ensure soil testing before application.,10.81,1616.0
2025-09-07,29.8,26.7,35.3,68.1,Harvest,Green Manure,20.8,Nitrogen enrichment from legumes,Use split application to reduce leaching.,8.89,624.0
2025-10-18,25.2,44.5,32.5,63.4,Tillering,Organic Compost,27.0,Improves soil structure and moisture retention,Use split application to reduce leaching.,9.14,1350.0
2025-11-24,25.2,46.0,28.5,77.8,Tillering,Biochar,22.1,Improves soil fertility and carbon retention,Avoid chemical overuse; combine with compost.,9.34,2210.0
2025-01-14,28.4,55.6,27.3,94.5,Seedling,Urea,23.4,Nitrogen boost for vegetative growth,Use split application to reduce leaching.,10.15,2808.0
2025-04-24,28.7,51.4,28.4,85.8,Tillering,MOP,20.6,Potassium for stem and disease resistance,Avoid chemical overuse; combine with compost.,9.9,2678.0
2025-02-13,29.0,48.4,27.3,80.0,Tillering,Biochar,21.6,Improves soil fertility and carbon retention,Prefer organic alternatives where possible.,9.74,2160.0
2025-06-25,23.1,61.9,34.1,66.7,Flowering,Copper Sulphate,7.2,Micronutrient for enzyme activation,Use split application to reduce leaching.,9.51,2880.0
2025-03-05,27.5,30.4,31.0,70.1,Flowering,Boron,4.6,Micronutrient for flower formation,Use split application to reduce leaching.,8.69,2300.0
2025-03-24,33.7,47.8,26.6,91.6,Seedling,Ammonium Sulphate,20.9,Nitrogen and sulphur supply,Use split application to reduce leaching.,9.98,2926.0
2025-12-15,24.4,54.1,33.5,78.0,Seedling,DAP,20.1,Phosphorus for root development,Use split application to reduce leaching.,9.83,3015.0
2025-10-15,29.3,67.8,33.1,63.5,Tillering,Biochar,28.0,Improves soil fertility and carbon retention,Use split application to reduce leaching.,10.4,2800.0
2025-05-25,33.3,48.0,33.1,86.4,Flowering,Boron,4.6,Micronutrient for flower formation,Avoid chemical overuse; combine with compost.,9.92,2300.0
2025-01-06,23.3,64.4,31.3,71.1,Tillering,MOP,19.5,Potassium for stem and disease resistance,Maintain irrigation schedule to avoid fertilizer runoff.,10.01,2535.0
2025-03-09,32.1,53.2,32.0,77.3,Panicle Initiation,DAP,27.9,Phosphorus for root development,Use split application to reduce leaching.,10.17,4185.0
2025-10-31,28.4,42.2,26.2,62.5,Panicle Initiation,DAP,21.6,Phosphorus for root development,Prefer organic alternatives where possible.,8.88,3240.0
2025-02-08,29.1,72.4,32.2,84.5,Seedling,DAP,17.1,Phosphorus for root development,Ensure soil testing before application.,10.89,2565.0
2025-10-26,25.6,38.8,27.1,71.1,Tillering,Urea,34.5,Nitrogen boost for vegetative growth,Use split application to reduce leaching.,9.22,4140.0
2025-06-22,31.9,44.9,29.9,91.5,Flowering,Iron Chelate,8.2,Iron supply to prevent chlorosis,Maintain irrigation schedule to avoid fertilizer runoff.,9.96,3690.0
2025-02-21,32.0,56.5,35.5,60.2,Tillering,Urea,30.2,Nitrogen boost for vegetative growth,Prefer organic alternatives where possible.,10.26,3624.0
2025-08-15,23.8,62.5,27.8,72.1,Panicle Initiation,Urea,17.9,Nitrogen boost for vegetative growth,Use split application to reduce leaching.,9.79,2148.0
2025-10-15,31.5,46.0,30.2,87.8,Seedling,Magnesium Sulphate,16.7,Magnesium for chlorophyll synthesis,Prefer organic alternatives where possible.,10.07,3006.0
2025-03-22,22.4,41.1,30.9,83.9,Tillering,Compost Tea,18.8,Enhances microbial activity,Avoid chemical overuse; combine with compost.,9.27,1504.0
2025-11-24,29.2,63.0,28.1,69.1,Seedling,Ammonium Sulphate,18.8,Nitrogen and sulphur supply,Avoid chemical overuse; combine with compost.,10.17,2632.0
2025-07-24,31.4,25.2,29.5,92.9,Harvest,Green Manure,22.6,Nitrogen enrichment from legumes,Use split application to reduce leaching.,9.34,678.0
2025-01-07,28.2,43.5,27.0,66.2,Tillering,Compost Tea,22.2,Enhances microbial activity,Use split application to reduce leaching.,9.31,1776.0
2025-08-31,27.1,25.2,27.8,65.9,Panicle Initiation,Seaweed Extract,10.6,Growth stimulant and micronutrients,Ensure soil testing before application.,8.08,2650.0
2025-09-14,31.7,36.9,29.0,68.9,Seedling,Ammonium Sulphate,22.0,Nitrogen and sulphur supply,Prefer organic alternatives where possible.,9.27,3080.0
2025-02-07,29.0,66.8,26.7,65.0,Panicle Initiation,Humic Acid,13.2,Soil conditioner and nutrient uptake,Maintain irrigation schedule to avoid fertilizer runoff.,10.09,2904.0
2025-05-28,29.4,74.8,34.6,86.0,Panicle Initiation,Seaweed Extract,10.7,Growth stimulant and micronutrients,Ensure soil testing before application.,10.93,2675.0
2025-03-04,22.7,41.3,33.2,78.3,Tillering,Urea,34.5,Nitrogen boost for vegetative growth,Use split application to reduce leaching.,9.61,4140.0
2025-12-17,33.6,28.5,27.0,66.5,Harvest,Phosphate Rock,18.2,Slow-release phosphorus,Ensure soil testing before application.,8.81,1638.0
2025-01-03,22.1,34.5,35.6,71.7,Tillering,Urea,37.9,Nitrogen boost for vegetative growth,Maintain irrigation schedule to avoid fertilizer runoff.,9.14,4548.0
2025-04-01,32.0,45.6,34.6,71.1,Tillering,MOP,17.3,Potassium for stem and disease resistance,Avoid chemical overuse; combine with compost.,9.55,2249.0
2025-06-07,33.1,29.1,30.2,81.9,Seedling,Urea,21.7,Nitrogen boost for vegetative growth,Use split application to reduce leaching.,9.27,2604.0
2025-06-04,26.6,69.5,32.0,66.7,Flowering,MOP,25.4,Potassium for stem and disease resistance,Use split application to reduce leaching.,10.53,3302.0
2025-04-02,26.6,59.7,28.4,68.5,Tillering,MOP,19.3,Potassium for stem and disease resistance,Ensure soil testing before application.,9.77,2509.0
2025-07-09,27.0,49.4,30.6,73.1,Seedling,Calcium Nitrate,16.0,Calcium and nitrate supply for strong stems,Avoid chemical overuse; combine with compost.,9.44,3200.0
2025-11-23,27.3,30.4,29.6,80.5,Flowering,MOP,23.8,Potassium for stem and disease resistance,Ensure soil testing before application.,9.1,3094.0
2025-05-01,32.8,53.2,35.9,61.6,Tillering,Organic Compost,29.1,Improves soil structure and moisture retention,Maintain irrigation schedule to avoid fertilizer runoff.,10.29,1455.0
2025-08-07,28.6,32.2,30.0,90.9,Seedling,DAP,18.7,Phosphorus for root development,Use split application to reduce leaching.,9.34,2805.0
2025-11-28,33.7,57.5,26.7,92.0,Tillering,Organic Compost,32.7,Improves soil structure and moisture retention,Avoid chemical overuse; combine with compost.,10.75,1635.0
2025-12-22,33.4,69.0,26.2,74.6,Panicle Initiation,Urea,20.4,Nitrogen boost for vegetative growth,Use split application to reduce leaching.,10.57,2448.0
2025-12-08,22.8,46.9,31.7,88.2,Harvest,Organic Compost,14.1,Improves soil structure and moisture retention,Prefer organic alternatives where possible.,9.44,705.0
2025-01-26,27.1,27.2,27.6,82.1,Flowering,Zinc Sulphate,10.6,Improves grain quality and resistance,Ensure soil testing before application.,8.81,3180.0
2025-05-24,33.9,47.4,32.8,93.9,Panicle Initiation,Potash,21.1,Potassium for stress tolerance,Maintain irrigation schedule to avoid fertilizer runoff.,10.56,3376.0
2025-08-28,24.0,73.4,26.5,89.6,Panicle Initiation,Potash,18.9,Potassium for stress tolerance,Maintain irrigation schedule to avoid fertilizer runoff.,10.52,3024.0
2025-05-14,22.1,54.0,33.2,82.3,Seedling,Magnesium Sulphate,14.5,Magnesium for chlorophyll synthesis,Avoid chemical overuse; combine with compost.,9.62,2610.0
2025-02-13,26.1,41.6,34.0,74.8,Tillering,Compost Tea,18.7,Enhances microbial activity,Prefer organic alternatives where possible.,9.33,1496.0
2025-06-29,23.0,40.7,29.5,85.3,Seedling,Magnesium Sulphate,15.2,Magnesium for chlorophyll synthesis,Prefer organic alternatives where possible.,9.21,2736.0
2025-06-07,24.6,38.3,29.9,90.6,Panicle Initiation,Potash,20.5,Potassium for stress tolerance,Ensure soil testing before application.,9.4,3280.0
2025-04-07,23.6,29.8,29.2,73.0,Flowering,Iron Chelate,8.5,Iron supply to prevent chlorosis,Maintain irrigation schedule to avoid fertilizer runoff.,8.29,3825.0
2025-04-27,27.1,60.2,34.3,75.7,Seedling,Ammonium Sulphate,20.4,Nitrogen and sulphur supply,Use split application to reduce leaching.,10.12,2856.0
2025-08-19,29.2,55.4,29.2,78.0,Panicle Initiation,Seaweed Extract,8.7,Growth stimulant and micronutrients,Maintain irrigation schedule to avoid fertilizer runoff.,9.88,2175.0
2025-09-26,29.8,62.9,34.6,66.5,Flowering,Copper Sulphate,6.4,Micronutrient for enzyme activation,Ensure soil testing before application.,10.18,2560.0
2025-02-21,31.2,27.8,33.8,67.8,Panicle Initiation,Potash,19.2,Potassium for stress tolerance,Avoid chemical overuse; combine with compost.,9.08,3072.0
2025-01-09,25.6,57.0,30.9,94.9,Seedling,Magnesium Sulphate,13.1,Magnesium for chlorophyll synthesis,Maintain irrigation schedule to avoid fertilizer runoff.,10.15,2358.0
2025-07-19,24.2,71.1,34.9,65.5,Harvest,Green Manure,18.2,Nitrogen enrichment from legumes,Prefer organic alternatives where possible.,10.28,546.0
2025-08-30,27.8,57.2,27.4,68.5,Panicle Initiation,Seaweed Extract,11.5,Growth stimulant and micronutrients,Maintain irrigation schedule to avoid fertilizer runoff.,9.73,2875.0
2025-11-12,31.2,36.5,35.8,93.2,Panicle Initiation,DAP,23.2,Phosphorus for root development,Prefer organic alternatives where possible.,9.94,3480.0
2025-06-14,25.6,29.6,35.2,77.5,Harvest,Organic Compost,14.5,Improves soil structure and moisture retention,Maintain irrigation schedule to avoid fertilizer runoff.,8.69,725.0
2025-09-16,26.6,26.6,26.2,70.2,Seedling,Calcium Nitrate,19.8,Calcium and nitrate supply for strong stems,Prefer organic alternatives where possible.,8.53,3960.0
2025-12-24,31.2,56.4,35.2,75.5,Harvest,Phosphate Rock,20.0,Slow-release phosphorus,Prefer organic alternatives where possible.,10.08,1800.0
2025-02-18,30.3,28.4,30.9,77.8,Panicle Initiation,Humic Acid,12.8,Soil conditioner and nutrient uptake,Avoid chemical overuse; combine with compost.,8.8,2816.0
2025-11-13,33.2,71.9,29.8,60.1,Seedling,Ammonium Sulphate,23.0,Nitrogen and sulphur supply,Avoid chemical overuse; combine with compost.,10.66,3220.0
2025-11-17,28.1,28.4,26.7,88.5,Panicle Initiation,Potash,22.2,Potassium for stress tolerance,Ensure soil testing before application.,9.11,3552.0
2025-12-16,31.8,48.1,29.7,78.2,Panicle Initiation,Urea,17.5,Nitrogen boost for vegetative growth,Maintain irrigation schedule to avoid fertilizer runoff.,9.99,2100.0
2025-11-09,24.7,25.9,26.1,77.2,Panicle Initiation,DAP,26.8,Phosphorus for root development,Ensure soil testing before application.,8.61,4020.0
2025-10-10,24.6,49.4,33.5,81.8,Harvest,Phosphate Rock,20.2,Slow-release phosphorus,Use split application to reduce leaching.,9.57,1818.0
2025-09-07,32.1,62.0,34.6,94.7,Seedling,Urea,21.4,Nitrogen boost for vegetative growth,Maintain irrigation schedule to avoid fertilizer runoff.,11.14,2568.0
2025-10-05,24.5,32.3,32.5,84.6,Flowering,Boron,5.3,Micronutrient for flower formation,Prefer organic alternatives where possible.,8.97,2650.0
2025-12-22,32.2,28.6,30.0,68.8,Seedling,Calcium Nitrate,18.5,Calcium and nitrate supply for strong stems,Ensure soil testing before application.,8.78,3700.0
2025-11-11,25.2,49.4,32.7,72.5,Flowering,MOP,23.5,Potassium for stem and disease resistance,Use split application to reduce leaching.,9.71,3055.0
2025-08-20,33.0,51.4,33.1,63.1,Flowering,Zinc Sulphate,10.1,Improves grain quality and resistance,Prefer organic alternatives where possible.,9.7,3030.0
2025-11-28,30.8,33.8,28.4,89.2,Tillering,Organic Compost,31.4,Improves soil structure and moisture retention,Avoid chemical overuse; combine with compost.,9.47,1570.0
2025-05-17,23.0,40.3,32.2,60.5,Panicle Initiation,DAP,22.1,Phosphorus for root development,Ensure soil testing before application.,8.92,3315.0
2025-07-12,22.9,26.3,29.4,69.7,Panicle Initiation,Humic Acid,15.9,Soil conditioner and nutrient uptake,Ensure soil testing before application.,8.19,3498.0
2025-03-24,32.1,32.3,35.5,86.8,Seedling,Magnesium Sulphate,14.1,Magnesium for chlorophyll synthesis,Prefer organic alternatives where possible.,9.6,2538.0
2025-01-03,30.9,65.2,33.8,84.5,Tillering,MOP,17.4,Potassium for stem and disease resistance,Ensure soil testing before application.,10.72,2262.0
2025-07-28,33.8,48.7,28.3,76.1,Panicle Initiation,Humic Acid,13.1,Soil conditioner and nutrient uptake,Use split application to reduce leaching.,9.62,2882.0
2025-06-03,32.8,36.4,32.0,64.2,Tillering,Compost Tea,18.0,Enhances microbial activity,Avoid chemical overuse; combine with compost.,9.25,1440.0
2025-12-27,22.5,60.2,34.4,84.8,Panicle Initiation,DAP,27.9,Phosphorus for root development,Prefer organic alternatives where possible.,10.49,4185.0
2025-03-08,27.2,32.8,30.2,81.7,Harvest,Organic Compost,13.7,Improves soil structure and moisture retention,Maintain irrigation schedule to avoid fertilizer runoff.,8.95,685.0
2025-05-03,23.8,57.3,30.0,75.9,Flowering,Zinc Sulphate,9.9,Improves grain quality and resistance,Use split application to reduce leaching.,9.61,2970.0
2025-07-05,24.6,33.6,28.8,86.3,Flowering,Copper Sulphate,7.9,Micronutrient for enzyme activation,Ensure soil testing before application.,8.82,3160.0
2025-12-07,27.3,61.5,31.6,68.5,Panicle Initiation,Potash,23.8,Potassium for stress tolerance,Ensure soil testing before application.,10.24,3808.0
2025-02-04,22.5,26.7,28.6,80.2,Panicle Initiation,Humic Acid,14.7,Soil conditioner and nutrient uptake,Maintain irrigation schedule to avoid fertilizer runoff.,8.64,3234.0
2025-09-27,32.5,74.2,30.2,84.2,Flowering,Zinc Sulphate,10.5,Improves grain quality and resistance,Use split application to reduce leaching.,10.8,3150.0
2025-08-13,30.7,60.2,35.5,84.7,Panicle Initiation,DAP,24.2,Phosphorus for root development,Maintain irrigation schedule to avoid fertilizer runoff.,10.68,3630.0
2025-03-09,26.0,28.2,33.6,74.9,Harvest,Organic Compost,13.6,Improves soil structure and moisture retention,Use split application to reduce leaching.,8.85,680.0
2025-01-25,27.9,48.3,34.4,91.6,Harvest,Phosphate Rock,16.1,Slow-release phosphorus,Ensure soil testing before application.,9.87,1449.0
2025-12-10,25.9,56.6,34.4,78.3,Harvest,Phosphate Rock,20.3,Slow-release phosphorus,Prefer organic alternatives where possible.,9.88,1827.0
2025-12-03,25.6,28.2,26.3,63.0,Panicle Initiation,Humic Acid,15.6,Soil conditioner and nutrient uptake,Avoid chemical overuse; combine with compost.,8.1,3432.0
2025-10-19,32.5,49.3,34.1,74.0,Panicle Initiation,Urea,21.9,Nitrogen boost for vegetative growth,Ensure soil testing before application.,9.93,2628.0
2025-10-25,25.0,68.4,34.5,81.4,Panicle Initiation,Seaweed Extract,8.9,Growth stimulant and micronutrients,Maintain irrigation schedule to avoid fertilizer runoff.,10.38,2225.0
2025-09-17,26.4,29.4,26.3,61.6,Harvest,Green Manure,17.2,Nitrogen enrichment from legumes,Ensure soil testing before application.,8.32,516.0
2025-09-16,32.8,50.2,33.9,91.1,Tillering,Biochar,27.6,Improves soil fertility and carbon retention,Avoid chemical overuse; combine with compost.,10.41,2760.0
2025-08-25,23.3,30.0,26.8,83.6,Flowering,MOP,22.5,Potassium for stem and disease resistance,Ensure soil testing before application.,8.92,2925.0
2025-09-14,24.6,64.3,34.4,60.7,Flowering,Iron Chelate,7.7,Iron supply to prevent chlorosis,Avoid chemical overuse; combine with compost.,9.67,3465.0
2025-07-04,31.1,74.9,31.5,66.0,Flowering,Boron,5.7,Micronutrient for flower formation,Ensure soil testing before application.,10.54,2850.0
2025-04-24,30.4,38.7,34.5,88.0,Seedling,Calcium Nitrate,16.4,Calcium and nitrate supply for strong stems,Ensure soil testing before application.,9.86,3280.0
2025-10-14,25.1,60.5,30.5,64.0,Seedling,Magnesium Sulphate,15.3,Magnesium for chlorophyll synthesis,Prefer organic alternatives where possible.,9.76,2754.0
2025-11-06,28.4,58.5,31.3,70.3,Panicle Initiation,DAP,22.5,Phosphorus for root development,Avoid chemical overuse; combine with compost.,10.23,3375.0
2025-01-13,23.9,28.6,34.3,74.9,Flowering,Iron Chelate,6.9,Iron supply to prevent chlorosis,Use split application to reduce leaching.,8.69,3105.0
2025-12-18,23.5,33.2,31.4,84.3,Seedling,Magnesium Sulphate,17.0,Magnesium for chlorophyll synthesis,Use split application to reduce leaching.,9.01,3060.0
2025-08-05,33.4,59.3,28.8,70.3,Flowering,Copper Sulphate,7.3,Micronutrient for enzyme activation,Ensure soil testing before application.,9.77,2920.0
2025-04-28,27.4,46.2,34.8,86.4,Seedling,DAP,22.0,Phosphorus for root development,Ensure soil testing before application.,9.96,3300.0
2025-09-30,29.6,30.7,31.3,76.6,Seedling,Ammonium Sulphate,23.0,Nitrogen and sulphur supply,Ensure soil testing before application.,9.18,3220.0
2025-08-17,23.1,35.5,31.9,76.7,Panicle Initiation,DAP,21.8,Phosphorus for root development,Use split application to reduce leaching.,8.81,3270.0
2025-05-06,31.5,40.5,35.7,71.0,Panicle Initiation,DAP,28.1,Phosphorus for root development,Use split application to reduce leaching.,9.77,4215.0
2025-12-29,27.0,48.9,28.2,94.2,Seedling,Ammonium Sulphate,19.1,Nitrogen and sulphur supply,Ensure soil testing before application.,9.73,2674.0
2025-01-23,28.1,59.2,33.0,78.7,Flowering,Boron,4.5,Micronutrient for flower formation,Prefer organic alternatives where possible.,10.09,2250.0
2025-07-13,28.9,59.2,35.5,93.6,Tillering,Biochar,27.3,Improves soil fertility and carbon retention,Ensure soil testing before application.,10.87,2730.0
2025-12-24,23.9,46.1,26.6,90.5,Harvest,Green Manure,22.3,Nitrogen enrichment from legumes,Maintain irrigation schedule to avoid fertilizer runoff.,9.44,669.0
2025-11-21,30.6,43.5,31.1,83.5,Panicle Initiation,DAP,22.5,Phosphorus for root development,Avoid chemical overuse; combine with compost.,9.76,3375.0
2025-01-04,22.9,36.7,29.2,66.5,Flowering,MOP,26.9,Potassium for stem and disease resistance,Use split application to reduce leaching.,8.7,3497.0
2025-01-10,33.4,62.4,26.8,72.7,Panicle Initiation,DAP,22.0,Phosphorus for root development,Ensure soil testing before application.,10.28,3300.0
2025-02-18,23.5,45.7,35.4,65.6,Panicle Initiation,Humic Acid,13.3,Soil conditioner and nutrient uptake,Ensure soil testing before application.,9.34,2926.0
2025-07-03,26.0,58.5,35.6,80.4,Harvest,Organic Compost,15.5,Improves soil structure and moisture retention,Ensure soil testing before application.,10.02,775.0
2025-12-31,30.2,48.1,31.4,66.2,Flowering,Copper Sulphate,6.2,Micronutrient for enzyme activation,Use split application to reduce leaching.,9.39,2480.0
2025-01-19,22.3,52.2,27.0,60.5,Seedling,Urea,25.9,Nitrogen boost for vegetative growth,Avoid chemical overuse; combine with compost.,9.11,3108.0
2025-05-01,32.2,34.2,32.8,88.4,Tillering,Organic Compost,26.2,Improves soil structure and moisture retention,Use split application to reduce leaching.,9.86,1310.0
2025-11-26,32.2,59.6,31.9,76.3,Flowering,Copper Sulphate,6.7,Micronutrient for enzyme activation,Ensure soil testing before application.,10.14,2680.0
2025-09-21,23.3,49.6,32.4,78.9,Tillering,Compost Tea,21.6,Enhances microbial activity,Maintain irrigation schedule to avoid fertilizer runoff.,9.82,1728.0
2025-11-18,24.6,32.2,26.4,60.6,Panicle Initiation,Humic Acid,13.3,Soil conditioner and nutrient uptake,Avoid chemical overuse; combine with compost.,8.35,2926.0
2025-04-08,30.1,52.4,30.4,93.0,Flowering,Zinc Sulphate,10.5,Improves grain quality and resistance,Maintain irrigation schedule to avoid fertilizer runoff.,9.96,3150.0
2025-08-31,31.0,61.1,34.7,83.0,Seedling,Calcium Nitrate,16.2,Calcium and nitrate supply for strong stems,Prefer organic alternatives where possible.,10.34,3240.0
2025-10-08,33.2,74.2,28.0,93.3,Tillering,Compost Tea,20.9,Enhances microbial activity,Ensure soil testing before application.,11.3,1672.0
2025-09-18,25.7,61.4,35.4,61.1,Seedling,Ammonium Sulphate,25.1,Nitrogen and sulphur supply,Avoid chemical overuse; combine with compost.,10.1,3514.0
2025-04-28,23.3,61.7,35.6,87.0,Harvest,Organic Compost,14.3,Improves soil structure and moisture retention,Maintain irrigation schedule to avoid fertilizer runoff.,10.15,715.0
2025-08-18,28.3,70.9,31.0,69.0,Panicle Initiation,DAP,24.6,Phosphorus for root development,Ensure soil testing before application.,10.6,3690.0
2025-09-11,28.6,57.6,34.0,90.5,Seedling,DAP,22.2,Phosphorus for root development,Prefer organic alternatives where possible.,10.36,3330.0
2025-12-22,27.2,61.8,28.2,64.6,Harvest,Phosphate Rock,16.0,Slow-release phosphorus,Maintain irrigation schedule to avoid fertilizer runoff.,9.65,1440.0
2025-04-22,25.8,52.8,27.9,69.1,Seedling,Calcium Nitrate,15.7,Calcium and nitrate supply for strong stems,Ensure soil testing before application.,9.24,3140.0
2025-07-02,22.4,43.7,30.8,73.0,Panicle Initiation,Urea,20.1,Nitrogen boost for vegetative growth,Avoid chemical overuse; combine with compost.,9.27,2412.0
2025-04-21,22.3,72.4,34.8,74.8,Flowering,Boron,4.5,Micronutrient for flower formation,Maintain irrigation schedule to avoid fertilizer runoff.,10.12,2250.0
2025-12-22,28.7,26.0,32.3,76.7,Tillering,Urea,32.5,Nitrogen boost for vegetative growth,Prefer organic alternatives where possible.,9.22,3900.0
2025-01-05,27.0,40.0,34.4,71.8,Seedling,DAP,19.5,Phosphorus for root development,Prefer organic alternatives where possible.,9.34,2925.0
2025-02-22,30.5,72.6,28.6,73.0,Seedling,Ammonium Sulphate,23.3,Nitrogen and sulphur supply,Use split application to reduce leaching.,10.73,3262.0
2025-10-17,28.2,41.9,30.9,69.1,Tillering,MOP,22.0,Potassium for stem and disease resistance,Use split application to reduce leaching.,9.44,2860.0
2025-11-06,28.6,43.9,31.7,74.3,Panicle Initiation,Potash,22.6,Potassium for stress tolerance,Maintain irrigation schedule to avoid fertilizer runoff.,9.72,3616.0
2025-06-28,32.8,64.6,29.6,73.1,Tillering,MOP,19.4,Potassium for stem and disease resistance,Maintain irrigation schedule to avoid fertilizer runoff.,10.6,2522.0
2025-11-13,24.9,69.0,29.2,61.7,Flowering,Iron Chelate,9.1,Iron supply to prevent chlorosis,Prefer organic alternatives where possible.,9.96,4095.0
2025-09-10,29.1,51.4,29.5,87.7,Tillering,Compost Tea,20.6,Enhances microbial activity,Use split application to reduce leaching.,10.2,1648.0
2025-01-19,26.8,31.2,30.1,71.4,Panicle Initiation,Potash,22.7,Potassium for stress tolerance,Use split application to reduce leaching.,8.8,3632.0
2025-07-06,30.2,42.8,32.1,81.4,Flowering,Zinc Sulphate,10.3,Improves grain quality and resistance,Avoid chemical overuse; combine with compost.,9.38,3090.0
2025-03-08,31.0,49.4,30.5,63.4,Tillering,Compost Tea,18.2,Enhances microbial activity,Use split application to reduce leaching.,9.56,1456.0
2025-05-12,25.2,34.8,28.4,64.1,Tillering,MOP,18.8,Potassium for stem and disease resistance,Use split application to reduce leaching.,8.61,2444.0
2025-06-27,22.6,34.5,32.3,81.6,Flowering,Iron Chelate,8.6,Iron supply to prevent chlorosis,Use split application to reduce leaching.,8.9,3870.0
2025-05-23,24.8,53.5,31.6,82.9,Seedling,Calcium Nitrate,15.4,Calcium and nitrate supply for strong stems,Use split application to reduce leaching.,9.74,3080.0
2025-03-09,24.4,25.6,29.6,86.0,Seedling,Urea,21.6,Nitrogen boost for vegetative growth,Maintain irrigation schedule to avoid fertilizer runoff.,8.78,2592.0
2025-01-09,33.8,48.7,30.3,60.2,Panicle Initiation,DAP,26.5,Phosphorus for root development,Maintain irrigation schedule to avoid fertilizer runoff.,9.92,3975.0
2025-12-27,23.9,26.6,33.7,93.4,Seedling,Calcium Nitrate,20.5,Calcium and nitrate supply for strong stems,Avoid chemical overuse; combine with compost.,9.0,4100.0
2025-11-12,30.6,56.9,30.2,72.9,Panicle Initiation,Humic Acid,16.7,Soil conditioner and nutrient uptake,Avoid chemical overuse; combine with compost.,10.14,3674.0
2025-09-15,26.0,38.9,30.3,72.0,Seedling,Calcium Nitrate,19.8,Calcium and nitrate supply for strong stems,Use split application to reduce leaching.,9.16,3960.0
2025-11-26,33.3,30.1,30.3,60.7,Harvest,Organic Compost,17.0,Improves soil structure and moisture retention,Maintain irrigation schedule to avoid fertilizer runoff.,8.65,850.0
2025-02-10,31.3,31.4,27.0,70.8,Seedling,Calcium Nitrate,15.5,Calcium and nitrate supply for strong stems,Avoid chemical overuse; combine with compost.,8.96,3100.0
2025-01-08,25.6,72.9,31.4,60.5,Panicle Initiation,DAP,21.6,Phosphorus for root development,Maintain irrigation schedule to avoid fertilizer runoff.,10.35,3240.0
2025-05-20,33.8,72.5,31.2,68.6,Flowering,Copper Sulphate,6.0,Micronutrient for enzyme activation,Use split application to reduce leaching.,10.49,2400.0
2025-02-25,31.9,47.6,31.0,76.8,Panicle Initiation,Potash,20.4,Potassium for stress tolerance,Maintain irrigation schedule to avoid fertilizer runoff.,9.82,3264.0
2025-01-02,32.3,35.3,35.6,78.8,Tillering,Compost Tea,20.8,Enhances microbial activity,Use split application to reduce leaching.,9.68,1664.0
2025-12-10,23.6,66.0,31.8,68.8,Seedling,DAP,18.1,Phosphorus for root development,Avoid chemical overuse; combine with compost.,9.82,2715.0
2025-08-28,25.4,57.9,32.5,64.5,Flowering,Boron,5.2,Micronutrient for flower formation,Prefer organic alternatives where possible.,9.45,2600.0
2025-12-13,34.0,50.8,30.0,65.6,Seedling,Magnesium Sulphate,14.0,Magnesium for chlorophyll synthesis,Avoid chemical overuse; combine with compost.,9.81,2520.0
2025-08-19,24.5,43.2,33.8,82.0,Seedling,Magnesium Sulphate,16.7,Magnesium for chlorophyll synthesis,Maintain irrigation schedule to avoid fertilizer runoff.,9.4,3006.0
2025-06-13,25.3,30.1,32.2,77.6,Flowering,Boron,4.4,Micronutrient for flower formation,Maintain irrigation schedule to avoid fertilizer runoff.,8.64,2200.0
2025-09-11,26.8,51.0,27.6,63.1,Seedling,Ammonium Sulphate,23.7,Nitrogen and sulphur supply,Use split application to reduce leaching.,9.48,3318.0
2025-12-18,26.7,64.6,35.7,91.2,Panicle Initiation,Seaweed Extract,8.8,Growth stimulant and micronutrients,Avoid chemical overuse; combine with compost.,10.39,2200.0
2025-07-11,23.3,54.9,29.1,86.2,Flowering,Zinc Sulphate,11.5,Improves grain quality and resistance,Avoid chemical overuse; combine with compost.,9.88,3450.0
2025-09-20,32.7,30.5,27.7,82.5,Seedling,Calcium Nitrate,17.7,Calcium and nitrate supply for strong stems,Avoid chemical overuse; combine with compost.,9.35,3540.0
2025-11-18,25.9,26.9,35.1,76.1,Seedling,Urea,21.6,Nitrogen boost for vegetative growth,Prefer organic alternatives where possible.,8.92,2592.0
2025-05-26,28.8,43.9,26.9,81.6,Seedling,Ammonium Sulphate,23.2,Nitrogen and sulphur supply,Ensure soil testing before application.,9.41,3248.0
2025-01-28,27.3,26.2,32.5,87.2,Flowering,Boron,5.3,Micronutrient for flower formation,Ensure soil testing before application.,8.68,2650.0
2025-04-27,28.4,42.1,34.9,94.3,Panicle Initiation,Urea,22.9,Nitrogen boost for vegetative growth,Use split application to reduce leaching.,9.87,2748.0
2025-07-07,33.1,38.4,29.9,67.4,Panicle Initiation,Urea,19.8,Nitrogen boost for vegetative growth,Ensure soil testing before application.,9.25,2376.0
2025-04-23,29.8,44.7,31.8,87.4,Harvest,Phosphate Rock,18.2,Slow-release phosphorus,Maintain irrigation schedule to avoid fertilizer runoff.,10.01,1638.0
2025-11-24,33.5,74.5,32.1,83.7,Harvest,Phosphate Rock,19.9,Slow-release phosphorus,Prefer organic alternatives where possible.,11.36,1791.0
2025-01-31,33.7,34.7,28.5,82.2,Tillering,Compost Tea,22.9,Enhances microbial activity,Ensure soil testing before application.,9.67,1832.0
2025-12-22,22.3,71.6,28.3,79.5,Tillering,Compost Tea,17.9,Enhances microbial activity,Maintain irrigation schedule to avoid fertilizer runoff.,10.4,1432.0
2025-04-08,25.9,52.5,29.6,64.1,Seedling,Urea,23.7,Nitrogen boost for vegetative growth,Prefer organic alternatives where possible.,9.65,2844.0
2025-02-19,33.0,31.7,28.5,91.9,Panicle Initiation,Urea,20.4,Nitrogen boost for vegetative growth,Prefer organic alternatives where possible.,9.55,2448.0
2025-03-06,31.8,74.2,31.6,81.9,Panicle Initiation,Potash,19.6,Potassium for stress tolerance,Ensure soil testing before application.,11.14,3136.0
2025-06-09,26.4,74.7,29.0,73.4,Panicle Initiation,Seaweed Extract,10.3,Growth stimulant and micronutrients,Ensure soil testing before application.,10.38,2575.0
2025-10-22,27.0,35.0,33.5,85.0,Harvest,Organic Compost,14.9,Improves soil structure and moisture retention,Prefer organic alternatives where possible.,9.39,745.0
2025-02-21,24.2,37.7,27.8,84.8,Tillering,Organic Compost,29.9,Improves soil structure and moisture retention,Use split application to reduce leaching.,9.25,1495.0
2025-11-22,30.5,49.6,26.8,61.7,Flowering,MOP,28.5,Potassium for stem and disease resistance,Prefer organic alternatives where possible.,9.66,3705.0
2025-05-28,29.3,28.1,34.8,89.7,Flowering,Copper Sulphate,6.7,Micronutrient for enzyme activation,Ensure soil testing before application.,9.15,2680.0
2025-01-23,24.4,67.3,33.5,94.9,Tillering,Organic Compost,30.1,Improves soil structure and moisture retention,Use split application to reduce leaching.,11.02,1505.0
2025-10-03,32.3,30.1,30.7,92.1,Tillering,Compost Tea,19.4,Enhances microbial activity,Prefer organic alternatives where possible.,9.33,1552.0
2025-10-10,29.8,68.0,34.2,93.7,Tillering,Urea,30.1,Nitrogen boost for vegetative growth,Avoid chemical overuse; combine with compost.,11.32,3612.0
2025-12-11,30.7,27.1,27.3,61.4,Harvest,Phosphate Rock,16.0,Slow-release phosphorus,Avoid chemical overuse; combine with compost.,8.69,1440.0
2025-05-17,25.4,37.1,35.9,60.8,Harvest,Green Manure,22.0,Nitrogen enrichment from legumes,Avoid chemical overuse; combine with compost.,9.14,660.0
2025-05-07,26.8,72.7,31.9,68.0,Tillering,Biochar,24.4,Improves soil fertility and carbon retention,Avoid chemical overuse; combine with compost.,10.48,2440.0
2025-01-30,27.4,28.6,34.1,68.6,Tillering,Organic Compost,28.6,Improves soil structure and moisture retention,Maintain irrigation schedule to avoid fertilizer runoff.,8.82,1430.0
2025-04-14,31.2,38.5,32.9,92.0,Seedling,Calcium Nitrate,15.5,Calcium and nitrate supply for strong stems,Prefer organic alternatives where possible.,9.79,3100.0
2025-12-12,25.6,64.2,35.8,74.0,Seedling,Urea,21.3,Nitrogen boost for vegetative growth,Prefer organic alternatives where possible.,10.51,2556.0
2025-09-30,29.3,31.9,33.0,60.4,Flowering,MOP,22.5,Potassium for stem and disease resistance,Use split application to reduce leaching.,8.94,2925.0
2025-11-16,33.7,57.2,33.8,68.1,Harvest,Green Manure,22.6,Nitrogen enrichment from legumes,Maintain irrigation schedule to avoid fertilizer runoff.,10.34,678.0
2025-09-28,22.8,47.3,36.0,81.3,Panicle Initiation,Urea,17.6,Nitrogen boost for vegetative growth,Prefer organic alternatives where possible.,9.73,2112.0
2025-02-18,23.1,69.2,28.2,82.3,Seedling,DAP,20.7,Phosphorus for root development,Avoid chemical overuse; combine with compost.,10.43,3105.0
2025-03-04,26.7,59.6,28.2,73.1,Tillering,Urea,31.6,Nitrogen boost for vegetative growth,Maintain irrigation schedule to avoid fertilizer runoff.,10.03,3792.0
2025-06-13,29.7,53.1,35.9,69.1,Harvest,Green Manure,17.4,Nitrogen enrichment from legumes,Avoid chemical overuse; combine with compost.,10.01,522.0
2025-11-21,30.3,35.7,31.0,81.3,Tillering,Urea,36.1,Nitrogen boost for vegetative growth,Prefer organic alternatives where possible.,9.79,4332.0
2025-04-14,22.2,74.6,30.4,75.6,Flowering,MOP,23.8,Potassium for stem and disease resistance,Ensure soil testing before application.,10.38,3094.0
2025-01-06,31.9,44.2,30.4,68.2,Tillering,Organic Compost,27.9,Improves soil structure and moisture retention,Prefer organic alternatives where possible.,9.7,1395.0
2025-03-16,31.3,48.6,28.6,93.0,Flowering,MOP,27.0,Potassium for stem and disease resistance,Prefer organic alternatives where possible.,10.29,3510.0
2025-10-11,23.5,43.8,26.3,89.4,Panicle Initiation,Humic Acid,15.8,Soil conditioner and nutrient uptake,Prefer organic alternatives where possible.,9.16,3476.0
2025-03-24,26.4,29.8,31.5,66.9,Harvest,Organic Compost,12.8,Improves soil structure and moisture retention,Prefer organic alternatives where possible.,8.62,640.0
2025-06-28,23.3,32.3,31.9,61.1,Panicle Initiation,DAP,22.3,Phosphorus for root development,Avoid chemical overuse; combine with compost.,8.47,3345.0
2025-11-02,25.6,40.5,35.2,79.0,Flowering,MOP,24.2,Potassium for stem and disease resistance,Avoid chemical overuse; combine with compost.,9.7,3146.0
2025-02-01,25.7,30.4,28.9,91.1,Flowering,Zinc Sulphate,10.8,Improves grain quality and resistance,Maintain irrigation schedule to avoid fertilizer runoff.,9.04,3240.0
2025-06-13,33.3,36.3,29.9,67.1,Tillering,Compost Tea,22.5,Enhances microbial activity,Ensure soil testing before application.,9.46,1800.0
2025-06-17,23.6,27.5,33.1,67.5,Tillering,Organic Compost,31.2,Improves soil structure and moisture retention,Ensure soil testing before application.,8.73,1560.0
2025-12-16,24.0,72.9,32.4,90.1,Flowering,Copper Sulphate,6.9,Micronutrient for enzyme activation,Maintain irrigation schedule to avoid fertilizer runoff.,10.59,2760.0
2025-06-07,31.7,58.8,27.8,82.3,Flowering,Boron,5.1,Micronutrient for flower formation,Ensure soil testing before application.,10.09,2550.0
2025-08-16,26.7,26.9,35.4,85.0,Tillering,Organic Compost,26.6,Improves soil structure and moisture retention,Ensure soil testing before application.,9.11,1330.0
2025-05-16,30.7,63.3,28.8,93.8,Tillering,Biochar,23.9,Improves soil fertility and carbon retention,Ensure soil testing before application.,10.97,2390.0
2025-03-10,23.6,44.3,33.0,63.9,Seedling,DAP,17.9,Phosphorus for root development,Prefer organic alternatives where possible.,8.97,2685.0
2025-04-03,29.0,59.4,30.2,62.3,Harvest,Green Manure,17.2,Nitrogen enrichment from legumes,Use split application to reduce leaching.,9.91,516.0
2025-08-01,22.7,57.4,29.1,67.1,Panicle Initiation,DAP,27.1,Phosphorus for root development,Avoid chemical overuse; combine with compost.,9.75,4065.0
2025-12-05,32.4,64.7,27.0,81.1,Panicle Initiation,Humic Acid,16.4,Soil conditioner and nutrient uptake,Ensure soil testing before application.,10.31,3608.0
2025-03-06,31.3,47.4,32.9,61.5,Panicle Initiation,Potash,19.8,Potassium for stress tolerance,Avoid chemical overuse; combine with compost.,9.44,3168.0
2025-10-29,23.4,47.7,27.4,89.1,Seedling,Ammonium Sulphate,20.5,Nitrogen and sulphur supply,Prefer organic alternatives where possible.,9.44,2870.0
2025-03-13,26.4,42.1,30.3,64.3,Tillering,Biochar,25.0,Improves soil fertility and carbon retention,Prefer organic alternatives where possible.,9.39,2500.0
2025-08-01,22.8,27.4,31.7,72.3,Panicle Initiation,Potash,19.2,Potassium for stress tolerance,Maintain irrigation schedule to avoid fertilizer runoff.,8.46,3072.0
2025-08-17,27.7,51.7,33.6,90.6,Panicle Initiation,Potash,24.9,Potassium for stress tolerance,Ensure soil testing before application.,10.12,3984.0
2025-05-02,30.7,32.5,27.7,79.9,Seedling,DAP,17.6,Phosphorus for root development,Maintain irrigation schedule to avoid fertilizer runoff.,9.12,2640.0
2025-01-28,31.3,30.7,32.0,84.2,Harvest,Green Manure,20.6,Nitrogen enrichment from legumes,Use split application to reduce leaching.,9.42,618.0
2025-04-29,23.4,33.0,28.0,74.8,Tillering,Compost Tea,17.5,Enhances microbial activity,Avoid chemical overuse; combine with compost.,8.84,1400.0
2025-06-06,24.3,63.9,29.4,65.5,Flowering,MOP,27.6,Potassium for stem and disease resistance,Maintain irrigation schedule to avoid fertilizer runoff.,10.16,3588.0
2025-02-14,26.6,38.9,32.4,65.7,Flowering,MOP,22.8,Potassium for stem and disease resistance,Ensure soil testing before application.,9.24,2964.0
2025-09-22,26.6,56.1,34.7,64.9,Flowering,MOP,24.4,Potassium for stem and disease resistance,Prefer organic alternatives where possible.,9.99,3172.0
2025-12-18,26.6,71.0,31.2,87.2,Seedling,Urea,27.7,Nitrogen boost for vegetative growth,Avoid chemical overuse; combine with compost.,10.72,3324.0
2025-09-23,24.6,70.9,30.8,62.9,Tillering,Organic Compost,28.0,Improves soil structure and moisture retention,Avoid chemical overuse; combine with compost.,10.38,1400.0
2025-01-06,31.7,53.3,26.6,86.1,Panicle Initiation,Humic Acid,16.2,Soil conditioner and nutrient uptake,Prefer organic alternatives where possible.,9.95,3564.0
2025-06-11,28.0,49.4,26.5,76.9,Harvest,Green Manure,17.8,Nitrogen enrichment from legumes,Maintain irrigation schedule to avoid fertilizer runoff.,9.76,534.0
2025-06-06,29.3,37.4,35.1,66.7,Seedling,Urea,26.7,Nitrogen boost for vegetative growth,Use split application to reduce leaching.,9.37,3204.0
2025-04-13,28.7,51.2,30.6,64.7,Seedling,Calcium Nitrate,20.0,Calcium and nitrate supply for strong stems,Prefer organic alternatives where possible.,9.79,4000.0
2025-09-24,22.6,28.9,27.1,65.8,Tillering,Biochar,28.3,Improves soil fertility and carbon retention,Prefer organic alternatives where possible.,8.52,2830.0
2025-03-24,30.4,72.1,30.6,88.0,Panicle Initiation,Urea,19.5,Nitrogen boost for vegetative growth,Maintain irrigation schedule to avoid fertilizer runoff.,10.97,2340.0
2025-05-07,22.2,35.4,32.2,88.8,Flowering,Copper Sulphate,7.0,Micronutrient for enzyme activation,Ensure soil testing before application.,8.81,2800.0
2025-05-25,26.6,60.1,35.3,65.3,Panicle Initiation,Humic Acid,17.0,Soil conditioner and nutrient uptake,Use split application to reduce leaching.,10.1,3740.0
2025-11-05,24.2,68.8,29.6,87.7,Tillering,Biochar,24.1,Improves soil fertility and carbon retention,Ensure soil testing before application.,10.4,2410.0
2025-11-05,29.1,67.0,34.4,63.3,Panicle Initiation,DAP,23.9,Phosphorus for root development,Use split application to reduce leaching.,10.56,3585.0
2025-11-26,29.0,34.9,35.6,67.6,Harvest,Green Manure,18.1,Nitrogen enrichment from legumes,Maintain irrigation schedule to avoid fertilizer runoff.,9.1,543.0
2025-09-19,27.2,36.6,31.5,74.7,Harvest,Phosphate Rock,16.2,Slow-release phosphorus,Ensure soil testing before application.,8.99,1458.0
2025-09-30,25.1,72.1,35.0,83.0,Flowering,Boron,5.7,Micronutrient for flower formation,Use split application to reduce leaching.,10.61,2850.0
2025-04-26,24.1,42.2,32.9,70.6,Flowering,MOP,25.4,Potassium for stem and disease resistance,Maintain irrigation schedule to avoid fertilizer runoff.,9.4,3302.0
2025-08-02,23.8,73.2,29.0,93.6,Tillering,Urea,34.4,Nitrogen boost for vegetative growth,Use split application to reduce leaching.,11.15,4128.0
2025-02-18,32.5,27.2,31.9,76.5,Tillering,MOP,22.5,Potassium for stem and disease resistance,Use split application to reduce leaching.,9.11,2925.0
2025-11-09,33.2,37.7,28.8,67.6,Seedling,Urea,28.0,Nitrogen boost for vegetative growth,Prefer organic alternatives where possible.,9.4,3360.0
2025-01-29,27.3,63.8,29.8,86.2,Flowering,Zinc Sulphate,10.6,Improves grain quality and resistance,Use split application to reduce leaching.,10.06,3180.0
2025-09-01,30.9,53.5,34.7,62.8,Tillering,MOP,22.3,Potassium for stem and disease resistance,Prefer organic alternatives where possible.,9.77,2899.0
2025-06-25,31.5,46.9,35.0,79.2,Flowering,Copper Sulphate,7.1,Micronutrient for enzyme activation,Ensure soil testing before application.,9.75,2840.0
2025-12-17,31.9,51.4,28.7,60.2,Flowering,Copper Sulphate,6.7,Micronutrient for enzyme activation,Maintain irrigation schedule to avoid fertilizer runoff.,9.28,2680.0
2025-06-29,32.1,28.7,31.4,66.6,Panicle Initiation,Humic Acid,16.8,Soil conditioner and nutrient uptake,Avoid chemical overuse; combine with compost.,9.03,3696.0
2025-04-16,31.7,60.6,34.6,67.8,Seedling,Magnesium Sulphate,16.8,Magnesium for chlorophyll synthesis,Ensure soil testing before application.,10.15,3024.0
2025-09-15,32.0,54.0,28.6,91.4,Seedling,Calcium Nitrate,18.5,Calcium and nitrate supply for strong stems,Prefer organic alternatives where possible.,10.51,3700.0
2025-05-06,23.2,46.1,29.7,86.8,Seedling,DAP,19.2,Phosphorus for root development,Ensure soil testing before application.,9.66,2880.0
2025-11-04,28.3,74.6,29.6,73.1,Panicle Initiation,DAP,23.6,Phosphorus for root development,Ensure soil testing before application.,10.62,3540.0
2025-06-19,28.2,51.1,30.8,91.2,Seedling,Urea,24.4,Nitrogen boost for vegetative growth,Ensure soil testing before application.,10.06,2928.0
2025-02-20,29.2,26.7,34.7,90.6,Tillering,Organic Compost,27.3,Improves soil structure and moisture retention,Maintain irrigation schedule to avoid fertilizer runoff.,9.55,1365.0
2025-03-06,25.0,56.8,33.8,80.5,Harvest,Phosphate Rock,19.3,Slow-release phosphorus,Maintain irrigation schedule to avoid fertilizer runoff.,9.88,1737.0
2025-12-22,28.6,41.3,34.3,61.6,Harvest,Green Manure,22.2,Nitrogen enrichment from legumes,Use split application to reduce leaching.,9.38,666.0
2025-09-24,25.9,60.6,30.1,89.3,Panicle Initiation,Potash,25.2,Potassium for stress tolerance,Use split application to reduce leaching.,10.58,4032.0
2025-08-30,27.9,53.2,27.7,68.2,Flowering,Iron Chelate,8.5,Iron supply to prevent chlorosis,Use split application to reduce leaching.,9.54,3825.0
2025-12-31,24.7,52.8,30.1,73.0,Tillering,MOP,19.1,Potassium for stem and disease resistance,Avoid chemical overuse; combine with compost.,9.58,2483.0
2025-10-25,30.2,34.8,30.7,82.4,Tillering,Biochar,22.3,Improves soil fertility and carbon retention,Ensure soil testing before application.,9.39,2230.0
2025-07-01,32.2,26.4,27.7,86.1,Panicle Initiation,Humic Acid,12.9,Soil conditioner and nutrient uptake,Avoid chemical overuse; combine with compost.,8.92,2838.0
2025-04-17,33.0,67.8,34.5,93.4,Seedling,Magnesium Sulphate,13.7,Magnesium for chlorophyll synthesis,Ensure soil testing before application.,11.06,2466.0
2025-01-07,29.9,44.4,31.2,66.6,Seedling,Magnesium Sulphate,14.2,Magnesium for chlorophyll synthesis,Use split application to reduce leaching.,9.4,2556.0
2025-07-28,25.1,67.7,27.7,75.7,Flowering,Zinc Sulphate,9.6,Improves grain quality and resistance,Maintain irrigation schedule to avoid fertilizer runoff.,10.2,2880.0
2025-08-20,31.5,34.4,32.4,75.4,Seedling,DAP,19.8,Phosphorus for root development,Use split application to reduce leaching.,9.44,2970.0
2025-06-10,22.9,42.1,29.2,84.3,Flowering,Zinc Sulphate,10.0,Improves grain quality and resistance,Prefer organic alternatives where possible.,9.26,3000.0
2025-08-22,33.2,71.9,32.8,67.2,Seedling,DAP,19.0,Phosphorus for root development,Prefer organic alternatives where possible.,10.69,2850.0
2025-06-24,22.2,40.6,31.8,82.7,Harvest,Green Manure,19.7,Nitrogen enrichment from legumes,Ensure soil testing before application.,9.31,591.0
2025-01-12,26.6,33.2,33.8,75.0,Tillering,Urea,30.2,Nitrogen boost for vegetative growth,Prefer organic alternatives where possible.,9.4,3624.0
2025-03-20,26.5,64.8,33.1,72.0,Seedling,DAP,22.1,Phosphorus for root development,Use split application to reduce leaching.,10.22,3315.0
2025-08-12,27.0,33.0,26.4,76.2,Tillering,Biochar,27.6,Improves soil fertility and carbon retention,Use split application to reduce leaching.,8.9,2760.0
2025-12-01,30.6,70.8,26.2,63.6,Panicle Initiation,Humic Acid,13.6,Soil conditioner and nutrient uptake,Use split application to reduce leaching.,10.03,2992.0
2025-03-05,23.6,51.5,32.1,79.4,Seedling,Calcium Nitrate,19.1,Calcium and nitrate supply for strong stems,Prefer organic alternatives where possible.,9.68,3820.0
2025-06-18,23.9,72.2,32.3,95.0,Seedling,DAP,20.6,Phosphorus for root development,Maintain irrigation schedule to avoid fertilizer runoff.,10.89,3090.0
2025-03-20,31.9,62.0,29.5,89.9,Flowering,Iron Chelate,9.0,Iron supply to prevent chlorosis,Use split application to reduce leaching.,10.26,4050.0
2025-04-20,27.7,53.6,34.4,91.7,Panicle Initiation,Urea,22.3,Nitrogen boost for vegetative growth,Ensure soil testing before application.,10.52,2676.0
2025-08-06,22.6,70.0,34.1,73.7,Tillering,Biochar,28.2,Improves soil fertility and carbon retention,Maintain irrigation schedule to avoid fertilizer runoff.,10.36,2820.0
2025-12-09,24.6,48.7,27.8,91.7,Seedling,Calcium Nitrate,18.3,Calcium and nitrate supply for strong stems,Ensure soil testing before application.,9.61,3660.0
2025-12-05,30.6,66.1,28.0,68.4,Tillering,Urea,37.7,Nitrogen boost for vegetative growth,Avoid chemical overuse; combine with compost.,10.7,4524.0
2025-01-24,25.0,27.3,35.5,80.6,Seedling,Magnesium Sulphate,17.0,Magnesium for chlorophyll synthesis,Use split application to reduce leaching.,8.85,3060.0
2025-04-19,24.1,56.9,34.6,72.9,Tillering,Compost Tea,18.3,Enhances microbial activity,Maintain irrigation schedule to avoid fertilizer runoff.,10.01,1464.0
2025-10-30,26.8,44.0,33.2,63.3,Harvest,Phosphate Rock,19.7,Slow-release phosphorus,Ensure soil testing before application.,9.26,1773.0
2025-10-15,22.1,34.7,35.5,85.7,Panicle Initiation,Urea,21.8,Nitrogen boost for vegetative growth,Avoid chemical overuse; combine with compost.,9.16,2616.0
2025-05-11,25.8,71.5,35.9,69.4,Seedling,Ammonium Sulphate,19.6,Nitrogen and sulphur supply,Maintain irrigation schedule to avoid fertilizer runoff.,10.5,2744.0
2025-12-17,27.7,30.2,26.8,88.6,Flowering,Iron Chelate,8.1,Iron supply to prevent chlorosis,Use split application to reduce leaching.,8.87,3645.0
2025-07-25,29.1,55.8,32.0,74.9,Harvest,Organic Compost,16.1,Improves soil structure and moisture retention,Use split application to reduce leaching.,9.86,805.0
2025-09-07,33.9,29.7,29.5,85.4,Panicle Initiation,DAP,22.4,Phosphorus for root development,Use split application to reduce leaching.,9.39,3360.0
2025-11-11,26.8,69.5,33.1,92.3,Panicle Initiation,Potash,24.1,Potassium for stress tolerance,Prefer organic alternatives where possible.,10.88,3856.0
2025-10-05,26.0,32.4,30.4,82.9,Panicle Initiation,Humic Acid,14.5,Soil conditioner and nutrient uptake,Prefer organic alternatives where possible.,8.82,3190.0
2025-03-08,29.2,39.3,28.2,68.5,Flowering,Iron Chelate,7.5,Iron supply to prevent chlorosis,Use split application to reduce leaching.,9.09,3375.0
2025-09-12,33.7,44.2,30.9,92.1,Flowering,Iron Chelate,7.4,Iron supply to prevent chlorosis,Maintain irrigation schedule to avoid fertilizer runoff.,10.06,3330.0
2025-05-16,23.3,65.4,28.2,77.6,Seedling,Ammonium Sulphate,24.5,Nitrogen and sulphur supply,Avoid chemical overuse; combine with compost.,10.05,3430.0
2025-11-07,25.5,35.0,26.1,83.1,Seedling,Ammonium Sulphate,21.0,Nitrogen and sulphur supply,Ensure soil testing before application.,9.23,2940.0
2025-02-01,22.8,42.8,26.8,85.2,Tillering,Compost Tea,18.9,Enhances microbial activity,Use split application to reduce leaching.,9.42,1512.0
2025-12-15,24.4,75.0,33.8,87.1,Flowering,Boron,5.0,Micronutrient for flower formation,Avoid chemical overuse; combine with compost.,10.47,2500.0
2025-01-27,22.2,47.7,33.6,62.0,Seedling,DAP,21.3,Phosphorus for root development,Maintain irrigation schedule to avoid fertilizer runoff.,9.06,3195.0
2025-05-02,29.0,29.7,35.5,81.2,Panicle Initiation,Potash,24.1,Potassium for stress tolerance,Ensure soil testing before application.,9.24,3856.0
2025-03-29,28.3,74.9,34.8,76.3,Flowering,Boron,5.5,Micronutrient for flower formation,Maintain irrigation schedule to avoid fertilizer runoff.,10.53,2750.0
2025-06-22,25.4,74.5,26.3,90.6,Panicle Initiation,Seaweed Extract,10.0,Growth stimulant and micronutrients,Use split application to reduce leaching.,10.73,2500.0
2025-10-20,24.0,56.7,26.2,69.3,Flowering,Zinc Sulphate,10.5,Improves grain quality and resistance,Prefer organic alternatives where possible.,9.34,3150.0
2025-07-24,24.5,30.5,35.4,65.1,Flowering,Zinc Sulphate,11.2,Improves grain quality and resistance,Avoid chemical overuse; combine with compost.,8.5,3360.0
2025-04-17,32.0,50.0,26.9,61.1,Seedling,Ammonium Sulphate,22.9,Nitrogen and sulphur supply,Use split application to reduce leaching.,9.51,3206.0
2025-02-28,25.0,38.0,28.5,65.4,Panicle Initiation,Potash,21.7,Potassium for stress tolerance,Maintain irrigation schedule to avoid fertilizer runoff.,8.87,3472.0
2025-07-19,28.0,65.4,33.2,62.3,Tillering,Organic Compost,26.7,Improves soil structure and moisture retention,Ensure soil testing before application.,10.29,1335.0
2025-05-09,27.8,25.7,32.7,85.3,Tillering,Urea,36.8,Nitrogen boost for vegetative growth,Maintain irrigation schedule to avoid fertilizer runoff.,9.49,4416.0
2025-02-25,23.8,72.0,32.5,91.4,Panicle Initiation,Seaweed Extract,8.5,Growth stimulant and micronutrients,Use split application to reduce leaching.,10.6,2125.0
2025-04-10,23.5,50.6,33.9,77.9,Seedling,Urea,27.5,Nitrogen boost for vegetative growth,Use split application to reduce leaching.,9.69,3300.0
2025-03-11,31.0,41.6,33.1,77.0,Tillering,MOP,22.6,Potassium for stem and disease resistance,Prefer organic alternatives where possible.,9.89,2938.0
2025-07-15,24.7,66.5,27.7,74.9,Seedling,Calcium Nitrate,17.7,Calcium and nitrate supply for strong stems,Prefer organic alternatives where possible.,9.92,3540.0
2025-01-16,23.0,61.2,33.1,77.1,Seedling,Ammonium Sulphate,19.7,Nitrogen and sulphur supply,Use split application to reduce leaching.,9.9,2758.0
2025-10-02,23.8,52.0,29.7,68.9,Seedling,Urea,27.9,Nitrogen boost for vegetative growth,Ensure soil testing before application.,9.6,3348.0
2025-11-06,24.6,66.8,32.8,61.4,Harvest,Green Manure,19.2,Nitrogen enrichment from legumes,Maintain irrigation schedule to avoid fertilizer runoff.,10.19,576.0
2025-01-18,29.9,28.9,29.0,85.6,Flowering,Boron,5.0,Micronutrient for flower formation,Ensure soil testing before application.,8.65,2500.0
2025-01-18,27.9,61.0,34.0,88.4,Flowering,Iron Chelate,8.3,Iron supply to prevent chlorosis,Ensure soil testing before application.,10.31,3735.0
2025-12-14,32.1,31.5,34.6,93.3,Tillering,Urea,37.5,Nitrogen boost for vegetative growth,Prefer organic alternatives where possible.,9.97,4500.0
2025-02-17,31.8,30.2,29.2,91.4,Flowering,Copper Sulphate,6.6,Micronutrient for enzyme activation,Prefer organic alternatives where possible.,8.97,2640.0
2025-10-31,26.3,73.0,26.9,88.8,Tillering,Biochar,22.9,Improves soil fertility and carbon retention,Avoid chemical overuse; combine with compost.,10.76,2290.0
2025-02-07,29.8,35.8,35.8,73.3,Harvest,Organic Compost,16.4,Improves soil structure and moisture retention,Use split application to reduce leaching.,9.15,820.0
2025-02-07,25.6,52.4,30.3,65.8,Flowering,MOP,25.5,Potassium for stem and disease resistance,Use split application to reduce leaching.,9.78,3315.0
2025-06-15,26.0,70.0,32.0,89.9,Flowering,Copper Sulphate,6.5,Micronutrient for enzyme activation,Use split application to reduce leaching.,10.54,2600.0
2025-11-07,26.1,68.3,28.8,92.1,Tillering,MOP,22.6,Potassium for stem and disease resistance,Use split application to reduce leaching.,10.7,2938.0
2025-11-16,23.4,41.3,31.9,84.0,Tillering,MOP,18.2,Potassium for stem and disease resistance,Ensure soil testing before application.,9.43,2366.0
2025-06-06,25.7,64.3,28.6,62.9,Flowering,MOP,25.4,Potassium for stem and disease resistance,Ensure soil testing before application.,10.04,3302.0
2025-01-03,30.6,39.1,33.0,67.7,Tillering,MOP,21.8,Potassium for stem and disease resistance,Use split application to reduce leaching.,9.22,2834.0
2025-06-26,26.7,44.9,27.0,93.5,Seedling,Ammonium Sulphate,20.7,Nitrogen and sulphur supply,Use split application to reduce leaching.,9.59,2898.0
2025-11-22,24.1,25.1,28.1,65.7,Seedling,Ammonium Sulphate,21.1,Nitrogen and sulphur supply,Maintain irrigation schedule to avoid fertilizer runoff.,8.12,2954.0
2025-12-05,25.7,60.8,32.0,77.4,Harvest,Organic Compost,14.4,Improves soil structure and moisture retention,Prefer organic alternatives where possible.,9.94,720.0
2025-07-12,22.2,45.0,33.3,68.7,Panicle Initiation,Urea,21.3,Nitrogen boost for vegetative growth,Prefer organic alternatives where possible.,9.11,2556.0
2025-08-16,32.0,61.9,28.9,81.6,Panicle Initiation,Seaweed Extract,9.3,Growth stimulant and micronutrients,Use split application to reduce leaching.,10.09,2325.0
2025-02-02,28.7,62.1,30.1,73.2,Panicle Initiation,Seaweed Extract,9.2,Growth stimulant and micronutrients,Ensure soil testing before application.,9.97,2300.0
2025-01-16,32.3,40.0,35.6,95.0,Seedling,DAP,20.8,Phosphorus for root development,Avoid chemical overuse; combine with compost.,9.97,3120.0
2025-07-13,27.5,32.5,34.9,68.8,Panicle Initiation,Humic Acid,13.2,Soil conditioner and nutrient uptake,Prefer organic alternatives where possible.,8.67,2904.0
2025-02-10,29.8,73.1,32.5,76.9,Tillering,Organic Compost,34.5,Improves soil structure and moisture retention,Avoid chemical overuse; combine with compost.,11.13,1725.0
2025-03-09,23.1,66.4,29.4,72.0,Harvest,Phosphate Rock,16.4,Slow-release phosphorus,Ensure soil testing before application.,9.92,1476.0
2025-11-28,30.1,32.3,29.3,79.4,Seedling,Ammonium Sulphate,21.8,Nitrogen and sulphur supply,Avoid chemical overuse; combine with compost.,9.32,3052.0
2025-02-24,27.5,65.2,28.8,85.9,Tillering,Compost Tea,17.7,Enhances microbial activity,Maintain irrigation schedule to avoid fertilizer runoff.,10.52,1416.0
2025-12-06,31.6,26.4,36.0,71.4,Panicle Initiation,Seaweed Extract,11.2,Growth stimulant and micronutrients,Prefer organic alternatives where possible.,8.8,2800.0
2025-12-25,22.9,56.1,33.6,73.6,Tillering,Organic Compost,27.3,Improves soil structure and moisture retention,Use split application to reduce leaching.,9.86,1365.0
2025-11-10,29.8,62.1,33.7,60.2,Flowering,Zinc Sulphate,10.7,Improves grain quality and resistance,Ensure soil testing before application.,9.86,3210.0
2025-10-03,25.0,36.7,32.0,63.9,Tillering,MOP,22.3,Potassium for stem and disease resistance,Ensure soil testing before application.,8.9,2899.0
2025-02-25,24.9,33.4,35.4,61.2,Seedling,Urea,23.8,Nitrogen boost for vegetative growth,Maintain irrigation schedule to avoid fertilizer runoff.,9.02,2856.0
2025-02-20,25.4,64.8,26.2,89.3,Panicle Initiation,Seaweed Extract,11.4,Growth stimulant and micronutrients,Maintain irrigation schedule to avoid fertilizer runoff.,10.34,2850.0
2025-09-14,33.2,57.0,26.1,75.7,Seedling,Urea,26.0,Nitrogen boost for vegetative growth,Prefer organic alternatives where possible.,10.45,3120.0
2025-09-16,27.6,72.8,34.1,75.0,Harvest,Organic Compost,13.7,Improves soil structure and moisture retention,Ensure soil testing before application.,10.7,685.0
2025-03-26,33.7,31.2,36.0,75.6,Harvest,Organic Compost,16.4,Improves soil structure and moisture retention,Use split application to reduce leaching.,9.5,820.0
2025-10-18,24.3,39.7,26.0,89.9,Tillering,Biochar,25.7,Improves soil fertility and carbon retention,Avoid chemical overuse; combine with compost.,9.58,2570.0
2025-12-11,33.1,32.7,30.2,66.2,Panicle Initiation,DAP,25.4,Phosphorus for root development,Ensure soil testing before application.,9.02,3810.0
2025-06-13,22.5,38.2,31.4,92.5,Flowering,MOP,26.4,Potassium for stem and disease resistance,Avoid chemical overuse; combine with compost.,9.61,3432.0
2025-11-15,32.1,39.4,34.4,66.5,Harvest,Green Manure,19.8,Nitrogen enrichment from legumes,Maintain irrigation schedule to avoid fertilizer runoff.,9.58,594.0
2025-11-10,32.1,68.1,32.2,81.2,Flowering,Zinc Sulphate,10.2,Improves grain quality and resistance,Prefer organic alternatives where possible.,10.61,3060.0
2025-08-31,22.1,73.0,30.4,78.9,Seedling,Urea,25.4,Nitrogen boost for vegetative growth,Prefer organic alternatives where possible.,10.58,3048.0
2025-10-22,32.3,39.2,34.9,63.9,Seedling,Calcium Nitrate,18.9,Calcium and nitrate supply for strong stems,Avoid chemical overuse; combine with compost.,9.56,3780.0
2025-01-08,24.9,73.4,30.0,91.4,Seedling,Magnesium Sulphate,12.9,Magnesium for chlorophyll synthesis,Maintain irrigation schedule to avoid fertilizer runoff.,10.63,2322.0
2025-01-31,23.2,40.7,36.0,66.5,Harvest,Organic Compost,16.3,Improves soil structure and moisture retention,Ensure soil testing before application.,9.11,815.0
2025-10-09,28.2,70.8,30.2,94.7,Flowering,Boron,4.4,Micronutrient for flower formation,Use split application to reduce leaching.,10.82,2200.0
2025-04-23,27.4,58.1,32.8,83.9,Flowering,Copper Sulphate,7.0,Micronutrient for enzyme activation,Prefer organic alternatives where possible.,10.08,2800.0
2025-11-03,23.0,74.4,27.6,73.2,Tillering,Compost Tea,22.5,Enhances microbial activity,Ensure soil testing before application.,10.35,1800.0
2025-06-15,26.3,34.0,32.2,70.5,Seedling,Calcium Nitrate,19.1,Calcium and nitrate supply for strong stems,Ensure soil testing before application.,8.88,3820.0
2025-05-05,30.1,73.6,32.9,74.5,Panicle Initiation,Potash,25.1,Potassium for stress tolerance,Prefer organic alternatives where possible.,10.73,4016.0
2025-03-25,33.5,30.8,33.9,80.6,Panicle Initiation,Seaweed Extract,8.6,Growth stimulant and micronutrients,Use split application to reduce leaching.,9.11,2150.0
2025-09-04,26.0,53.6,33.2,87.4,Tillering,Urea,33.8,Nitrogen boost for vegetative growth,Ensure soil testing before application.,10.22,4056.0
2025-07-12,26.2,71.9,35.1,91.8,Panicle Initiation,Potash,24.3,Potassium for stress tolerance,Use split application to reduce leaching.,10.91,3888.0
2025-07-27,25.7,29.2,33.5,61.6,Panicle Initiation,Seaweed Extract,10.7,Growth stimulant and micronutrients,Maintain irrigation schedule to avoid fertilizer runoff.,8.53,2675.0
2025-09-24,24.9,53.8,29.8,80.4,Flowering,MOP,23.5,Potassium for stem and disease resistance,Use split application to reduce leaching.,9.77,3055.0
2025-12-23,26.5,34.1,28.5,71.9,Panicle Initiation,Urea,18.9,Nitrogen boost for vegetative growth,Prefer organic alternatives where possible.,8.8,2268.0
2025-04-11,28.2,25.3,28.8,78.0,Harvest,Phosphate Rock,18.1,Slow-release phosphorus,Prefer organic alternatives where possible.,8.62,1629.0
2025-08-03,33.5,42.9,31.5,87.8,Panicle Initiation,Humic Acid,13.5,Soil conditioner and nutrient uptake,Avoid chemical overuse; combine with compost.,9.81,2970.0
2025-06-26,26.0,49.2,29.6,67.5,Seedling,Urea,22.9,Nitrogen boost for vegetative growth,Prefer organic alternatives where possible.,9.31,2748.0
2025-08-08,27.8,30.0,30.9,73.3,Seedling,Ammonium Sulphate,18.9,Nitrogen and sulphur supply,Maintain irrigation schedule to avoid fertilizer runoff.,9.06,2646.0
2025-02-03,27.8,57.1,31.2,60.4,Tillering,MOP,21.7,Potassium for stem and disease resistance,Ensure soil testing before application.,9.58,2821.0
2025-06-11,24.9,30.1,30.2,61.6,Tillering,Urea,33.0,Nitrogen boost for vegetative growth,Avoid chemical overuse; combine with compost.,8.74,3960.0
2025-05-24,31.1,27.0,28.1,70.1,Flowering,Zinc Sulphate,10.6,Improves grain quality and resistance,Maintain irrigation schedule to avoid fertilizer runoff.,8.75,3180.0
2025-09-21,32.7,53.9,29.3,78.4,Harvest,Phosphate Rock,18.8,Slow-release phosphorus,Prefer organic alternatives where possible.,10.25,1692.0
2025-03-16,22.7,26.2,33.3,67.4,Seedling,Calcium Nitrate,17.9,Calcium and nitrate supply for strong stems,Avoid chemical overuse; combine with compost.,8.41,3580.0
2025-03-26,29.1,59.2,26.7,79.4,Seedling,Ammonium Sulphate,21.9,Nitrogen and sulphur supply,Maintain irrigation schedule to avoid fertilizer runoff.,10.03,3066.0
2025-09-07,23.4,56.8,31.6,71.7,Harvest,Phosphate Rock,17.6,Slow-release phosphorus,Prefer organic alternatives where possible.,9.78,1584.0
2025-08-16,26.4,32.7,27.9,82.0,Flowering,MOP,28.3,Potassium for stem and disease resistance,Use split application to reduce leaching.,9.23,3679.0
2025-12-08,29.7,30.2,26.8,73.1,Panicle Initiation,Potash,19.6,Potassium for stress tolerance,Use split application to reduce leaching.,8.78,3136.0
2025-03-13,33.8,52.0,30.7,77.6,Seedling,Calcium Nitrate,18.8,Calcium and nitrate supply for strong stems,Use split application to reduce leaching.,10.2,3760.0
2025-04-05,33.6,44.2,34.5,93.6,Tillering,MOP,22.1,Potassium for stem and disease resistance,Ensure soil testing before application.,10.19,2873.0
2025-09-22,24.6,63.0,28.3,76.3,Flowering,Copper Sulphate,7.0,Micronutrient for enzyme activation,Ensure soil testing before application.,9.66,2800.0
2025-03-25,23.2,72.1,28.0,89.6,Flowering,Iron Chelate,6.9,Iron supply to prevent chlorosis,Prefer organic alternatives where possible.,10.21,3105.0
2025-02-13,30.5,47.1,27.7,64.1,Flowering,Iron Chelate,8.8,Iron supply to prevent chlorosis,Ensure soil testing before application.,9.2,3960.0
2025-11-08,25.5,69.4,35.1,75.0,Flowering,Boron,4.8,Micronutrient for flower formation,Ensure soil testing before application.,10.14,2400.0
2025-06-29,33.5,26.8,32.3,73.6,Flowering,Copper Sulphate,6.2,Micronutrient for enzyme activation,Avoid chemical overuse; combine with compost.,8.64,2480.0
2025-07-13,25.1,32.2,30.1,79.5,Flowering,Boron,5.6,Micronutrient for flower formation,Ensure soil testing before application.,8.65,2800.0
2025-09-13,32.0,60.3,31.6,83.8,Panicle Initiation,DAP,26.2,Phosphorus for root development,Prefer organic alternatives where possible.,10.76,3930.0
2025-08-10,27.1,74.4,31.3,82.5,Tillering,Organic Compost,29.9,Improves soil structure and moisture retention,Use split application to reduce leaching.,10.94,1495.0
2025-08-22,33.6,44.5,32.4,61.6,Seedling,Urea,28.0,Nitrogen boost for vegetative growth,Prefer organic alternatives where possible.,9.87,3360.0
2025-12-09,27.3,39.7,35.1,72.9,Tillering,Compost Tea,21.2,Enhances microbial activity,Ensure soil testing before application.,9.5,1696.0
2025-04-27,31.7,62.7,29.2,76.1,Seedling,Calcium Nitrate,20.2,Calcium and nitrate supply for strong stems,Use split application to reduce leaching.,10.47,4040.0
2025-08-23,32.8,43.9,32.3,92.0,Flowering,Copper Sulphate,7.4,Micronutrient for enzyme activation,Maintain irrigation schedule to avoid fertilizer runoff.,9.87,2960.0
2025-08-02,25.5,63.5,34.3,74.2,Seedling,Calcium Nitrate,20.0,Calcium and nitrate supply for strong stems,Maintain irrigation schedule to avoid fertilizer runoff.,10.07,4000.0
2025-11-14,23.7,43.9,34.5,87.4,Seedling,Urea,23.8,Nitrogen boost for vegetative growth,Use split application to reduce leaching.,9.5,2856.0
2025-12-13,26.0,59.8,33.4,74.1,Panicle Initiation,DAP,26.5,Phosphorus for root development,Use split application to reduce leaching.,10.37,3975.0
2025-09-14,26.7,66.9,30.1,80.6,Seedling,Urea,26.0,Nitrogen boost for vegetative growth,Ensure soil testing before application.,10.66,3120.0
2025-06-29,26.1,40.5,31.3,90.3,Seedling,Calcium Nitrate,17.0,Calcium and nitrate supply for strong stems,Prefer organic alternatives where possible.,9.57,3400.0
2025-02-01,31.4,42.2,32.6,80.6,Panicle Initiation,DAP,21.9,Phosphorus for root development,Use split application to reduce leaching.,9.93,3285.0
2025-02-12,30.3,46.6,29.5,80.2,Panicle Initiation,DAP,23.8,Phosphorus for root development,Ensure soil testing before application.,9.91,3570.0
2025-11-15,32.6,35.3,28.6,76.3,Flowering,Boron,4.7,Micronutrient for flower formation,Avoid chemical overuse; combine with compost.,9.04,2350.0
2025-12-18,28.4,43.7,35.3,74.9,Flowering,Boron,5.4,Micronutrient for flower formation,Ensure soil testing before application.,9.5,2700.0
2025-10-15,26.9,30.1,27.3,69.4,Tillering,Compost Tea,21.1,Enhances microbial activity,Maintain irrigation schedule to avoid fertilizer runoff.,8.85,1688.0
2025-09-13,29.9,34.8,26.7,81.4,Tillering,Urea,33.5,Nitrogen boost for vegetative growth,Use split application to reduce leaching.,9.63,4020.0
2025-03-26,28.1,43.4,26.5,94.1,Flowering,Iron Chelate,9.1,Iron supply to prevent chlorosis,Prefer organic alternatives where possible.,9.62,4095.0
2025-06-27,31.2,26.8,28.9,87.7,Harvest,Organic Compost,13.6,Improves soil structure and moisture retention,Ensure soil testing before application.,9.17,680.0
2025-08-24,28.3,59.0,28.6,74.9,Flowering,Zinc Sulphate,10.8,Improves grain quality and resistance,Prefer organic alternatives where possible.,9.7,3240.0
2025-05-18,30.1,35.3,26.6,67.8,Seedling,Magnesium Sulphate,13.2,Magnesium for chlorophyll synthesis,Avoid chemical overuse; combine with compost.,8.69,2376.0
2025-08-15,30.8,45.7,27.4,68.8,Seedling,Urea,23.8,Nitrogen boost for vegetative growth,Avoid chemical overuse; combine with compost.,9.45,2856.0
2025-04-06,30.2,28.0,27.0,92.6,Harvest,Organic Compost,14.2,Improves soil structure and moisture retention,Use split application to reduce leaching.,9.15,710.0
2025-01-12,25.5,44.6,30.1,88.1,Harvest,Phosphate Rock,19.6,Slow-release phosphorus,Use split application to reduce leaching.,9.48,1764.0
2025-10-20,33.0,71.9,33.0,75.0,Tillering,Biochar,21.7,Improves soil fertility and carbon retention,Use split application to reduce leaching.,10.81,2170.0
2025-07-20,32.4,69.3,34.7,72.1,Harvest,Phosphate Rock,19.9,Slow-release phosphorus,Prefer organic alternatives where possible.,10.75,1791.0
2025-06-14,33.2,49.7,29.6,72.7,Tillering,Organic Compost,27.8,Improves soil structure and moisture retention,Ensure soil testing before application.,10.17,1390.0
2025-07-08,24.1,48.1,29.7,78.4,Seedling,Magnesium Sulphate,16.8,Magnesium for chlorophyll synthesis,Use split application to reduce leaching.,9.25,3024.0
2025-07-30,28.8,59.5,32.4,70.6,Seedling,Urea,27.4,Nitrogen boost for vegetative growth,Ensure soil testing before application.,10.3,3288.0
2025-10-16,26.3,72.1,30.5,69.5,Panicle Initiation,Seaweed Extract,9.7,Growth stimulant and micronutrients,Prefer organic alternatives where possible.,10.25,2425.0
2025-01-12,26.9,27.4,35.7,65.2,Panicle Initiation,Humic Acid,17.1,Soil conditioner and nutrient uptake,Prefer organic alternatives where possible.,8.64,3762.0
2025-10-12,26.4,54.0,28.9,81.5,Harvest,Phosphate Rock,16.0,Slow-release phosphorus,Ensure soil testing before application.,9.84,1440.0
2025-05-05,27.2,49.2,32.1,76.0,Tillering,Organic Compost,30.7,Improves soil structure and moisture retention,Ensure soil testing before application.,9.77,1535.0
2025-08-16,25.9,57.1,26.4,64.7,Tillering,Compost Tea,19.9,Enhances microbial activity,Use split application to reduce leaching.,9.75,1592.0
2025-02-06,27.3,66.3,30.3,67.6,Harvest,Phosphate Rock,20.4,Slow-release phosphorus,Prefer organic alternatives where possible.,10.03,1836.0
2025-04-22,30.0,47.7,29.5,88.8,Panicle Initiation,Seaweed Extract,9.9,Growth stimulant and micronutrients,Prefer organic alternatives where possible.,9.79,2475.0
2025-04-22,26.9,51.2,31.3,62.6,Seedling,Urea,23.8,Nitrogen boost for vegetative growth,Maintain irrigation schedule to avoid fertilizer runoff.,9.57,2856.0
2025-01-18,28.1,42.6,35.8,73.9,Flowering,Iron Chelate,7.0,Iron supply to prevent chlorosis,Ensure soil testing before application.,9.43,3150.0
2025-03-16,24.1,69.7,30.7,65.5,Flowering,Iron Chelate,7.0,Iron supply to prevent chlorosis,Prefer organic alternatives where possible.,9.69,3150.0
2025-10-28,33.0,52.9,32.1,67.8,Seedling,Calcium Nitrate,20.6,Calcium and nitrate supply for strong stems,Prefer organic alternatives where possible.,10.11,4120.0
2025-06-20,30.9,67.2,27.1,66.6,Harvest,Green Manure,17.6,Nitrogen enrichment from legumes,Maintain irrigation schedule to avoid fertilizer runoff.,10.27,528.0
2025-09-25,24.1,68.2,33.5,90.5,Harvest,Green Manure,22.6,Nitrogen enrichment from legumes,Use split application to reduce leaching.,10.8,678.0
2025-07-04,23.2,50.8,29.6,94.8,Panicle Initiation,DAP,23.5,Phosphorus for root development,Maintain irrigation schedule to avoid fertilizer runoff.,10.0,3525.0
2025-05-22,28.9,32.1,33.4,93.2,Flowering,Boron,4.9,Micronutrient for flower formation,Prefer organic alternatives where possible.,8.99,2450.0
2025-09-10,32.1,66.8,29.4,88.8,Harvest,Phosphate Rock,18.9,Slow-release phosphorus,Maintain irrigation schedule to avoid fertilizer runoff.,11.0,1701.0
2025-03-03,26.4,34.7,27.5,91.8,Harvest,Organic Compost,13.3,Improves soil structure and moisture retention,Ensure soil testing before application.,9.0,665.0
2025-01-17,27.6,64.1,34.0,70.6,Flowering,Zinc Sulphate,8.9,Improves grain quality and resistance,Prefer organic alternatives where possible.,10.04,2670.0
2025-05-11,26.1,33.8,29.4,86.0,Panicle Initiation,Urea,19.8,Nitrogen boost for vegetative growth,Prefer organic alternatives where possible.,9.19,2376.0
2025-05-05,28.9,65.7,28.7,62.6,Seedling,Calcium Nitrate,19.2,Calcium and nitrate supply for strong stems,Ensure soil testing before application.,10.05,3840.0
2025-04-06,27.5,39.5,28.5,80.7,Panicle Initiation,Seaweed Extract,10.7,Growth stimulant and micronutrients,Prefer organic alternatives where possible.,9.26,2675.0
2025-08-09,22.2,70.5,27.7,87.4,Harvest,Green Manure,19.9,Nitrogen enrichment from legumes,Ensure soil testing before application.,10.25,597.0
2025-06-21,22.4,30.0,33.9,60.9,Seedling,Calcium Nitrate,18.9,Calcium and nitrate supply for strong stems,Avoid chemical overuse; combine with compost.,8.49,3780.0
2025-09-17,26.8,67.2,27.3,83.5,Flowering,Zinc Sulphate,11.2,Improves grain quality and resistance,Use split application to reduce leaching.,10.21,3360.0
2025-03-27,22.8,52.4,27.3,79.8,Panicle Initiation,Humic Acid,13.4,Soil conditioner and nutrient uptake,Ensure soil testing before application.,9.48,2948.0
2025-06-19,24.7,64.1,30.1,60.5,Flowering,Iron Chelate,7.8,Iron supply to prevent chlorosis,Prefer organic alternatives where possible.,9.48,3510.0
2025-10-18,24.2,36.6,32.5,70.9,Seedling,Calcium Nitrate,20.7,Calcium and nitrate supply for strong stems,Prefer organic alternatives where possible.,8.86,4140.0
2025-03-29,33.0,49.8,34.6,90.2,Flowering,Boron,5.7,Micronutrient for flower formation,Use split application to reduce leaching.,9.94,2850.0
2025-09-07,25.5,27.1,26.7,89.1,Flowering,Boron,4.6,Micronutrient for flower formation,Use split application to reduce leaching.,8.57,2300.0
2025-08-10,30.2,26.0,32.0,62.2,Flowering,Copper Sulphate,6.1,Micronutrient for enzyme activation,Maintain irrigation schedule to avoid fertilizer runoff.,8.32,2440.0
2025-12-17,30.7,74.2,34.5,62.6,Seedling,Ammonium Sulphate,23.2,Nitrogen and sulphur supply,Use split application to reduce leaching.,10.65,3248.0
2025-04-20,30.0,67.9,27.8,89.7,Seedling,Magnesium Sulphate,14.4,Magnesium for chlorophyll synthesis,Ensure soil testing before application.,10.63,2592.0
2025-03-30,33.8,69.9,27.7,90.8,Flowering,Boron,4.5,Micronutrient for flower formation,Ensure soil testing before application.,10.72,2250.0
2025-12-19,22.2,70.4,32.2,75.7,Flowering,Boron,4.7,Micronutrient for flower formation,Maintain irrigation schedule to avoid fertilizer runoff.,10.06,2350.0
2025-09-09,27.8,69.5,27.4,75.0,Seedling,Ammonium Sulphate,19.7,Nitrogen and sulphur supply,Maintain irrigation schedule to avoid fertilizer runoff.,10.37,2758.0
2025-08-27,25.4,25.1,26.4,69.3,Tillering,Biochar,27.0,Improves soil fertility and carbon retention,Ensure soil testing before application.,8.58,2700.0
2025-03-31,27.1,30.2,26.8,66.3,Tillering,Biochar,23.3,Improves soil fertility and carbon retention,Maintain irrigation schedule to avoid fertilizer runoff.,8.76,2330.0
2025-08-02,23.0,70.1,29.9,67.9,Flowering,Copper Sulphate,6.2,Micronutrient for enzyme activation,Prefer organic alternatives where possible.,9.76,2480.0
2025-10-08,23.2,40.3,29.8,81.9,Panicle Initiation,Urea,17.2,Nitrogen boost for vegetative growth,Use split application to reduce leaching.,9.23,2064.0
2025-04-27,28.3,54.7,29.7,87.9,Flowering,Copper Sulphate,6.7,Micronutrient for enzyme activation,Use split application to reduce leaching.,10.06,2680.0
2025-09-07,25.3,61.7,31.3,75.4,Panicle Initiation,Seaweed Extract,10.0,Growth stimulant and micronutrients,Avoid chemical overuse; combine with compost.,9.76,2500.0
2025-02-09,26.2,48.0,28.8,69.8,Seedling,Ammonium Sulphate,23.0,Nitrogen and sulphur supply,Avoid chemical overuse; combine with compost.,9.55,3220.0
2025-07-20,29.1,46.5,29.8,62.4,Seedling,DAP,21.0,Phosphorus for root development,Ensure soil testing before application.,9.33,3150.0
2025-07-21,33.6,63.3,27.3,81.3,Seedling,Calcium Nitrate,18.8,Calcium and nitrate supply for strong stems,Ensure soil testing before application.,10.56,3760.0
2025-03-08,29.4,25.3,33.1,66.6,Tillering,Biochar,27.3,Improves soil fertility and carbon retention,Use split application to reduce leaching.,8.66,2730.0
2025-08-22,24.6,70.8,30.0,63.4,Harvest,Phosphate Rock,20.2,Slow-release phosphorus,Use split application to reduce leaching.,9.98,1818.0
2025-04-26,32.0,26.8,26.9,79.9,Seedling,Magnesium Sulphate,15.2,Magnesium for chlorophyll synthesis,Ensure soil testing before application.,9.01,2736.0
2025-07-05,32.8,68.3,26.7,69.4,Harvest,Green Manure,22.5,Nitrogen enrichment from legumes,Maintain irrigation schedule to avoid fertilizer runoff.,10.5,675.0
2025-08-02,32.5,65.3,30.0,85.5,Panicle Initiation,Seaweed Extract,9.1,Growth stimulant and micronutrients,Ensure soil testing before application.,10.41,2275.0
2025-03-10,22.9,45.3,35.1,81.5,Harvest,Green Manure,19.4,Nitrogen enrichment from legumes,Avoid chemical overuse; combine with compost.,9.44,582.0
2025-05-25,29.3,66.3,26.4,75.9,Flowering,Copper Sulphate,7.1,Micronutrient for enzyme activation,Ensure soil testing before application.,10.13,2840.0
2025-06-30,25.3,60.5,32.2,85.6,Seedling,Urea,25.4,Nitrogen boost for vegetative growth,Avoid chemical overuse; combine with compost.,10.22,3048.0
2025-04-15,25.7,26.2,33.6,83.7,Seedling,Calcium Nitrate,17.3,Calcium and nitrate supply for strong stems,Prefer organic alternatives where possible.,8.93,3460.0
2025-03-27,22.5,34.7,30.3,86.2,Seedling,Urea,23.8,Nitrogen boost for vegetative growth,Use split application to reduce leaching.,9.17,2856.0
2025-08-02,26.8,60.5,27.9,83.1,Tillering,Compost Tea,18.2,Enhances microbial activity,Ensure soil testing before application.,10.2,1456.0
2025-07-23,22.6,56.0,35.7,68.1,Panicle Initiation,Seaweed Extract,9.7,Growth stimulant and micronutrients,Avoid chemical overuse; combine with compost.,9.39,2425.0
2025-02-09,24.7,58.2,28.2,66.5,Tillering,Urea,34.2,Nitrogen boost for vegetative growth,Avoid chemical overuse; combine with compost.,9.85,4104.0
2025-05-14,26.8,60.7,30.7,85.1,Tillering,MOP,18.2,Potassium for stem and disease resistance,Use split application to reduce leaching.,10.29,2366.0
2025-10-28,33.8,43.2,32.1,81.6,Flowering,Copper Sulphate,6.7,Micronutrient for enzyme activation,Avoid chemical overuse; combine with compost.,9.54,2680.0
2025-05-09,25.0,48.7,26.0,69.6,Flowering,Boron,5.7,Micronutrient for flower formation,Avoid chemical overuse; combine with compost.,8.95,2850.0
2025-07-29,30.5,63.6,33.1,84.3,Panicle Initiation,Urea,18.5,Nitrogen boost for vegetative growth,Use split application to reduce leaching.,10.58,2220.0
2025-04-28,33.8,37.9,33.4,68.6,Panicle Initiation,Potash,21.7,Potassium for stress tolerance,Prefer organic alternatives where possible.,9.53,3472.0
2025-02-27,24.3,50.1,31.3,90.9,Flowering,Iron Chelate,6.9,Iron supply to prevent chlorosis,Avoid chemical overuse; combine with compost.,9.68,3105.0
2025-01-21,23.6,72.6,34.6,82.0,Flowering,Iron Chelate,7.9,Iron supply to prevent chlorosis,Ensure soil testing before application.,10.42,3555.0
2025-01-22,31.7,74.0,32.6,82.5,Flowering,Iron Chelate,8.4,Iron supply to prevent chlorosis,Use split application to reduce leaching.,11.01,3780.0
2025-12-23,24.4,50.3,29.2,67.1,Tillering,Urea,37.1,Nitrogen boost for vegetative growth,Prefer organic alternatives where possible.,9.6,4452.0
2025-02-11,23.2,27.4,31.3,72.4,Panicle Initiation,Potash,22.8,Potassium for stress tolerance,Avoid chemical overuse; combine with compost.,8.55,3648.0
2025-04-01,33.6,70.9,28.0,80.8,Tillering,Urea,38.7,Nitrogen boost for vegetative growth,Use split application to reduce leaching.,11.33,4644.0
2025-11-24,24.0,41.6,32.6,68.1,Tillering,Biochar,27.5,Improves soil fertility and carbon retention,Avoid chemical overuse; combine with compost.,9.36,2750.0
2025-08-21,29.1,40.5,29.5,82.1,Seedling,Calcium Nitrate,18.8,Calcium and nitrate supply for strong stems,Use split application to reduce leaching.,9.41,3760.0
2025-06-20,28.8,57.7,26.1,87.6,Harvest,Organic Compost,15.8,Improves soil structure and moisture retention,Maintain irrigation schedule to avoid fertilizer runoff.,10.19,790.0
2025-04-25,24.2,59.0,32.4,70.3,Flowering,MOP,26.9,Potassium for stem and disease resistance,Maintain irrigation schedule to avoid fertilizer runoff.,10.03,3497.0
2025-01-21,33.2,32.5,30.9,73.4,Panicle Initiation,Potash,25.2,Potassium for stress tolerance,Use split application to reduce leaching.,9.18,4032.0
2025-04-20,27.0,52.7,32.9,63.6,Harvest,Phosphate Rock,20.0,Slow-release phosphorus,Maintain irrigation schedule to avoid fertilizer runoff.,9.67,1800.0
2025-06-05,22.0,67.5,29.4,83.3,Harvest,Phosphate Rock,16.6,Slow-release phosphorus,Use split application to reduce leaching.,10.04,1494.0
2025-03-03,28.1,59.8,34.6,64.2,Panicle Initiation,Urea,18.3,Nitrogen boost for vegetative growth,Avoid chemical overuse; combine with compost.,10.14,2196.0
2025-11-05,30.6,65.7,30.6,69.0,Harvest,Organic Compost,12.9,Improves soil structure and moisture retention,Maintain irrigation schedule to avoid fertilizer runoff.,10.18,645.0
2025-08-01,33.2,46.4,34.7,73.7,Tillering,Compost Tea,17.5,Enhances microbial activity,Use split application to reduce leaching.,9.98,1400.0
2025-09-25,28.8,37.6,31.5,93.0,Flowering,Zinc Sulphate,8.8,Improves grain quality and resistance,Avoid chemical overuse; combine with compost.,9.58,2640.0
2025-04-25,22.7,53.7,33.2,72.5,Panicle Initiation,Humic Acid,13.1,Soil conditioner and nutrient uptake,Ensure soil testing before application.,9.41,2882.0
2025-05-03,29.1,74.7,32.5,88.6,Harvest,Organic Compost,16.5,Improves soil structure and moisture retention,Use split application to reduce leaching.,11.04,825.0
2025-03-14,25.0,65.7,32.5,62.9,Seedling,Ammonium Sulphate,22.5,Nitrogen and sulphur supply,Maintain irrigation schedule to avoid fertilizer runoff.,10.23,3150.0
2025-07-01,30.6,61.3,36.0,82.0,Seedling,Ammonium Sulphate,22.9,Nitrogen and sulphur supply,Use split application to reduce leaching.,10.54,3206.0
2025-02-17,30.7,41.3,33.1,62.2,Flowering,Iron Chelate,7.3,Iron supply to prevent chlorosis,Use split application to reduce leaching.,9.11,3285.0
2025-12-24,22.1,44.6,29.5,92.0,Tillering,MOP,17.4,Potassium for stem and disease resistance,Use split application to reduce leaching.,9.66,2262.0
2025-11-06,33.7,60.5,34.8,82.5,Flowering,Copper Sulphate,7.5,Micronutrient for enzyme activation,Ensure soil testing before application.,10.45,3000.0
2025-03-07,28.8,57.1,32.4,64.5,Harvest,Green Manure,22.7,Nitrogen enrichment from legumes,Ensure soil testing before application.,9.76,681.0
2025-03-27,29.9,43.5,30.0,72.3,Panicle Initiation,Seaweed Extract,9.7,Growth stimulant and micronutrients,Maintain irrigation schedule to avoid fertilizer runoff.,9.27,2425.0
2025-07-19,31.2,43.0,36.0,81.8,Flowering,MOP,25.2,Potassium for stem and disease resistance,Maintain irrigation schedule to avoid fertilizer runoff.,9.9,3276.0
2025-06-06,26.7,75.0,29.5,90.2,Tillering,MOP,17.4,Potassium for stem and disease resistance,Avoid chemical overuse; combine with compost.,10.73,2262.0
2025-02-12,24.9,35.4,28.4,81.0,Tillering,Compost Tea,20.1,Enhances microbial activity,Ensure soil testing before application.,8.91,1608.0
2025-03-08,27.7,28.0,31.8,89.5,Tillering,MOP,21.4,Potassium for stem and disease resistance,Maintain irrigation schedule to avoid fertilizer runoff.,9.32,2782.0
2025-04-19,27.2,46.3,26.2,67.2,Seedling,Calcium Nitrate,17.6,Calcium and nitrate supply for strong stems,Use split application to reduce leaching.,9.36,3520.0
2025-09-04,32.3,39.3,29.2,89.5,Seedling,Ammonium Sulphate,18.9,Nitrogen and sulphur supply,Maintain irrigation schedule to avoid fertilizer runoff.,9.69,2646.0
2025-07-28,24.3,65.1,36.0,88.0,Harvest,Green Manure,19.0,Nitrogen enrichment from legumes,Ensure soil testing before application.,10.55,570.0
2025-06-16,29.8,35.7,29.6,88.3,Panicle Initiation,Potash,19.1,Potassium for stress tolerance,Prefer organic alternatives where possible.,9.26,3056.0
2025-11-02,25.4,48.5,33.4,63.7,Seedling,Ammonium Sulphate,23.3,Nitrogen and sulphur supply,Maintain irrigation schedule to avoid fertilizer runoff.,9.34,3262.0
2025-03-08,29.3,59.2,34.5,70.2,Flowering,MOP,26.6,Potassium for stem and disease resistance,Use split application to reduce leaching.,10.27,3458.0
2025-08-02,28.7,70.0,26.5,90.9,Harvest,Phosphate Rock,20.4,Slow-release phosphorus,Maintain irrigation schedule to avoid fertilizer runoff.,10.8,1836.0
2025-11-07,24.4,55.2,31.7,94.4,Flowering,Iron Chelate,8.3,Iron supply to prevent chlorosis,Maintain irrigation schedule to avoid fertilizer runoff.,10.06,3735.0
2025-09-14,29.4,47.9,31.4,69.3,Seedling,Calcium Nitrate,17.3,Calcium and nitrate supply for strong stems,Prefer organic alternatives where possible.,9.36,3460.0
2025-12-13,22.1,69.7,33.9,77.9,Panicle Initiation,Potash,24.7,Potassium for stress tolerance,Ensure soil testing before application.,10.31,3952.0
2025-07-31,31.1,52.3,34.6,72.2,Flowering,Boron,4.5,Micronutrient for flower formation,Ensure soil testing before application.,9.56,2250.0
2025-03-10,25.7,30.3,28.0,76.5,Flowering,Zinc Sulphate,9.0,Improves grain quality and resistance,Ensure soil testing before application.,8.52,2700.0
2025-12-11,23.4,27.7,27.6,62.7,Tillering,Urea,39.9,Nitrogen boost for vegetative growth,Ensure soil testing before application.,8.81,4788.0
2025-06-15,30.8,60.6,28.6,63.6,Tillering,Urea,30.5,Nitrogen boost for vegetative growth,Avoid chemical overuse; combine with compost.,10.28,3660.0
2025-09-12,29.0,62.3,33.7,84.8,Harvest,Phosphate Rock,17.1,Slow-release phosphorus,Use split application to reduce leaching.,10.54,1539.0
2025-11-19,27.3,57.2,35.6,82.1,Tillering,Biochar,27.8,Improves soil fertility and carbon retention,Prefer organic alternatives where possible.,10.51,2780.0
2025-12-20,33.4,70.3,32.7,72.6,Seedling,Ammonium Sulphate,21.2,Nitrogen and sulphur supply,Prefer organic alternatives where possible.,10.84,2968.0
2025-08-10,28.0,74.2,28.9,82.0,Seedling,Calcium Nitrate,17.2,Calcium and nitrate supply for strong stems,Prefer organic alternatives where possible.,10.86,3440.0
2025-04-22,30.1,27.7,27.3,86.3,Seedling,Magnesium Sulphate,17.2,Magnesium for chlorophyll synthesis,Use split application to reduce leaching.,9.12,3096.0
2025-08-23,23.8,56.4,34.5,65.7,Tillering,Biochar,28.1,Improves soil fertility and carbon retention,Ensure soil testing before application.,10.0,2810.0
2025-11-06,31.4,70.6,28.3,61.9,Flowering,Zinc Sulphate,8.8,Improves grain quality and resistance,Use split application to reduce leaching.,10.03,2640.0
2025-07-13,30.3,28.7,29.1,85.8,Seedling,Magnesium Sulphate,14.0,Magnesium for chlorophyll synthesis,Maintain irrigation schedule to avoid fertilizer runoff.,9.19,2520.0
2025-12-08,29.1,71.3,30.1,81.6,Tillering,Biochar,26.7,Improves soil fertility and carbon retention,Ensure soil testing before application.,10.79,2670.0
2025-12-25,31.4,46.0,35.4,89.7,Flowering,Copper Sulphate,7.2,Micronutrient for enzyme activation,Maintain irrigation schedule to avoid fertilizer runoff.,9.83,2880.0
2025-07-31,26.6,48.2,26.5,91.1,Flowering,Copper Sulphate,6.7,Micronutrient for enzyme activation,Ensure soil testing before application.,9.35,2680.0
2025-08-12,26.7,41.9,35.4,80.3,Harvest,Green Manure,17.3,Nitrogen enrichment from legumes,Maintain irrigation schedule to avoid fertilizer runoff.,9.36,519.0
2025-12-30,23.2,47.0,31.7,75.2,Flowering,Copper Sulphate,7.7,Micronutrient for enzyme activation,Ensure soil testing before application.,9.29,3080.0
2025-12-02,32.5,65.7,29.7,67.0,Seedling,DAP,22.5,Phosphorus for root development,Maintain irrigation schedule to avoid fertilizer runoff.,10.37,3375.0
2025-09-02,33.6,64.7,26.4,69.2,Seedling,Ammonium Sulphate,21.7,Nitrogen and sulphur supply,Use split application to reduce leaching.,10.39,3038.0
2025-11-22,30.7,47.3,35.0,91.8,Panicle Initiation,Potash,24.8,Potassium for stress tolerance,Ensure soil testing before application.,10.12,3968.0
2025-07-12,33.1,48.9,28.7,65.0,Tillering,Biochar,22.7,Improves soil fertility and carbon retention,Avoid chemical overuse; combine with compost.,9.76,2270.0
2025-02-17,29.0,50.1,29.1,62.9,Harvest,Organic Compost,12.9,Improves soil structure and moisture retention,Maintain irrigation schedule to avoid fertilizer runoff.,9.51,645.0
2025-02-12,27.4,36.5,27.5,92.9,Flowering,Copper Sulphate,6.8,Micronutrient for enzyme activation,Use split application to reduce leaching.,9.25,2720.0
2025-03-15,26.0,28.4,27.4,65.6,Panicle Initiation,Humic Acid,15.9,Soil conditioner and nutrient uptake,Prefer organic alternatives where possible.,8.52,3498.0
2025-04-26,24.0,38.9,30.2,75.2,Flowering,Boron,5.2,Micronutrient for flower formation,Avoid chemical overuse; combine with compost.,8.63,2600.0
2025-06-09,28.7,65.7,31.4,81.1,Harvest,Phosphate Rock,16.3,Slow-release phosphorus,Use split application to reduce leaching.,10.37,1467.0
2025-07-06,33.8,57.4,28.1,93.4,Seedling,Magnesium Sulphate,15.5,Magnesium for chlorophyll synthesis,Maintain irrigation schedule to avoid fertilizer runoff.,10.69,2790.0
2025-07-02,28.2,71.6,28.8,93.5,Panicle Initiation,Potash,21.2,Potassium for stress tolerance,Ensure soil testing before application.,10.98,3392.0
2025-11-13,31.8,27.4,26.2,86.1,Seedling,Urea,27.4,Nitrogen boost for vegetative growth,Use split application to reduce leaching.,9.39,3288.0
2025-03-18,29.6,36.6,29.7,87.1,Flowering,Copper Sulphate,6.2,Micronutrient for enzyme activation,Avoid chemical overuse; combine with compost.,9.02,2480.0
2025-11-09,28.6,69.1,26.1,62.3,Panicle Initiation,Seaweed Extract,9.1,Growth stimulant and micronutrients,Use split application to reduce leaching.,9.99,2275.0
2025-04-26,30.8,71.1,32.1,65.3,Seedling,DAP,21.2,Phosphorus for root development,Maintain irrigation schedule to avoid fertilizer runoff.,10.54,3180.0
2025-09-07,27.6,55.7,29.6,61.4,Flowering,Copper Sulphate,7.0,Micronutrient for enzyme activation,Use split application to reduce leaching.,9.5,2800.0
2025-12-21,28.1,32.9,29.0,72.9,Panicle Initiation,Potash,24.5,Potassium for stress tolerance,Maintain irrigation schedule to avoid fertilizer runoff.,9.2,3920.0
2025-09-04,27.2,39.7,35.2,87.8,Harvest,Organic Compost,14.9,Improves soil structure and moisture retention,Prefer organic alternatives where possible.,9.63,745.0
2025-01-01,23.2,65.6,29.7,64.3,Harvest,Phosphate Rock,19.1,Slow-release phosphorus,Use split application to reduce leaching.,9.74,1719.0
2025-12-02,32.1,57.1,34.4,66.7,Tillering,Organic Compost,26.6,Improves soil structure and moisture retention,Ensure soil testing before application.,10.3,1330.0
2025-02-23,30.5,45.2,31.6,80.7,Harvest,Phosphate Rock,17.9,Slow-release phosphorus,Use split application to reduce leaching.,9.91,1611.0
2025-05-27,33.0,66.4,30.1,63.3,Flowering,Zinc Sulphate,9.0,Improves grain quality and resistance,Avoid chemical overuse; combine with compost.,10.21,2700.0
2025-04-08,32.6,60.0,26.7,91.6,Panicle Initiation,DAP,23.9,Phosphorus for root development,Prefer organic alternatives where possible.,10.75,3585.0
2025-10-23,23.2,26.8,29.6,63.8,Tillering,Urea,36.1,Nitrogen boost for vegetative growth,Avoid chemical overuse; combine with compost.,8.52,4332.0
2025-09-02,32.2,39.9,26.6,87.4,Harvest,Organic Compost,17.1,Improves soil structure and moisture retention,Avoid chemical overuse; combine with compost.,9.47,855.0
2025-01-03,22.3,58.8,26.7,66.5,Tillering,Biochar,26.6,Improves soil fertility and carbon retention,Use split application to reduce leaching.,9.52,2660.0
2025-07-02,32.4,60.2,34.2,86.6,Tillering,Compost Tea,18.4,Enhances microbial activity,Maintain irrigation schedule to avoid fertilizer runoff.,10.74,1472.0
2025-02-01,28.4,47.2,33.0,68.4,Flowering,Zinc Sulphate,9.1,Improves grain quality and resistance,Use split application to reduce leaching.,9.39,2730.0
2025-11-02,25.3,31.3,27.1,84.6,Seedling,Ammonium Sulphate,25.0,Nitrogen and sulphur supply,Use split application to reduce leaching.,9.09,3500.0
2025-08-09,31.8,57.8,30.2,79.2,Panicle Initiation,Seaweed Extract,9.6,Growth stimulant and micronutrients,Maintain irrigation schedule to avoid fertilizer runoff.,10.03,2400.0
2025-06-11,27.8,74.2,26.4,79.8,Seedling,Magnesium Sulphate,16.0,Magnesium for chlorophyll synthesis,Maintain irrigation schedule to avoid fertilizer runoff.,10.73,2880.0
2025-12-02,28.2,53.2,35.9,66.3,Tillering,Compost Tea,22.6,Enhances microbial activity,Avoid chemical overuse; combine with compost.,10.0,1808.0
2025-11-07,29.6,41.9,30.0,67.1,Panicle Initiation,Potash,20.7,Potassium for stress tolerance,Maintain irrigation schedule to avoid fertilizer runoff.,9.32,3312.0
2025-11-06,29.9,34.8,29.8,76.2,Panicle Initiation,Seaweed Extract,8.6,Growth stimulant and micronutrients,Prefer organic alternatives where possible.,8.79,2150.0
2025-05-27,31.8,62.4,30.0,66.2,Tillering,Organic Compost,27.8,Improves soil structure and moisture retention,Prefer organic alternatives where possible.,10.32,1390.0
2025-06-16,28.6,56.5,30.8,62.8,Flowering,Zinc Sulphate,10.3,Improves grain quality and resistance,Use split application to reduce leaching.,9.67,3090.0
2025-03-08,30.6,31.6,27.4,78.2,Flowering,Copper Sulphate,8.0,Micronutrient for enzyme activation,Avoid chemical overuse; combine with compost.,8.79,3200.0
2025-03-08,23.4,27.5,31.3,65.5,Panicle Initiation,Seaweed Extract,8.6,Growth stimulant and micronutrients,Avoid chemical overuse; combine with compost.,8.09,2150.0
2025-02-20,23.3,30.7,32.6,79.1,Harvest,Green Manure,17.9,Nitrogen enrichment from legumes,Avoid chemical overuse; combine with compost.,8.92,537.0
2025-11-01,22.8,38.7,29.7,67.2,Seedling,Magnesium Sulphate,13.8,Magnesium for chlorophyll synthesis,Avoid chemical overuse; combine with compost.,8.53,2484.0
2025-10-27,23.3,67.6,31.2,61.0,Flowering,Zinc Sulphate,9.8,Improves grain quality and resistance,Avoid chemical overuse; combine with compost.,9.92,2940.0
2025-02-19,25.4,34.0,27.8,68.1,Harvest,Organic Compost,14.8,Improves soil structure and moisture retention,Maintain irrigation schedule to avoid fertilizer runoff.,8.5,740.0
2025-09-24,26.2,33.7,28.2,87.6,Panicle Initiation,Seaweed Extract,11.1,Growth stimulant and micronutrients,Prefer organic alternatives where possible.,9.07,2775.0
2025-04-05,26.8,36.4,27.5,78.1,Tillering,MOP,17.8,Potassium for stem and disease resistance,Avoid chemical overuse; combine with compost.,8.88,2314.0
2025-06-27,26.3,61.7,35.6,71.6,Panicle Initiation,Potash,21.7,Potassium for stress tolerance,Avoid chemical overuse; combine with compost.,10.07,3472.0
2025-07-17,30.3,33.8,32.9,65.9,Tillering,Biochar,26.0,Improves soil fertility and carbon retention,Ensure soil testing before application.,9.04,2600.0
2025-07-11,27.8,42.5,36.0,94.5,Harvest,Green Manure,19.9,Nitrogen enrichment from legumes,Ensure soil testing before application.,10.08,597.0
2025-05-27,30.8,62.8,29.9,69.6,Panicle Initiation,Humic Acid,14.7,Soil conditioner and nutrient uptake,Avoid chemical overuse; combine with compost.,10.07,3234.0
2025-10-13,29.6,33.7,32.7,73.5,Tillering,Organic Compost,26.6,Improves soil structure and moisture retention,Prefer organic alternatives where possible.,9.36,1330.0
2025-07-15,27.8,61.7,33.5,62.6,Tillering,Urea,30.6,Nitrogen boost for vegetative growth,Use split application to reduce leaching.,10.22,3672.0
2025-08-26,30.3,44.7,34.9,80.6,Panicle Initiation,Humic Acid,13.2,Soil conditioner and nutrient uptake,Avoid chemical overuse; combine with compost.,9.68,2904.0
2025-04-29,30.8,38.1,26.8,88.9,Flowering,Copper Sulphate,6.2,Micronutrient for enzyme activation,Prefer organic alternatives where possible.,9.22,2480.0
2025-11-18,27.0,64.9,31.9,69.1,Panicle Initiation,Potash,21.7,Potassium for stress tolerance,Maintain irrigation schedule to avoid fertilizer runoff.,10.12,3472.0
2025-02-04,30.9,39.8,27.7,87.1,Panicle Initiation,Potash,25.1,Potassium for stress tolerance,Maintain irrigation schedule to avoid fertilizer runoff.,9.52,4016.0
2025-11-06,29.3,69.1,28.9,64.0,Harvest,Organic Compost,16.6,Improves soil structure and moisture retention,Prefer organic alternatives where possible.,10.33,830.0
2025-06-04,22.4,49.1,28.5,72.9,Tillering,Urea,39.7,Nitrogen boost for vegetative growth,Use split application to reduce leaching.,9.85,4764.0
2025-12-23,33.0,26.9,27.6,60.2,Tillering,Organic Compost,27.8,Improves soil structure and moisture retention,Maintain irrigation schedule to avoid fertilizer runoff.,8.82,1390.0
2025-01-20,33.1,32.8,29.6,83.8,Tillering,Organic Compost,29.2,Improves soil structure and moisture retention,Use split application to reduce leaching.,9.65,1460.0
2025-09-23,23.2,29.0,32.1,75.9,Seedling,Magnesium Sulphate,15.4,Magnesium for chlorophyll synthesis,Prefer organic alternatives where possible.,8.44,2772.0
2025-12-15,32.2,63.8,26.2,90.8,Harvest,Phosphate Rock,16.5,Slow-release phosphorus,Ensure soil testing before application.,10.73,1485.0
2025-04-29,31.8,68.3,31.4,92.5,Harvest,Organic Compost,14.5,Improves soil structure and moisture retention,Maintain irrigation schedule to avoid fertilizer runoff.,10.92,725.0
2025-12-19,23.8,67.6,31.6,67.3,Tillering,Compost Tea,22.8,Enhances microbial activity,Avoid chemical overuse; combine with compost.,9.98,1824.0
2025-06-08,23.7,29.1,35.8,70.3,Tillering,MOP,17.7,Potassium for stem and disease resistance,Prefer organic alternatives where possible.,8.78,2301.0
2025-02-10,22.7,51.0,31.6,69.9,Panicle Initiation,DAP,23.4,Phosphorus for root development,Prefer organic alternatives where possible.,9.6,3510.0
2025-07-21,33.8,39.6,27.8,80.1,Panicle Initiation,Potash,20.4,Potassium for stress tolerance,Maintain irrigation schedule to avoid fertilizer runoff.,9.78,3264.0
2025-07-20,26.9,69.4,35.2,94.2,Harvest,Phosphate Rock,19.4,Slow-release phosphorus,Avoid chemical overuse; combine with compost.,10.92,1746.0
2025-04-29,30.9,56.7,35.5,79.4,Harvest,Phosphate Rock,17.2,Slow-release phosphorus,Ensure soil testing before application.,10.21,1548.0
2025-01-01,34.0,31.8,28.1,85.4,Flowering,MOP,23.9,Potassium for stem and disease resistance,Prefer organic alternatives where possible.,9.6,3107.0
2025-02-15,25.8,53.5,29.5,79.6,Tillering,MOP,22.7,Potassium for stem and disease resistance,Avoid chemical overuse; combine with compost.,9.93,2951.0
2025-03-23,25.2,41.0,29.3,78.9,Panicle Initiation,Urea,18.1,Nitrogen boost for vegetative growth,Ensure soil testing before application.,9.39,2172.0
2025-03-18,31.4,43.7,32.5,92.4,Panicle Initiation,Potash,21.3,Potassium for stress tolerance,Maintain irrigation schedule to avoid fertilizer runoff.,10.15,3408.0
2025-07-11,28.2,71.7,30.7,73.1,Seedling,Urea,22.6,Nitrogen boost for vegetative growth,Maintain irrigation schedule to avoid fertilizer runoff.,10.5,2712.0
2025-09-12,33.3,62.2,30.8,71.5,Flowering,MOP,24.1,Potassium for stem and disease resistance,Ensure soil testing before application.,10.49,3133.0
2025-01-19,33.2,55.9,29.8,78.0,Panicle Initiation,Potash,22.4,Potassium for stress tolerance,Avoid chemical overuse; combine with compost.,10.45,3584.0
2025-09-08,22.7,52.0,31.4,84.8,Harvest,Organic Compost,15.7,Improves soil structure and moisture retention,Maintain irrigation schedule to avoid fertilizer runoff.,9.54,785.0
2025-04-23,31.2,69.1,30.5,61.0,Flowering,Copper Sulphate,6.6,Micronutrient for enzyme activation,Use split application to reduce leaching.,9.91,2640.0
2025-09-06,23.4,70.8,33.6,75.6,Panicle Initiation,Urea,22.4,Nitrogen boost for vegetative growth,Prefer organic alternatives where possible.,10.35,2688.0
2025-11-22,31.1,26.5,32.7,68.4,Panicle Initiation,Urea,17.5,Nitrogen boost for vegetative growth,Maintain irrigation schedule to avoid fertilizer runoff.,8.77,2100.0
2025-02-03,25.6,72.4,35.3,85.4,Panicle Initiation,Seaweed Extract,8.8,Growth stimulant and micronutrients,Use split application to reduce leaching.,10.66,2200.0
2025-05-29,22.5,29.8,27.7,84.3,Panicle Initiation,Urea,22.2,Nitrogen boost for vegetative growth,Use split application to reduce leaching.,8.69,2664.0
2025-09-26,33.5,26.1,30.0,93.7,Panicle Initiation,DAP,23.2,Phosphorus for root development,Prefer organic alternatives where possible.,9.55,3480.0
2025-10-29,25.2,28.1,28.7,92.5,Panicle Initiation,DAP,24.2,Phosphorus for root development,Maintain irrigation schedule to avoid fertilizer runoff.,9.14,3630.0
2025-12-18,31.4,74.2,29.6,81.8,Panicle Initiation,Humic Acid,16.6,Soil conditioner and nutrient uptake,Use split application to reduce leaching.,10.78,3652.0
2025-06-19,25.1,68.3,33.1,72.6,Harvest,Green Manure,18.4,Nitrogen enrichment from legumes,Prefer organic alternatives where possible.,10.21,552.0
2025-12-07,22.4,29.8,26.6,62.3,Tillering,Compost Tea,20.6,Enhances microbial activity,Use split application to reduce leaching.,8.07,1648.0
2025-12-11,27.1,67.4,27.9,93.7,Seedling,DAP,18.5,Phosphorus for root development,Avoid chemical overuse; combine with compost.,10.58,2775.0
2025-05-06,32.5,73.0,30.7,79.5,Harvest,Organic Compost,12.9,Improves soil structure and moisture retention,Ensure soil testing before application.,10.78,645.0
2025-05-10,33.5,38.1,33.0,74.8,Panicle Initiation,Urea,19.1,Nitrogen boost for vegetative growth,Maintain irrigation schedule to avoid fertilizer runoff.,9.64,2292.0
2025-10-19,24.4,38.3,29.2,90.7,Panicle Initiation,Humic Acid,14.7,Soil conditioner and nutrient uptake,Avoid chemical overuse; combine with compost.,9.25,3234.0
2025-07-28,29.5,41.6,28.9,81.9,Flowering,Boron,4.9,Micronutrient for flower formation,Prefer organic alternatives where possible.,9.28,2450.0
2025-05-03,25.5,70.5,30.9,66.3,Flowering,Boron,4.9,Micronutrient for flower formation,Prefer organic alternatives where possible.,9.97,2450.0
2025-10-07,31.7,55.1,26.8,89.3,Harvest,Organic Compost,12.9,Improves soil structure and moisture retention,Use split application to reduce leaching.,10.17,645.0
2025-04-19,28.3,34.4,34.6,74.5,Seedling,Magnesium Sulphate,14.9,Magnesium for chlorophyll synthesis,Avoid chemical overuse; combine with compost.,9.31,2682.0
2025-06-14,26.4,52.1,35.3,70.8,Tillering,Organic Compost,30.2,Improves soil structure and moisture retention,Ensure soil testing before application.,9.82,1510.0
2025-09-12,26.1,37.2,28.9,63.9,Flowering,MOP,28.7,Potassium for stem and disease resistance,Avoid chemical overuse; combine with compost.,9.08,3731.0
2025-02-23,32.3,51.8,29.6,74.7,Flowering,Boron,5.2,Micronutrient for flower formation,Use split application to reduce leaching.,9.53,2600.0
2025-06-10,24.7,56.7,31.9,69.8,Tillering,Organic Compost,30.8,Improves soil structure and moisture retention,Avoid chemical overuse; combine with compost.,9.87,1540.0
2025-11-06,30.1,57.3,26.6,84.7,Flowering,MOP,24.3,Potassium for stem and disease resistance,Avoid chemical overuse; combine with compost.,10.45,3159.0
2025-04-04,25.1,28.0,26.8,61.2,Harvest,Green Manure,18.6,Nitrogen enrichment from legumes,Maintain irrigation schedule to avoid fertilizer runoff.,8.43,558.0
2025-07-19,29.3,46.7,33.0,90.4,Harvest,Organic Compost,17.2,Improves soil structure and moisture retention,Maintain irrigation schedule to avoid fertilizer runoff.,10.14,860.0
2025-10-03,31.1,51.4,30.1,74.6,Panicle Initiation,Potash,20.2,Potassium for stress tolerance,Use split application to reduce leaching.,9.74,3232.0
2025-09-11,23.9,57.5,28.7,88.8,Panicle Initiation,Potash,21.3,Potassium for stress tolerance,Use split application to reduce leaching.,10.03,3408.0
2025-10-18,31.2,67.5,33.2,94.5,Flowering,Copper Sulphate,6.0,Micronutrient for enzyme activation,Ensure soil testing before application.,10.75,2400.0
2025-11-16,23.0,56.8,33.2,88.3,Panicle Initiation,Humic Acid,17.0,Soil conditioner and nutrient uptake,Use split application to reduce leaching.,10.09,3740.0
2025-08-28,28.7,69.5,28.2,90.4,Panicle Initiation,Seaweed Extract,9.5,Growth stimulant and micronutrients,Avoid chemical overuse; combine with compost.,10.51,2375.0
2025-12-19,24.1,75.0,28.5,60.3,Seedling,DAP,20.8,Phosphorus for root development,Use split application to reduce leaching.,10.33,3120.0
2025-03-11,23.0,28.6,29.3,63.4,Flowering,Zinc Sulphate,9.5,Improves grain quality and resistance,Prefer organic alternatives where possible.,8.26,2850.0
2025-01-05,29.9,53.8,30.7,63.0,Tillering,Biochar,24.2,Improves soil fertility and carbon retention,Avoid chemical overuse; combine with compost.,9.91,2420.0
2025-10-24,27.1,66.5,35.5,85.9,Panicle Initiation,DAP,22.2,Phosphorus for root development,Use split application to reduce leaching.,10.55,3330.0
2025-10-10,30.1,54.2,26.9,80.0,Flowering,Iron Chelate,8.3,Iron supply to prevent chlorosis,Ensure soil testing before application.,9.84,3735.0
2025-05-06,25.0,42.9,30.2,85.1,Flowering,MOP,27.2,Potassium for stem and disease resistance,Avoid chemical overuse; combine with compost.,9.5,3536.0
2025-09-29,26.9,58.4,30.7,70.2,Seedling,Magnesium Sulphate,15.8,Magnesium for chlorophyll synthesis,Prefer organic alternatives where possible.,9.81,2844.0
2025-08-27,33.6,66.0,33.5,87.5,Seedling,Ammonium Sulphate,19.9,Nitrogen and sulphur supply,Ensure soil testing before application.,11.11,2786.0
2025-04-10,23.7,73.6,29.5,74.9,Harvest,Green Manure,21.6,Nitrogen enrichment from legumes,Prefer organic alternatives where possible.,10.32,648.0
2025-02-19,29.1,37.0,33.1,91.8,Seedling,Urea,26.7,Nitrogen boost for vegetative growth,Ensure soil testing before application.,9.88,3204.0
2025-12-25,26.3,32.9,34.0,64.4,Harvest,Organic Compost,15.5,Improves soil structure and moisture retention,Ensure soil testing before application.,8.61,775.0
2025-06-02,29.1,55.5,27.7,65.7,Seedling,Magnesium Sulphate,14.3,Magnesium for chlorophyll synthesis,Avoid chemical overuse; combine with compost.,9.41,2574.0
2025-09-07,23.0,52.5,28.8,69.1,Tillering,Organic Compost,27.6,Improves soil structure and moisture retention,Ensure soil testing before application.,9.39,1380.0
2025-05-12,25.7,57.9,34.7,90.9,Tillering,Urea,29.8,Nitrogen boost for vegetative growth,Prefer organic alternatives where possible.,10.4,3576.0
2025-05-12,28.6,25.4,28.3,65.7,Tillering,Biochar,21.6,Improves soil fertility and carbon retention,Avoid chemical overuse; combine with compost.,8.38,2160.0
2025-08-27,28.7,44.1,32.2,94.7,Tillering,Organic Compost,28.3,Improves soil structure and moisture retention,Ensure soil testing before application.,10.12,1415.0
2025-07-24,27.1,39.9,28.8,74.5,Panicle Initiation,Urea,18.2,Nitrogen boost for vegetative growth,Ensure soil testing before application.,9.12,2184.0
2025-05-08,26.3,25.7,28.2,66.8,Panicle Initiation,Potash,22.2,Potassium for stress tolerance,Use split application to reduce leaching.,8.56,3552.0
2025-07-17,22.8,51.0,26.8,63.1,Panicle Initiation,DAP,22.3,Phosphorus for root development,Avoid chemical overuse; combine with compost.,9.15,3345.0
2025-06-17,26.5,36.2,35.0,78.2,Seedling,DAP,21.7,Phosphorus for root development,Prefer organic alternatives where possible.,9.33,3255.0
2025-01-08,26.8,63.9,33.9,89.7,Seedling,Urea,25.2,Nitrogen boost for vegetative growth,Avoid chemical overuse; combine with compost.,10.78,3024.0
2025-06-16,28.9,66.0,31.5,76.4,Harvest,Green Manure,18.8,Nitrogen enrichment from legumes,Prefer organic alternatives where possible.,10.55,564.0
2025-04-15,27.5,50.2,26.2,84.5,Tillering,Compost Tea,17.6,Enhances microbial activity,Ensure soil testing before application.,9.9,1408.0
2025-01-27,23.8,52.0,33.8,80.0,Tillering,Organic Compost,33.0,Improves soil structure and moisture retention,Use split application to reduce leaching.,10.15,1650.0
2025-06-25,28.4,33.5,26.6,60.8,Seedling,Calcium Nitrate,16.7,Calcium and nitrate supply for strong stems,Avoid chemical overuse; combine with compost.,8.72,3340.0
2025-03-20,28.6,74.7,35.7,65.8,Flowering,MOP,28.4,Potassium for stem and disease resistance,Maintain irrigation schedule to avoid fertilizer runoff.,10.95,3692.0
2025-08-07,24.9,41.3,35.3,87.1,Seedling,Magnesium Sulphate,14.8,Magnesium for chlorophyll synthesis,Ensure soil testing before application.,9.56,2664.0
2025-02-10,23.2,71.8,26.6,83.1,Flowering,MOP,24.4,Potassium for stem and disease resistance,Prefer organic alternatives where possible.,10.3,3172.0
2025-09-18,22.8,47.1,33.6,82.1,Harvest,Green Manure,20.0,Nitrogen enrichment from legumes,Use split application to reduce leaching.,9.46,600.0
2025-11-19,31.0,55.8,34.0,66.7,Flowering,Boron,5.2,Micronutrient for flower formation,Use split application to reduce leaching.,9.92,2600.0
2025-07-20,27.9,33.3,26.7,66.8,Tillering,MOP,18.7,Potassium for stem and disease resistance,Use split application to reduce leaching.,8.77,2431.0
2025-10-01,32.6,46.4,29.8,87.6,Panicle Initiation,Humic Acid,15.0,Soil conditioner and nutrient uptake,Avoid chemical overuse; combine with compost.,9.77,3300.0
2025-08-12,25.7,44.2,26.1,80.0,Tillering,Urea,40.0,Nitrogen boost for vegetative growth,Avoid chemical overuse; combine with compost.,9.55,4800.0
2025-09-07,28.7,27.6,31.8,75.8,Harvest,Organic Compost,16.4,Improves soil structure and moisture retention,Use split application to reduce leaching.,8.91,820.0
2025-04-11,22.5,33.0,32.3,90.9,Tillering,Compost Tea,21.6,Enhances microbial activity,Use split application to reduce leaching.,9.04,1728.0
2025-05-02,28.9,35.4,34.8,94.6,Flowering,Zinc Sulphate,9.5,Improves grain quality and resistance,Maintain irrigation schedule to avoid fertilizer runoff.,9.61,2850.0
2025-03-07,26.5,41.1,31.6,78.6,Tillering,Urea,33.0,Nitrogen boost for vegetative growth,Use split application to reduce leaching.,9.69,3960.0
2025-07-10,31.9,29.6,34.9,64.1,Flowering,Copper Sulphate,6.3,Micronutrient for enzyme activation,Maintain irrigation schedule to avoid fertilizer runoff.,8.84,2520.0
2025-02-23,30.1,37.5,30.7,76.2,Seedling,Magnesium Sulphate,12.9,Magnesium for chlorophyll synthesis,Maintain irrigation schedule to avoid fertilizer runoff.,9.21,2322.0
2025-06-19,27.2,65.8,28.5,83.6,Seedling,Calcium Nitrate,16.8,Calcium and nitrate supply for strong stems,Avoid chemical overuse; combine with compost.,10.53,3360.0
2025-05-19,27.2,73.3,26.7,70.6,Panicle Initiation,Humic Acid,13.2,Soil conditioner and nutrient uptake,Prefer organic alternatives where possible.,10.37,2904.0
2025-08-09,24.0,55.9,34.0,92.7,Tillering,Biochar,26.3,Improves soil fertility and carbon retention,Use split application to reduce leaching.,10.44,2630.0
2025-06-26,24.1,69.6,32.7,76.6,Panicle Initiation,Humic Acid,15.9,Soil conditioner and nutrient uptake,Prefer organic alternatives where possible.,10.17,3498.0
2025-11-18,29.9,55.7,34.6,81.3,Panicle Initiation,Urea,21.1,Nitrogen boost for vegetative growth,Ensure soil testing before application.,10.2,2532.0
2025-12-09,25.0,35.2,31.2,78.0,Harvest,Organic Compost,16.0,Improves soil structure and moisture retention,Use split application to reduce leaching.,9.01,800.0
2025-12-15,28.2,68.9,28.8,84.2,Harvest,Organic Compost,16.7,Improves soil structure and moisture retention,Prefer organic alternatives where possible.,10.55,835.0
2025-01-22,25.9,71.7,33.1,92.9,Seedling,Magnesium Sulphate,14.8,Magnesium for chlorophyll synthesis,Use split application to reduce leaching.,10.87,2664.0
2025-03-06,33.8,43.0,29.7,90.6,Seedling,Urea,25.3,Nitrogen boost for vegetative growth,Avoid chemical overuse; combine with compost.,10.04,3036.0
2025-11-29,27.8,43.4,34.1,62.1,Flowering,MOP,28.7,Potassium for stem and disease resistance,Prefer organic alternatives where possible.,9.39,3731.0
2025-11-19,27.3,60.8,33.9,86.3,Panicle Initiation,DAP,21.6,Phosphorus for root development,Ensure soil testing before application.,10.56,3240.0
2025-12-20,29.0,26.3,34.1,77.6,Harvest,Phosphate Rock,20.4,Slow-release phosphorus,Ensure soil testing before application.,8.81,1836.0
2025-08-03,31.1,46.9,30.2,81.9,Seedling,DAP,19.2,Phosphorus for root development,Use split application to reduce leaching.,9.95,2880.0
2025-12-12,29.5,50.1,26.0,74.2,Flowering,Boron,5.5,Micronutrient for flower formation,Use split application to reduce leaching.,9.2,2750.0
2025-11-14,24.6,25.3,33.5,77.7,Panicle Initiation,Urea,19.2,Nitrogen boost for vegetative growth,Prefer organic alternatives where possible.,8.57,2304.0
2025-07-09,25.8,33.7,33.4,85.8,Flowering,MOP,25.6,Potassium for stem and disease resistance,Avoid chemical overuse; combine with compost.,9.3,3328.0
2025-09-03,30.5,39.1,34.1,77.5,Seedling,Magnesium Sulphate,16.1,Magnesium for chlorophyll synthesis,Ensure soil testing before application.,9.33,2898.0
2025-02-13,25.9,34.0,26.8,85.6,Seedling,Urea,23.7,Nitrogen boost for vegetative growth,Ensure soil testing before application.,9.1,2844.0
2025-05-20,26.4,36.6,30.2,68.6,Tillering,MOP,20.9,Potassium for stem and disease resistance,Prefer organic alternatives where possible.,8.88,2717.0
2025-08-19,27.0,65.7,29.9,82.6,Panicle Initiation,Potash,21.9,Potassium for stress tolerance,Prefer organic alternatives where possible.,10.33,3504.0
2025-09-21,33.9,51.8,27.0,81.1,Tillering,Organic Compost,31.2,Improves soil structure and moisture retention,Ensure soil testing before application.,10.25,1560.0
2025-05-31,27.8,70.3,28.7,83.3,Seedling,Calcium Nitrate,16.4,Calcium and nitrate supply for strong stems,Prefer organic alternatives where possible.,10.75,3280.0
2025-07-27,31.7,32.9,29.1,69.3,Flowering,Zinc Sulphate,11.3,Improves grain quality and resistance,Maintain irrigation schedule to avoid fertilizer runoff.,8.71,3390.0
2025-08-01,22.2,39.2,27.2,93.3,Seedling,Urea,25.8,Nitrogen boost for vegetative growth,Maintain irrigation schedule to avoid fertilizer runoff.,9.28,3096.0
2025-04-07,29.4,25.4,33.1,85.6,Panicle Initiation,Potash,22.7,Potassium for stress tolerance,Ensure soil testing before application.,9.33,3632.0
2025-07-20,24.7,73.2,35.5,80.1,Flowering,Zinc Sulphate,9.6,Improves grain quality and resistance,Prefer organic alternatives where possible.,10.44,2880.0
2025-02-19,22.9,59.7,32.7,79.5,Panicle Initiation,Urea,17.3,Nitrogen boost for vegetative growth,Maintain irrigation schedule to avoid fertilizer runoff.,9.94,2076.0
2025-05-26,29.3,49.1,34.7,82.9,Harvest,Phosphate Rock,16.1,Slow-release phosphorus,Use split application to reduce leaching.,10.14,1449.0
2025-08-08,29.3,62.3,30.2,83.1,Panicle Initiation,Seaweed Extract,11.4,Growth stimulant and micronutrients,Avoid chemical overuse; combine with compost.,10.15,2850.0
2025-08-20,32.0,57.7,34.8,90.0,Flowering,Copper Sulphate,7.6,Micronutrient for enzyme activation,Prefer organic alternatives where possible.,10.34,3040.0
2025-05-18,27.6,33.2,35.2,61.8,Seedling,Calcium Nitrate,16.1,Calcium and nitrate supply for strong stems,Prefer organic alternatives where possible.,8.94,3220.0
2025-04-26,29.1,63.7,29.0,62.5,Flowering,Copper Sulphate,7.2,Micronutrient for enzyme activation,Prefer organic alternatives where possible.,9.94,2880.0
2025-06-30,23.5,28.6,27.5,63.8,Panicle Initiation,Seaweed Extract,9.1,Growth stimulant and micronutrients,Ensure soil testing before application.,8.11,2275.0
2025-11-26,22.2,55.1,31.0,86.7,Panicle Initiation,DAP,27.0,Phosphorus for root development,Prefer organic alternatives where possible.,10.06,4050.0
2025-04-16,33.7,71.0,26.2,64.8,Harvest,Green Manure,19.6,Nitrogen enrichment from legumes,Use split application to reduce leaching.,10.4,588.0
2025-06-05,33.5,46.8,34.1,78.3,Tillering,Compost Tea,19.3,Enhances microbial activity,Avoid chemical overuse; combine with compost.,9.97,1544.0
2025-12-30,24.5,31.1,35.8,87.4,Flowering,Boron,4.7,Micronutrient for flower formation,Ensure soil testing before application.,8.7,2350.0
2025-03-28,31.1,34.4,30.1,61.7,Panicle Initiation,Humic Acid,16.3,Soil conditioner and nutrient uptake,Ensure soil testing before application.,8.72,3586.0
2025-07-21,27.5,55.6,31.7,84.3,Tillering,Urea,30.3,Nitrogen boost for vegetative growth,Maintain irrigation schedule to avoid fertilizer runoff.,10.32,3636.0
2025-01-19,33.6,49.1,27.6,72.0,Seedling,Urea,21.4,Nitrogen boost for vegetative growth,Use split application to reduce leaching.,10.02,2568.0
2025-04-12,23.5,34.1,31.2,61.5,Tillering,Compost Tea,21.4,Enhances microbial activity,Use split application to reduce leaching.,8.71,1712.0
2025-11-06,31.2,35.7,28.8,89.4,Tillering,Urea,37.9,Nitrogen boost for vegetative growth,Avoid chemical overuse; combine with compost.,9.74,4548.0
2025-05-06,25.3,44.6,33.1,64.8,Flowering,Copper Sulphate,7.8,Micronutrient for enzyme activation,Ensure soil testing before application.,8.93,3120.0
2025-03-29,32.8,35.1,31.5,83.2,Tillering,Organic Compost,30.9,Improves soil structure and moisture retention,Avoid chemical overuse; combine with compost.,9.88,1545.0
2025-10-07,31.5,73.1,29.2,63.2,Flowering,Zinc Sulphate,8.9,Improves grain quality and resistance,Avoid chemical overuse; combine with compost.,10.52,2670.0
2025-06-11,29.3,69.8,32.6,83.5,Tillering,MOP,17.8,Potassium for stem and disease resistance,Maintain irrigation schedule to avoid fertilizer runoff.,10.62,2314.0
2025-06-11,22.4,73.3,31.4,72.2,Flowering,MOP,25.4,Potassium for stem and disease resistance,Prefer organic alternatives where possible.,10.47,3302.0
2025-12-05,23.7,54.9,30.6,85.1,Seedling,Ammonium Sulphate,23.2,Nitrogen and sulphur supply,Avoid chemical overuse; combine with compost.,9.97,3248.0
2025-12-24,26.2,64.0,34.4,78.3,Flowering,Boron,4.5,Micronutrient for flower formation,Use split application to reduce leaching.,10.08,2250.0
2025-10-06,23.1,27.3,28.6,85.1,Harvest,Phosphate Rock,18.9,Slow-release phosphorus,Avoid chemical overuse; combine with compost.,8.66,1701.0
2025-05-04,26.1,37.7,33.7,60.8,Seedling,DAP,20.4,Phosphorus for root development,Use split application to reduce leaching.,8.84,3060.0
2025-02-05,22.2,35.5,28.4,81.5,Tillering,MOP,19.7,Potassium for stem and disease resistance,Maintain irrigation schedule to avoid fertilizer runoff.,8.84,2561.0
2025-04-25,30.9,61.7,31.2,62.5,Tillering,Compost Tea,22.4,Enhances microbial activity,Maintain irrigation schedule to avoid fertilizer runoff.,10.19,1792.0
2025-07-09,30.1,60.3,26.5,64.7,Seedling,Ammonium Sulphate,18.8,Nitrogen and sulphur supply,Ensure soil testing before application.,9.98,2632.0
2025-09-27,33.2,67.6,31.9,91.0,Harvest,Organic Compost,15.9,Improves soil structure and moisture retention,Avoid chemical overuse; combine with compost.,11.14,795.0
2025-05-16,27.0,50.2,33.4,72.7,Harvest,Green Manure,22.9,Nitrogen enrichment from legumes,Maintain irrigation schedule to avoid fertilizer runoff.,9.66,687.0
2025-08-25,22.9,72.5,31.0,73.5,Harvest,Phosphate Rock,20.4,Slow-release phosphorus,Prefer organic alternatives where possible.,10.34,1836.0
2025-05-22,24.3,45.4,35.5,68.2,Flowering,Boron,4.8,Micronutrient for flower formation,Prefer organic alternatives where possible.,8.88,2400.0
2025-10-16,30.8,69.7,26.8,67.7,Harvest,Phosphate Rock,19.0,Slow-release phosphorus,Prefer organic alternatives where possible.,10.34,1710.0
