Latitude,Longitude,Region,Year,Season,Soil_Type,Rainfall_mm,Temperature_C,Humidity_%,Area_acres,Seed_Type,Seed_Cost (LKR),Fertilizer_Cost (LKR),Pesticide_Cost (LKR),Labor_Cost (LKR),Water_Cost (LKR),Machinery_Cost (LKR),Other_Costs (LKR),Total_Cost (LKR),Yield_kg,Cost_per_kg (LKR)
7.6211,81.7792,Batticaloa,1999,Maha,Silt,1339.04,30.48,89.58,3.22,At306,2287.32,6554.34,1035.34,13617.93,2291.77,5335.93,1389.28,32615.62,5270.64,5.17
7.4679,80.4119,Kurunegala,1999,Maha,Silt,1660.23,26.85,79.9,0.65,BG358,3891.45,4614.51,1932.21,8823.26,2327.06,5861.85,722.76,28563.33,1904.82,12.54
7.4463,80.4229,Kurunegala,1999,Maha,Silt,1175.6,27.0,85.23,3.28,BG300,1540.69,3743.54,1996.11,6837.5,2954.06,6723.6,550.73,24001.23,10887.95,1.84
7.7355,81.7996,Batticaloa,1999,Maha,Silt,1335.39,32.74,70.24,4.86,At402,1372.1,7767.63,1708.12,14484.76,1399.88,5900.44,2026.58,34678.71,12939.48,2.24
8.0858,81.0871,Polonnaruwa,1999,Yala,Clay,1833.15,31.38,88.9,4.32,BG300,1966.01,5570.69,1045.72,14161.37,2505.95,4143.72,1531.94,31023.57,9346.66,2.78
7.3769,81.7659,Ampara,1999,Maha,Loam,1288.43,26.29,73.38,1.75,BG352,1761.42,3766.46,1031.55,10062.07,1675.24,4876.35,1252.24,24583.56,2759.99,7.45
7.3441,81.7498,Ampara,1999,Yala,Sandy Loam,2198.17,32.99,77.01,3.95,BG300,2415.64,5716.95,1874.01,13493.43,3291.1,7058.68,1109.88,34894.32,11302.61,2.58
8.4424,80.5172,Anuradhapura,1999,Yala,Clay,1816.73,26.04,76.49,2.15,BG352,2398.89,6791.94,1476.86,9961.64,1740.08,4924.86,793.26,27732.84,5621.64,4.13
9.6951,80.0377,Jaffna,1999,Yala,Clay,2060.63,26.35,71.46,2.31,BG358,2105.46,4482.89,1298.09,12910.08,3177.13,5096.92,1921.55,30843.77,5500.37,4.69
7.3632,81.7372,Ampara,1999,Yala,Loam,2092.74,31.44,83.12,1.3,BG352,2831.85,8233.97,2389.06,6591.6,1588.98,3620.21,1622.16,27141.93,2466.79,9.2
7.653,81.7779,Batticaloa,1999,Maha,Loam,2274.96,30.68,79.25,2.35,BG352,3140.01,6043.82,934.54,10491.92,2921.95,5389.35,501.88,29661.39,4406.69,5.63
8.0549,81.0577,Polonnaruwa,1999,Yala,Sandy Loam,1040.75,26.46,79.28,4.59,BG352,2813.45,5806.38,1006.35,11690.92,2954.57,4963.59,1704.65,31325.91,8627.39,3.04
9.6501,80.0436,Jaffna,1999,Maha,Clay,1784.99,28.01,85.86,3.1,BG358,3092.34,7302.76,1489.18,13837.59,2353.98,3761.88,1572.16,33653.6,6471.03,4.35
8.3291,80.4699,Anuradhapura,1999,Maha,Loam,1184.5,29.91,76.86,3.78,BG352,3143.85,7540.56,1982.02,9805.71,2644.72,4396.19,924.64,30677.84,8791.91,2.92
7.3121,81.6904,Ampara,1999,Yala,Loam,1449.09,28.51,86.09,1.75,BG300,1859.43,8098.24,845.77,14525.11,2652.73,7383.84,905.2,35866.7,5008.41,5.99
9.7908,80.1847,Jaffna,1999,Yala,Sandy Loam,1610.66,26.46,76.98,1.0,BG358,3597.43,8049.57,951.24,14170.21,2332.27,4526.83,543.27,34171.34,2966.13,9.63
7.4776,80.3419,Kurunegala,1999,Yala,Loam,1277.79,27.22,71.97,3.47,At402,3469.85,4645.75,865.85,6915.69,3257.39,4504.57,1694.03,25456.74,7659.36,2.78
7.4679,80.4119,Kurunegala,2000,Maha,Silt,1660.23,26.85,79.9,0.65,BG358,4086.02,4845.23,2028.82,9264.42,2443.41,6154.94,758.9,29991.5,1923.86,13.16
7.4463,80.4229,Kurunegala,2000,Maha,Silt,1175.6,27.0,85.23,3.28,BG300,1617.73,3930.72,2095.92,7179.38,3101.76,7059.78,578.27,25201.29,10996.83,1.94
7.7355,81.7996,Batticaloa,2000,Maha,Silt,1335.39,32.74,70.24,4.86,At402,1440.7,8156.01,1793.53,15209.0,1469.87,6195.46,2127.91,36412.64,13068.88,2.35
8.0858,81.0871,Polonnaruwa,2000,Yala,Clay,1833.15,31.38,88.9,4.32,BG300,2064.31,5849.22,1098.0,14869.44,2631.25,4350.91,1608.54,32574.75,9440.12,2.91
7.3769,81.7659,Ampara,2000,Maha,Loam,1288.43,26.29,73.38,1.75,BG352,1849.49,3954.78,1083.12,10565.18,1759.0,5120.16,1314.85,25812.73,2787.59,7.82
7.3441,81.7498,Ampara,2000,Yala,Sandy Loam,2198.17,32.99,77.01,3.95,BG300,2536.42,6002.79,1967.71,14168.1,3455.65,7411.61,1165.38,36639.04,11415.64,2.71
8.4424,80.5172,Anuradhapura,2000,Yala,Clay,1816.73,26.04,76.49,2.15,BG352,2518.83,7131.54,1550.7,10459.72,1827.09,5171.11,832.93,29119.48,5677.86,4.33
7.4776,80.3419,Kurunegala,2000,Yala,Loam,1277.79,27.22,71.97,3.47,At402,3643.34,4878.04,909.15,7261.47,3420.26,4729.8,1778.73,26729.58,7735.96,2.92
7.3632,81.7372,Ampara,2000,Yala,Loam,2092.74,31.44,83.12,1.3,BG352,2973.44,8645.67,2508.51,6921.18,1668.43,3801.22,1703.27,28499.02,2491.45,9.66
7.653,81.7779,Batticaloa,2000,Maha,Loam,2274.96,30.68,79.25,2.35,BG352,3297.01,6346.01,981.27,11016.51,3068.05,5658.82,526.97,31144.45,4450.76,5.91
8.0549,81.0577,Polonnaruwa,2000,Yala,Sandy Loam,1040.75,26.46,79.28,4.59,BG352,2954.13,6096.7,1056.66,12275.47,3102.3,5211.76,1789.89,32892.2,8713.66,3.19
9.6501,80.0436,Jaffna,2000,Maha,Clay,1784.99,28.01,85.86,3.1,BG358,3246.95,7667.9,1563.63,14529.47,2471.68,3949.97,1650.77,35336.28,6535.74,4.56
8.3291,80.4699,Anuradhapura,2000,Maha,Loam,1184.5,29.91,76.86,3.78,BG352,3301.04,7917.59,2081.12,10296.0,2776.95,4616.0,970.87,32211.74,8879.83,3.06
7.3121,81.6904,Ampara,2000,Yala,Loam,1449.09,28.51,86.09,1.75,BG300,1952.4,8503.15,888.06,15251.37,2785.37,7753.04,950.46,37660.04,5058.5,6.29
9.7908,80.1847,Jaffna,2000,Yala,Sandy Loam,1610.66,26.46,76.98,1.0,BG358,3777.3,8452.05,998.8,14878.72,2448.88,4753.17,570.44,35879.91,2995.79,10.11
9.6951,80.0377,Jaffna,2000,Yala,Clay,2060.63,26.35,71.46,2.31,BG358,2210.73,4707.03,1363.0,13555.59,3335.99,5351.76,2017.63,32385.96,5555.37,4.92
7.6211,81.7792,Batticaloa,2000,Maha,Silt,1339.04,30.48,89.58,3.22,At306,2401.68,6882.06,1087.11,14298.83,2406.36,5602.73,1458.74,34246.4,5323.34,5.43
7.4679,80.4119,Kurunegala,2001,Maha,Silt,1660.23,26.85,79.9,0.65,BG358,4290.32,5087.49,2130.26,9727.64,2565.58,6462.68,796.85,31491.08,1943.1,13.82
7.4463,80.4229,Kurunegala,2001,Maha,Silt,1175.6,27.0,85.23,3.28,BG300,1698.61,4127.25,2200.71,7538.34,3256.85,7412.77,607.18,26461.35,11106.79,2.03
7.7355,81.7996,Batticaloa,2001,Maha,Silt,1335.39,32.74,70.24,4.86,At402,1512.74,8563.81,1883.2,15969.45,1543.37,6505.23,2234.31,38233.27,13199.57,2.47
8.0858,81.0871,Polonnaruwa,2001,Yala,Clay,1833.15,31.38,88.9,4.32,BG300,2167.53,6141.69,1152.9,15612.91,2762.81,4568.45,1688.97,34203.49,9534.52,3.06
7.3769,81.7659,Ampara,2001,Maha,Loam,1288.43,26.29,73.38,1.75,BG352,1941.97,4152.52,1137.28,11093.44,1846.95,5376.17,1380.6,27103.37,2815.46,8.21
7.3441,81.7498,Ampara,2001,Yala,Sandy Loam,2198.17,32.99,77.01,3.95,BG300,2663.24,6302.93,2066.09,14876.5,3628.44,7782.19,1223.65,38470.99,11529.79,2.84
8.4424,80.5172,Anuradhapura,2001,Yala,Clay,1816.73,26.04,76.49,2.15,BG352,2644.77,7488.11,1628.23,10982.71,1918.44,5429.66,874.57,30575.45,5734.63,4.55
7.4776,80.3419,Kurunegala,2001,Yala,Loam,1277.79,27.22,71.97,3.47,At402,3825.51,5121.94,954.6,7624.55,3591.27,4966.29,1867.67,28066.06,7813.32,3.06
7.6211,81.7792,Batticaloa,2001,Maha,Silt,1339.04,30.48,89.58,3.22,At306,2521.77,7226.16,1141.47,15013.77,2526.68,5882.86,1531.68,35958.72,5376.58,5.7
9.6951,80.0377,Jaffna,2001,Yala,Clay,2060.63,26.35,71.46,2.31,BG358,2321.26,4942.39,1431.15,14233.36,3502.78,5619.35,2118.51,34005.26,5610.92,5.17
9.7908,80.1847,Jaffna,2001,Yala,Sandy Loam,1610.66,26.46,76.98,1.0,BG358,3966.17,8874.66,1048.74,15622.66,2571.32,4990.83,598.96,37673.91,3025.75,10.62
7.3121,81.6904,Ampara,2001,Yala,Loam,1449.09,28.51,86.09,1.75,BG300,2050.02,8928.31,932.46,16013.94,2924.63,8140.69,997.99,39543.04,5109.08,6.6
7.3632,81.7372,Ampara,2001,Yala,Loam,2092.74,31.44,83.12,1.3,BG352,3122.12,9077.96,2633.94,7267.24,1751.85,3991.28,1788.43,29923.97,2516.37,10.14
9.6501,80.0436,Jaffna,2001,Maha,Clay,1784.99,28.01,85.86,3.1,BG358,3409.3,8051.3,1641.82,15255.94,2595.27,4147.47,1733.31,37103.09,6601.1,4.79
8.0549,81.0577,Polonnaruwa,2001,Yala,Sandy Loam,1040.75,26.46,79.28,4.59,BG352,3101.83,6401.54,1109.5,12889.24,3257.41,5472.35,1879.38,34536.81,8800.8,3.35
7.653,81.7779,Batticaloa,2001,Maha,Loam,2274.96,30.68,79.25,2.35,BG352,3461.86,6663.31,1030.33,11567.34,3221.45,5941.76,553.32,32701.68,4495.26,6.2
8.3291,80.4699,Anuradhapura,2001,Maha,Loam,1184.5,29.91,76.86,3.78,BG352,3466.09,8313.46,2185.18,10810.8,2915.8,4846.8,1019.41,33822.32,8968.63,3.22
8.4424,80.5172,Anuradhapura,2002,Yala,Clay,1816.73,26.04,76.49,2.15,BG352,2777.01,7862.52,1709.65,11531.84,2014.36,5701.14,918.3,32104.23,5791.98,4.78
7.4679,80.4119,Kurunegala,2002,Maha,Silt,1660.23,26.85,79.9,0.65,BG358,4504.84,5341.87,2236.77,10214.02,2693.86,6785.82,836.69,33065.63,1962.53,14.51
7.4463,80.4229,Kurunegala,2002,Maha,Silt,1175.6,27.0,85.23,3.28,BG300,1783.54,4333.62,2310.75,7915.26,3419.69,7783.41,637.54,27784.42,11217.86,2.14
7.7355,81.7996,Batticaloa,2002,Maha,Silt,1335.39,32.74,70.24,4.86,At402,1588.38,8992.0,1977.37,16767.92,1620.54,6830.5,2346.02,40144.94,13331.56,2.59
8.0858,81.0871,Polonnaruwa,2002,Yala,Clay,1833.15,31.38,88.9,4.32,BG300,2275.9,6448.77,1210.55,16393.55,2900.95,4796.88,1773.41,35913.66,9629.87,3.21
7.3769,81.7659,Ampara,2002,Maha,Loam,1288.43,26.29,73.38,1.75,BG352,2039.07,4360.15,1194.14,11648.11,1939.3,5644.98,1449.63,28458.54,2843.62,8.62
7.3441,81.7498,Ampara,2002,Yala,Sandy Loam,2198.17,32.99,77.01,3.95,BG300,2796.4,6618.08,2169.4,15620.33,3809.86,8171.3,1284.83,40394.54,11645.09,2.99
7.3632,81.7372,Ampara,2002,Yala,Loam,2092.74,31.44,83.12,1.3,BG352,3278.22,9531.85,2765.63,7630.6,1839.44,4190.85,1877.85,31420.17,2541.53,10.65
8.0549,81.0577,Polonnaruwa,2002,Yala,Sandy Loam,1040.75,26.46,79.28,4.59,BG352,3256.92,6721.61,1164.97,13533.7,3420.28,5745.97,1973.35,36263.65,8888.81,3.52
7.653,81.7779,Batticaloa,2002,Maha,Loam,2274.96,30.68,79.25,2.35,BG352,3634.95,6996.48,1081.85,12145.71,3382.52,6238.85,580.99,34336.76,4540.22,6.51
9.6501,80.0436,Jaffna,2002,Maha,Clay,1784.99,28.01,85.86,3.1,BG358,3579.77,8453.86,1723.91,16018.74,2725.03,4354.85,1819.98,38958.25,6667.11,5.03
8.3291,80.4699,Anuradhapura,2002,Maha,Loam,1184.5,29.91,76.86,3.78,BG352,3639.39,8729.14,2294.44,11351.34,3061.59,5089.14,1070.38,35513.44,9058.31,3.38
7.3121,81.6904,Ampara,2002,Yala,Loam,1449.09,28.51,86.09,1.75,BG300,2152.52,9374.73,979.09,16814.64,3070.87,8547.72,1047.89,41520.19,5160.17,6.93
9.7908,80.1847,Jaffna,2002,Yala,Sandy Loam,1610.66,26.46,76.98,1.0,BG358,4164.48,9318.39,1101.18,16403.79,2699.89,5240.37,628.91,39557.6,3056.01,11.15
9.6951,80.0377,Jaffna,2002,Yala,Clay,2060.63,26.35,71.46,2.31,BG358,2437.33,5189.51,1502.71,14945.03,3677.92,5900.32,2224.43,35705.52,5667.03,5.43
7.6211,81.7792,Batticaloa,2002,Maha,Silt,1339.04,30.48,89.58,3.22,At306,2647.85,7587.47,1198.54,15764.46,2653.01,6177.01,1608.26,37756.65,5430.34,5.99
7.4776,80.3419,Kurunegala,2002,Yala,Loam,1277.79,27.22,71.97,3.47,At402,4016.79,5378.04,1002.33,8005.77,3770.84,5214.6,1961.05,29469.36,7891.45,3.22
7.3769,81.7659,Ampara,2003,Maha,Loam,1288.43,26.29,73.38,1.75,BG352,2141.02,4578.15,1253.85,12230.51,2036.27,5927.23,1522.11,29881.47,2872.05,9.05
7.3441,81.7498,Ampara,2003,Yala,Sandy Loam,2198.17,32.99,77.01,3.95,BG300,2936.22,6948.98,2277.87,16401.34,4000.35,8579.87,1349.07,42414.26,11761.54,3.14
8.0858,81.0871,Polonnaruwa,2003,Yala,Clay,1833.15,31.38,88.9,4.32,BG300,2389.7,6771.21,1271.07,17213.23,3046.0,5036.72,1862.08,37709.34,9726.17,3.37
8.4424,80.5172,Anuradhapura,2003,Yala,Clay,1816.73,26.04,76.49,2.15,BG352,2915.86,8255.64,1795.13,12108.43,2115.08,5986.2,964.22,33709.44,5849.9,5.02
7.4463,80.4229,Kurunegala,2003,Maha,Silt,1175.6,27.0,85.23,3.28,BG300,1872.72,4550.3,2426.29,8311.02,3590.68,8172.58,669.42,29173.64,11330.04,2.24
7.4679,80.4119,Kurunegala,2003,Maha,Silt,1660.23,26.85,79.9,0.65,BG358,4730.08,5608.96,2348.61,10724.72,2828.55,7125.11,878.53,34718.91,1982.16,15.24
7.7355,81.7996,Batticaloa,2003,Maha,Silt,1335.39,32.74,70.24,4.86,At402,1667.79,9441.6,2076.23,17606.32,1701.56,7172.02,2463.32,42152.18,13464.88,2.72
7.4776,80.3419,Kurunegala,2003,Yala,Loam,1277.79,27.22,71.97,3.47,At402,4217.63,5646.94,1052.45,8406.06,3959.38,5475.33,2059.11,30942.83,7970.37,3.38
7.6211,81.7792,Batticaloa,2003,Maha,Silt,1339.04,30.48,89.58,3.22,At306,2780.25,7966.85,1258.47,16552.68,2785.66,6485.86,1688.67,39644.49,5484.65,6.29
7.653,81.7779,Batticaloa,2003,Maha,Loam,2274.96,30.68,79.25,2.35,BG352,3816.7,7346.3,1135.94,12752.99,3551.65,6550.79,610.04,36053.6,4585.62,6.84
8.0549,81.0577,Polonnaruwa,2003,Yala,Sandy Loam,1040.75,26.46,79.28,4.59,BG352,3419.77,7057.69,1223.22,14210.39,3591.3,6033.27,2072.02,38076.84,8977.7,3.69
9.6501,80.0436,Jaffna,2003,Maha,Clay,1784.99,28.01,85.86,3.1,BG358,3758.76,8876.55,1810.1,16819.67,2861.28,4572.59,1910.98,40906.16,6733.78,5.28
8.3291,80.4699,Anuradhapura,2003,Maha,Loam,1184.5,29.91,76.86,3.78,BG352,3821.36,9165.59,2409.16,11918.91,3214.67,5343.6,1123.9,37289.11,9148.9,3.55
7.3121,81.6904,Ampara,2003,Yala,Loam,1449.09,28.51,86.09,1.75,BG300,2260.14,9843.46,1028.04,17655.37,3224.41,8975.11,1100.28,43596.2,5211.77,7.28
9.7908,80.1847,Jaffna,2003,Yala,Sandy Loam,1610.66,26.46,76.98,1.0,BG358,4372.7,9784.31,1156.24,17223.98,2834.89,5502.39,660.35,41535.48,3086.57,11.71
9.6951,80.0377,Jaffna,2003,Yala,Clay,2060.63,26.35,71.46,2.31,BG358,2559.19,5448.98,1577.84,15692.28,3861.82,6195.34,2335.66,37490.8,5723.7,5.7
7.3632,81.7372,Ampara,2003,Yala,Loam,2092.74,31.44,83.12,1.3,BG352,3442.13,10008.45,2903.91,8012.13,1931.42,4400.39,1971.74,32991.18,2566.95,11.18
7.4679,80.4119,Kurunegala,2004,Maha,Silt,1660.23,26.85,79.9,0.65,BG358,4966.59,5889.41,2466.04,11260.96,2969.98,7481.37,922.45,36454.86,2001.98,16.0
7.4463,80.4229,Kurunegala,2004,Maha,Silt,1175.6,27.0,85.23,3.28,BG300,1966.36,4777.81,2547.6,8726.58,3770.21,8581.21,702.89,30632.32,11443.34,2.35
7.7355,81.7996,Batticaloa,2004,Maha,Silt,1335.39,32.74,70.24,4.86,At402,1751.18,9913.68,2180.05,18486.63,1786.64,7530.62,2586.49,44259.79,13599.53,2.86
8.0858,81.0871,Polonnaruwa,2004,Yala,Clay,1833.15,31.38,88.9,4.32,BG300,2509.18,7109.77,1334.63,18073.89,3198.3,5288.56,1955.19,39594.81,9823.43,3.54
7.3769,81.7659,Ampara,2004,Maha,Loam,1288.43,26.29,73.38,1.75,BG352,2248.07,4807.06,1316.54,12842.04,2138.08,6223.59,1598.21,31375.54,2900.77,9.5
7.3441,81.7498,Ampara,2004,Yala,Sandy Loam,2198.17,32.99,77.01,3.95,BG300,3083.03,7296.43,2391.76,17221.41,4200.37,9008.86,1416.53,44534.98,11879.16,3.29
8.4424,80.5172,Anuradhapura,2004,Yala,Clay,1816.73,26.04,76.49,2.15,BG352,3061.66,8668.43,1884.88,12713.86,2220.84,6285.51,1012.43,35394.91,5908.4,5.27
7.4776,80.3419,Kurunegala,2004,Yala,Loam,1277.79,27.22,71.97,3.47,At402,4428.51,5929.29,1105.07,8826.37,4157.35,5749.1,2162.06,32489.97,8050.07,3.55
7.6211,81.7792,Batticaloa,2004,Maha,Silt,1339.04,30.48,89.58,3.22,At306,2919.26,8365.19,1321.39,17380.32,2924.94,6810.15,1773.11,41626.71,5539.49,6.6
7.653,81.7779,Batticaloa,2004,Maha,Loam,2274.96,30.68,79.25,2.35,BG352,4007.54,7713.62,1192.74,13390.64,3729.23,6878.33,640.54,37856.28,4631.47,7.18
8.0549,81.0577,Polonnaruwa,2004,Yala,Sandy Loam,1040.75,26.46,79.28,4.59,BG352,3590.76,7410.58,1284.38,14920.91,3770.86,6334.93,2175.62,39980.68,9067.47,3.88
9.6501,80.0436,Jaffna,2004,Maha,Clay,1784.99,28.01,85.86,3.1,BG358,3946.69,9320.38,1900.61,17660.66,3004.34,4801.22,2006.52,42951.47,6801.12,5.55
8.3291,80.4699,Anuradhapura,2004,Maha,Loam,1184.5,29.91,76.86,3.78,BG352,4012.43,9623.87,2529.62,12514.85,3375.41,5610.78,1180.1,39153.57,9240.38,3.72
7.3121,81.6904,Ampara,2004,Yala,Loam,1449.09,28.51,86.09,1.75,BG300,2373.15,10335.63,1079.44,18538.14,3385.63,9423.86,1155.29,45776.01,5263.89,7.64
9.7908,80.1847,Jaffna,2004,Yala,Sandy Loam,1610.66,26.46,76.98,1.0,BG358,4591.34,10273.52,1214.05,18085.18,2976.63,5777.51,693.37,43612.25,3117.43,12.29
9.6951,80.0377,Jaffna,2004,Yala,Clay,2060.63,26.35,71.46,2.31,BG358,2687.15,5721.43,1656.73,16476.9,4054.91,6505.1,2452.44,39365.34,5780.94,5.98
7.3632,81.7372,Ampara,2004,Yala,Loam,2092.74,31.44,83.12,1.3,BG352,3614.24,10508.87,3049.11,8412.74,2027.99,4620.41,2070.33,34640.74,2592.62,11.74
7.3441,81.7498,Ampara,2005,Yala,Sandy Loam,2198.17,32.99,77.01,3.95,BG300,3237.19,7661.25,2511.35,18082.48,4410.39,9459.3,1487.35,46761.73,11997.95,3.46
7.3769,81.7659,Ampara,2005,Maha,Loam,1288.43,26.29,73.38,1.75,BG352,2360.47,5047.41,1382.37,13484.14,2244.98,6534.77,1678.12,32944.32,2929.78,9.98
8.0858,81.0871,Polonnaruwa,2005,Yala,Clay,1833.15,31.38,88.9,4.32,BG300,2634.64,7465.26,1401.36,18977.59,3358.21,5552.98,2052.95,41574.55,9921.66,3.72
8.4424,80.5172,Anuradhapura,2005,Yala,Clay,1816.73,26.04,76.49,2.15,BG352,3214.74,9101.85,1979.13,13349.55,2331.88,6599.79,1063.05,37164.65,5967.48,5.53
7.4463,80.4229,Kurunegala,2005,Maha,Silt,1175.6,27.0,85.23,3.28,BG300,2064.68,5016.7,2674.98,9162.9,3958.72,9010.27,738.03,32163.94,11557.77,2.47
7.4679,80.4119,Kurunegala,2005,Maha,Silt,1660.23,26.85,79.9,0.65,BG358,5214.92,6183.88,2589.34,11824.01,3118.48,7855.43,968.57,38277.6,2022.0,16.8
7.7355,81.7996,Batticaloa,2005,Maha,Silt,1335.39,32.74,70.24,4.86,At402,1838.74,10409.36,2289.05,19410.96,1875.97,7907.15,2715.81,46472.78,13735.52,3.0
7.4776,80.3419,Kurunegala,2005,Yala,Loam,1277.79,27.22,71.97,3.47,At402,4649.93,6225.75,1160.33,9267.68,4365.22,6036.55,2270.16,34114.47,8130.57,3.73
7.6211,81.7792,Batticaloa,2005,Maha,Silt,1339.04,30.48,89.58,3.22,At306,3065.22,8783.45,1387.46,18249.33,3071.19,7150.66,1861.76,43708.05,5594.89,6.93
7.653,81.7779,Batticaloa,2005,Maha,Loam,2274.96,30.68,79.25,2.35,BG352,4207.91,8099.3,1252.38,14060.17,3915.69,7222.25,672.56,39749.09,4677.79,7.54
8.0549,81.0577,Polonnaruwa,2005,Yala,Sandy Loam,1040.75,26.46,79.28,4.59,BG352,3770.3,7781.11,1348.6,15666.95,3959.4,6651.68,2284.4,41979.71,9158.15,4.07
9.6501,80.0436,Jaffna,2005,Maha,Clay,1784.99,28.01,85.86,3.1,BG358,4144.03,9786.4,1995.64,18543.69,3154.56,5041.28,2106.85,45099.04,6869.13,5.82
8.3291,80.4699,Anuradhapura,2005,Maha,Loam,1184.5,29.91,76.86,3.78,BG352,4213.05,10105.07,2656.1,13140.59,3544.18,5891.32,1239.1,41111.25,9332.79,3.91
7.3121,81.6904,Ampara,2005,Yala,Loam,1449.09,28.51,86.09,1.75,BG300,2491.81,10852.42,1133.41,19465.04,3554.91,9895.06,1213.06,48064.81,5316.53,8.02
9.7908,80.1847,Jaffna,2005,Yala,Sandy Loam,1610.66,26.46,76.98,1.0,BG358,4820.9,10787.2,1274.75,18989.44,3125.46,6066.38,728.04,45792.87,3148.61,12.91
9.6951,80.0377,Jaffna,2005,Yala,Clay,2060.63,26.35,71.46,2.31,BG358,2821.51,6007.5,1739.57,17300.74,4257.66,6830.36,2575.06,41333.61,5838.75,6.28
7.3632,81.7372,Ampara,2005,Yala,Loam,2092.74,31.44,83.12,1.3,BG352,3794.95,11034.31,3201.56,8833.37,2129.39,4851.43,2173.85,36372.78,2618.54,12.33
8.4424,80.5172,Anuradhapura,2006,Yala,Clay,1816.73,26.04,76.49,2.15,BG352,3375.48,9556.94,2078.08,14017.03,2448.47,6929.78,1116.2,39022.89,6027.16,5.81
7.4679,80.4119,Kurunegala,2006,Maha,Silt,1660.23,26.85,79.9,0.65,BG358,5475.66,6493.07,2718.81,12415.21,3274.4,8248.21,1017.0,40191.48,2042.22,17.64
7.4463,80.4229,Kurunegala,2006,Maha,Silt,1175.6,27.0,85.23,3.28,BG300,2167.91,5267.54,2808.73,9621.05,4156.66,9460.78,774.93,33772.13,11673.35,2.6
7.7355,81.7996,Batticaloa,2006,Maha,Silt,1335.39,32.74,70.24,4.86,At402,1930.68,10929.83,2403.5,20381.51,1969.77,8302.51,2851.6,48796.42,13872.88,3.15
8.0858,81.0871,Polonnaruwa,2006,Yala,Clay,1833.15,31.38,88.9,4.32,BG300,2766.37,7838.52,1471.43,19926.47,3526.12,5830.63,2155.6,43653.28,10020.88,3.91
7.3441,81.7498,Ampara,2006,Yala,Sandy Loam,2198.17,32.99,77.01,3.95,BG300,3399.04,8044.32,2636.92,18986.61,4630.91,9932.27,1561.72,49099.81,12117.93,3.63
7.4776,80.3419,Kurunegala,2006,Yala,Loam,1277.79,27.22,71.97,3.47,At402,4882.43,6537.04,1218.34,9731.07,4583.48,6338.38,2383.67,35820.19,8211.88,3.91
7.3769,81.7659,Ampara,2006,Maha,Loam,1288.43,26.29,73.38,1.75,BG352,2478.5,5299.78,1451.49,14158.35,2357.23,6861.51,1762.03,34591.53,2959.08,10.48
7.653,81.7779,Batticaloa,2006,Maha,Loam,2274.96,30.68,79.25,2.35,BG352,4418.31,8504.27,1315.0,14763.18,4111.48,7583.36,706.19,41736.55,4724.57,7.92
9.6951,80.0377,Jaffna,2006,Yala,Clay,2060.63,26.35,71.46,2.31,BG358,2962.59,6307.88,1826.55,18165.78,4470.54,7171.87,2703.81,43400.29,5897.14,6.6
9.7908,80.1847,Jaffna,2006,Yala,Sandy Loam,1610.66,26.46,76.98,1.0,BG358,5061.95,11326.56,1338.49,19938.91,3281.73,6369.7,764.44,48082.51,3180.09,13.55
7.3121,81.6904,Ampara,2006,Yala,Loam,1449.09,28.51,86.09,1.75,BG300,2616.4,11395.04,1190.09,20438.29,3732.66,10389.81,1273.71,50468.05,5369.7,8.43
7.6211,81.7792,Batticaloa,2006,Maha,Silt,1339.04,30.48,89.58,3.22,At306,3218.48,9222.62,1456.83,19161.8,3224.75,7508.19,1954.85,45893.45,5650.84,7.28
7.3632,81.7372,Ampara,2006,Yala,Loam,2092.74,31.44,83.12,1.3,BG352,3984.7,11586.03,3361.64,9275.04,2235.85,5094.0,2282.54,38191.41,2644.73,12.94
9.6501,80.0436,Jaffna,2006,Maha,Clay,1784.99,28.01,85.86,3.1,BG358,4351.23,10275.72,2095.42,19470.87,3312.29,5293.34,2212.19,47353.99,6937.82,6.12
8.0549,81.0577,Polonnaruwa,2006,Yala,Sandy Loam,1040.75,26.46,79.28,4.59,BG352,3958.81,8170.16,1416.03,16450.3,4157.37,6984.26,2398.62,44078.7,9249.73,4.27
8.3291,80.4699,Anuradhapura,2006,Maha,Loam,1184.5,29.91,76.86,3.78,BG352,4423.71,10610.32,2788.9,13797.62,3721.38,6185.88,1301.06,43166.81,9426.12,4.1
8.4424,80.5172,Anuradhapura,2007,Yala,Clay,1816.73,26.04,76.49,2.15,BG352,3544.25,10034.79,2181.99,14717.88,2570.9,7276.27,1172.01,40974.03,6087.43,6.1
7.4679,80.4119,Kurunegala,2007,Maha,Silt,1660.23,26.85,79.9,0.65,BG358,5749.44,6817.73,2854.75,13035.97,3438.12,8660.62,1067.85,42201.05,2062.64,18.52
7.4463,80.4229,Kurunegala,2007,Maha,Silt,1175.6,27.0,85.23,3.28,BG300,2276.3,5530.92,2949.17,10102.1,4364.49,9933.82,813.68,35460.74,11790.09,2.73
7.7355,81.7996,Batticaloa,2007,Maha,Silt,1335.39,32.74,70.24,4.86,At402,2027.22,11476.32,2523.67,21400.59,2068.26,8717.64,2994.18,51236.24,14011.61,3.31
8.0858,81.0871,Polonnaruwa,2007,Yala,Clay,1833.15,31.38,88.9,4.32,BG300,2904.69,8230.45,1545.0,20922.79,3702.43,6122.16,2263.38,45835.94,10121.09,4.1
7.3769,81.7659,Ampara,2007,Maha,Loam,1288.43,26.29,73.38,1.75,BG352,2602.42,5564.77,1524.06,14866.27,2475.1,7204.59,1850.13,36321.11,2988.67,11.0
7.3441,81.7498,Ampara,2007,Yala,Sandy Loam,2198.17,32.99,77.01,3.95,BG300,3569.0,8446.53,2768.76,19935.94,4862.45,10428.88,1639.81,51554.8,12239.11,3.81
7.4776,80.3419,Kurunegala,2007,Yala,Loam,1277.79,27.22,71.97,3.47,At402,5126.55,6863.89,1279.26,10217.62,4812.65,6655.3,2502.86,37611.2,8293.99,4.11
7.6211,81.7792,Batticaloa,2007,Maha,Silt,1339.04,30.48,89.58,3.22,At306,3379.41,9683.75,1529.68,20119.89,3385.99,7883.6,2052.59,48188.12,5707.35,7.64
7.653,81.7779,Batticaloa,2007,Maha,Loam,2274.96,30.68,79.25,2.35,BG352,4639.23,8929.48,1380.75,15501.34,4317.05,7962.53,741.5,43823.37,4771.81,8.31
8.0549,81.0577,Polonnaruwa,2007,Yala,Sandy Loam,1040.75,26.46,79.28,4.59,BG352,4156.75,8578.67,1486.83,17272.82,4365.24,7333.48,2518.55,46282.63,9342.23,4.49
9.6501,80.0436,Jaffna,2007,Maha,Clay,1784.99,28.01,85.86,3.1,BG358,4568.79,10789.51,2200.19,20444.42,3477.9,5558.01,2322.8,49721.69,7007.2,6.42
8.3291,80.4699,Anuradhapura,2007,Maha,Loam,1184.5,29.91,76.86,3.78,BG352,4644.89,11140.84,2928.35,14487.51,3907.45,6495.18,1366.11,45325.15,9520.38,4.31
7.3121,81.6904,Ampara,2007,Yala,Loam,1449.09,28.51,86.09,1.75,BG300,2747.22,11964.79,1249.59,21460.21,3919.29,10909.3,1337.4,52991.46,5423.39,8.85
9.7908,80.1847,Jaffna,2007,Yala,Sandy Loam,1610.66,26.46,76.98,1.0,BG358,5315.05,11892.89,1405.41,20935.85,3445.82,6688.19,802.66,50486.64,3211.89,14.23
9.6951,80.0377,Jaffna,2007,Yala,Clay,2060.63,26.35,71.46,2.31,BG358,3110.72,6623.27,1917.88,19074.07,4694.07,7530.47,2839.01,45570.3,5956.11,6.92
7.3632,81.7372,Ampara,2007,Yala,Loam,2092.74,31.44,83.12,1.3,BG352,4183.94,12165.33,3529.72,9738.79,2347.65,5348.7,2396.67,40100.99,2671.18,13.59
7.4679,80.4119,Kurunegala,2008,Maha,Silt,1660.23,26.85,79.9,0.65,BG358,6036.92,7158.61,2997.49,13687.77,3610.03,9093.65,1121.25,44311.11,2083.27,19.45
7.4463,80.4229,Kurunegala,2008,Maha,Silt,1175.6,27.0,85.23,3.28,BG300,2390.12,5807.46,3096.62,10607.21,4582.72,10430.51,854.36,37233.78,11907.99,2.86
7.7355,81.7996,Batticaloa,2008,Maha,Silt,1335.39,32.74,70.24,4.86,At402,2128.58,12050.14,2649.86,22470.62,2171.67,9153.52,3143.89,53798.05,14151.72,3.47
8.0858,81.0871,Polonnaruwa,2008,Yala,Clay,1833.15,31.38,88.9,4.32,BG300,3049.93,8641.97,1622.25,21968.93,3887.55,6428.27,2376.54,48127.74,10222.3,4.31
7.3769,81.7659,Ampara,2008,Maha,Loam,1288.43,26.29,73.38,1.75,BG352,2732.54,5843.01,1600.27,15609.58,2598.85,7564.81,1942.64,38137.16,3018.56,11.55
7.3441,81.7498,Ampara,2008,Yala,Sandy Loam,2198.17,32.99,77.01,3.95,BG300,3747.45,8868.86,2907.2,20932.73,5105.57,10950.33,1721.8,54132.54,12361.5,4.0
8.4424,80.5172,Anuradhapura,2008,Yala,Clay,1816.73,26.04,76.49,2.15,BG352,3721.46,10536.53,2291.09,15453.77,2699.44,7640.08,1230.61,43022.73,6148.3,6.4
7.4776,80.3419,Kurunegala,2008,Yala,Loam,1277.79,27.22,71.97,3.47,At402,5382.88,7207.09,1343.22,10728.5,5053.28,6988.06,2628.0,39491.76,8376.93,4.31
7.6211,81.7792,Batticaloa,2008,Maha,Silt,1339.04,30.48,89.58,3.22,At306,3548.38,10167.94,1606.16,21125.88,3555.29,8277.78,2155.22,50597.53,5764.42,8.03
7.653,81.7779,Batticaloa,2008,Maha,Loam,2274.96,30.68,79.25,2.35,BG352,4871.19,9375.95,1449.78,16276.41,4532.9,8360.65,778.58,46014.54,4819.53,8.73
8.0549,81.0577,Polonnaruwa,2008,Yala,Sandy Loam,1040.75,26.46,79.28,4.59,BG352,4364.59,9007.6,1561.17,18136.46,4583.5,7700.15,2644.48,48596.76,9435.65,4.71
9.6501,80.0436,Jaffna,2008,Maha,Clay,1784.99,28.01,85.86,3.1,BG358,4797.23,11328.98,2310.2,21466.64,3651.8,5835.91,2438.94,52207.78,7077.27,6.74
8.3291,80.4699,Anuradhapura,2008,Maha,Loam,1184.5,29.91,76.86,3.78,BG352,4877.14,11697.88,3074.77,15211.88,4102.83,6819.94,1434.42,47591.41,9615.58,4.53
7.3121,81.6904,Ampara,2008,Yala,Loam,1449.09,28.51,86.09,1.75,BG300,2884.58,12563.03,1312.07,22533.22,4115.25,11454.76,1404.27,55641.03,5477.63,9.29
9.7908,80.1847,Jaffna,2008,Yala,Sandy Loam,1610.66,26.46,76.98,1.0,BG358,5580.8,12487.53,1475.68,21982.65,3618.11,7022.6,842.79,53010.97,3244.01,14.94
9.6951,80.0377,Jaffna,2008,Yala,Clay,2060.63,26.35,71.46,2.31,BG358,3266.25,6954.43,2013.77,20027.77,4928.77,7906.99,2980.96,47848.82,6015.67,7.27
7.3632,81.7372,Ampara,2008,Yala,Loam,2092.74,31.44,83.12,1.3,BG352,4393.13,12773.6,3706.21,10225.73,2465.03,5616.14,2516.5,42106.03,2697.89,14.27
7.3441,81.7498,Ampara,2009,Yala,Sandy Loam,2198.17,32.99,77.01,3.95,BG300,3934.82,9312.3,3052.56,21979.37,5360.85,11497.84,1807.89,56839.17,12485.11,4.2
7.3769,81.7659,Ampara,2009,Maha,Loam,1288.43,26.29,73.38,1.75,BG352,2869.17,6135.16,1680.28,16390.06,2728.79,7943.06,2039.77,40044.02,3048.74,12.13
8.0858,81.0871,Polonnaruwa,2009,Yala,Clay,1833.15,31.38,88.9,4.32,BG300,3202.42,9074.07,1703.36,23067.38,4081.93,6749.69,2495.37,50534.13,10324.52,4.52
8.4424,80.5172,Anuradhapura,2009,Yala,Clay,1816.73,26.04,76.49,2.15,BG352,3907.54,11063.35,2405.64,16226.46,2834.41,8022.08,1292.14,45173.87,6209.79,6.72
7.4463,80.4229,Kurunegala,2009,Maha,Silt,1175.6,27.0,85.23,3.28,BG300,2509.63,6097.84,3251.46,11137.57,4811.85,10952.04,897.08,39095.47,12027.07,3.01
7.4679,80.4119,Kurunegala,2009,Maha,Silt,1660.23,26.85,79.9,0.65,BG358,6338.76,7516.54,3147.36,14372.16,3790.53,9548.33,1177.31,46526.66,2104.1,20.42
7.7355,81.7996,Batticaloa,2009,Maha,Silt,1335.39,32.74,70.24,4.86,At402,2235.0,12652.65,2782.35,23594.15,2280.26,9611.19,3301.09,56487.96,14293.24,3.65
7.4776,80.3419,Kurunegala,2009,Yala,Loam,1277.79,27.22,71.97,3.47,At402,5652.02,7567.44,1410.38,11264.93,5305.95,7337.47,2759.4,41466.35,8460.7,4.53
7.6211,81.7792,Batticaloa,2009,Maha,Silt,1339.04,30.48,89.58,3.22,At306,3725.8,10676.34,1686.47,22182.18,3733.05,8691.67,2262.99,53127.4,5822.06,8.43
7.653,81.7779,Batticaloa,2009,Maha,Loam,2274.96,30.68,79.25,2.35,BG352,5114.75,9844.75,1522.27,17090.23,4759.55,8778.69,817.51,48315.27,4867.73,9.16
8.0549,81.0577,Polonnaruwa,2009,Yala,Sandy Loam,1040.75,26.46,79.28,4.59,BG352,4582.82,9457.98,1639.23,19043.28,4812.68,8085.16,2776.7,51026.6,9530.01,4.95
9.6501,80.0436,Jaffna,2009,Maha,Clay,1784.99,28.01,85.86,3.1,BG358,5037.09,11895.43,2425.71,22539.97,3834.39,6127.7,2560.89,54818.17,7148.05,7.08
8.3291,80.4699,Anuradhapura,2009,Maha,Loam,1184.5,29.91,76.86,3.78,BG352,5120.99,12282.77,3228.5,15972.47,4307.97,7160.93,1506.14,49970.98,9711.74,4.75
7.3121,81.6904,Ampara,2009,Yala,Loam,1449.09,28.51,86.09,1.75,BG300,3028.81,13191.18,1377.67,23659.88,4321.02,12027.5,1474.48,58423.08,5532.4,9.75
9.7908,80.1847,Jaffna,2009,Yala,Sandy Loam,1610.66,26.46,76.98,1.0,BG358,5859.84,13111.91,1549.47,23081.78,3799.02,7373.72,884.93,55661.52,3276.45,15.69
9.6951,80.0377,Jaffna,2009,Yala,Clay,2060.63,26.35,71.46,2.31,BG358,3429.57,7302.16,2114.46,21029.16,5175.21,8302.34,3130.0,50241.26,6075.83,7.63
7.3632,81.7372,Ampara,2009,Yala,Loam,2092.74,31.44,83.12,1.3,BG352,4612.79,13412.28,3891.52,10737.02,2588.28,5896.94,2642.33,44211.34,2724.87,14.99
8.4424,80.5172,Anuradhapura,2010,Yala,Clay,1816.73,26.04,76.49,2.15,BG352,4102.91,11616.52,2525.92,17037.78,2976.13,8423.19,1356.75,47432.56,6271.89,7.06
7.4679,80.4119,Kurunegala,2010,Maha,Silt,1660.23,26.85,79.9,0.65,BG358,6655.7,7892.37,3304.73,15090.76,3980.06,10025.74,1236.17,48853.0,2125.14,21.44
7.4463,80.4229,Kurunegala,2010,Maha,Silt,1175.6,27.0,85.23,3.28,BG300,2635.11,6402.73,3414.03,11694.45,5052.45,11499.64,941.94,41050.24,12147.34,3.16
7.7355,81.7996,Batticaloa,2010,Maha,Silt,1335.39,32.74,70.24,4.86,At402,2346.76,13285.28,2921.47,24773.85,2394.27,10091.75,3466.14,59312.36,14436.17,3.83
8.0858,81.0871,Polonnaruwa,2010,Yala,Clay,1833.15,31.38,88.9,4.32,BG300,3362.55,9527.77,1788.53,24220.74,4286.03,7087.17,2620.14,53060.83,10427.77,4.75
7.3769,81.7659,Ampara,2010,Maha,Loam,1288.43,26.29,73.38,1.75,BG352,3012.63,6441.92,1764.29,17209.56,2865.23,8340.21,2141.76,42046.22,3079.23,12.74
7.3441,81.7498,Ampara,2010,Yala,Sandy Loam,2198.17,32.99,77.01,3.95,BG300,4131.56,9777.92,3205.19,23078.34,5628.89,12072.73,1898.28,59681.13,12609.97,4.41
7.4776,80.3419,Kurunegala,2010,Yala,Loam,1277.79,27.22,71.97,3.47,At402,5934.62,7945.82,1480.9,11828.17,5571.24,7704.34,2897.37,43539.66,8545.31,4.75
7.3632,81.7372,Ampara,2010,Yala,Loam,2092.74,31.44,83.12,1.3,BG352,4843.43,14082.89,4086.1,11273.87,2717.7,6191.79,2774.44,46421.9,2752.12,15.73
7.653,81.7779,Batticaloa,2010,Maha,Loam,2274.96,30.68,79.25,2.35,BG352,5370.48,10336.99,1598.39,17944.74,4997.53,9217.62,858.38,50731.03,4916.4,9.62
8.0549,81.0577,Polonnaruwa,2010,Yala,Sandy Loam,1040.75,26.46,79.28,4.59,BG352,4811.96,9930.88,1721.19,19995.45,5053.31,8489.42,2915.53,53577.93,9625.31,5.2
9.6501,80.0436,Jaffna,2010,Maha,Clay,1784.99,28.01,85.86,3.1,BG358,5288.95,12490.2,2547.0,23666.97,4026.11,6434.09,2688.93,57559.08,7219.53,7.43
8.3291,80.4699,Anuradhapura,2010,Maha,Loam,1184.5,29.91,76.86,3.78,BG352,5377.04,12896.91,3389.93,16771.1,4523.37,7518.98,1581.44,52469.52,9808.85,4.99
7.3121,81.6904,Ampara,2010,Yala,Loam,1449.09,28.51,86.09,1.75,BG300,3180.25,13850.74,1446.56,24842.88,4537.07,12628.88,1548.21,61344.24,5587.73,10.24
9.7908,80.1847,Jaffna,2010,Yala,Sandy Loam,1610.66,26.46,76.98,1.0,BG358,6152.83,13767.5,1626.94,24235.87,3988.97,7742.41,929.18,58444.59,3309.22,16.47
9.6951,80.0377,Jaffna,2010,Yala,Clay,2060.63,26.35,71.46,2.31,BG358,3601.04,7667.26,2220.18,22080.62,5433.97,8717.46,3286.5,52753.32,6136.59,8.02
7.6211,81.7792,Batticaloa,2010,Maha,Silt,1339.04,30.48,89.58,3.22,At306,3912.09,11210.15,1770.79,23291.29,3919.71,9126.25,2376.13,55783.77,5880.28,8.85
7.4679,80.4119,Kurunegala,2011,Maha,Silt,1660.23,26.85,79.9,0.65,BG358,6988.49,8286.99,3469.97,15845.3,4179.06,10527.03,1297.98,51295.64,2146.39,22.51
7.4463,80.4229,Kurunegala,2011,Maha,Silt,1175.6,27.0,85.23,3.28,BG300,2766.86,6722.86,3584.73,12279.17,5305.07,12074.62,989.03,43102.75,12268.81,3.31
7.7355,81.7996,Batticaloa,2011,Maha,Silt,1335.39,32.74,70.24,4.86,At402,2464.09,13949.54,3067.54,26012.55,2513.98,10596.34,3639.45,62277.97,14580.53,4.02
8.0858,81.0871,Polonnaruwa,2011,Yala,Clay,1833.15,31.38,88.9,4.32,BG300,3530.67,10004.16,1877.96,25431.78,4500.33,7441.53,2751.15,55713.87,10532.05,4.98
7.3769,81.7659,Ampara,2011,Maha,Loam,1288.43,26.29,73.38,1.75,BG352,3163.26,6764.02,1852.51,18070.04,3008.49,8757.22,2248.85,44148.54,3110.02,13.37
7.3441,81.7498,Ampara,2011,Yala,Sandy Loam,2198.17,32.99,77.01,3.95,BG300,4338.14,10266.81,3365.45,24232.26,5910.34,12676.37,1993.19,62665.18,12736.07,4.63
8.4424,80.5172,Anuradhapura,2011,Yala,Clay,1816.73,26.04,76.49,2.15,BG352,4308.06,12197.35,2652.22,17889.67,3124.94,8844.35,1424.58,49804.19,6334.6,7.41
7.4776,80.3419,Kurunegala,2011,Yala,Loam,1277.79,27.22,71.97,3.47,At402,6231.35,8343.11,1554.95,12419.58,5849.81,8089.56,3042.24,45716.65,8630.76,4.99
7.6211,81.7792,Batticaloa,2011,Maha,Silt,1339.04,30.48,89.58,3.22,At306,4107.69,11770.66,1859.33,24455.85,4115.69,9582.56,2494.94,58572.96,5939.09,9.29
7.653,81.7779,Batticaloa,2011,Maha,Loam,2274.96,30.68,79.25,2.35,BG352,5639.01,10853.84,1678.31,18841.98,5247.4,9678.5,901.3,53267.59,4965.57,10.1
8.0549,81.0577,Polonnaruwa,2011,Yala,Sandy Loam,1040.75,26.46,79.28,4.59,BG352,5052.56,10427.43,1807.25,20995.22,5305.98,8913.89,3061.31,56256.83,9721.56,5.45
9.6501,80.0436,Jaffna,2011,Maha,Clay,1784.99,28.01,85.86,3.1,BG358,5553.39,13114.71,2674.35,24850.32,4227.41,6755.79,2823.38,60437.03,7291.72,7.81
8.3291,80.4699,Anuradhapura,2011,Maha,Loam,1184.5,29.91,76.86,3.78,BG352,5645.9,13541.76,3559.43,17609.65,4749.53,7894.93,1660.52,55093.0,9906.94,5.24
7.3121,81.6904,Ampara,2011,Yala,Loam,1449.09,28.51,86.09,1.75,BG300,3339.26,14543.28,1518.88,26085.02,4763.92,13260.32,1625.62,64411.45,5643.6,10.75
9.7908,80.1847,Jaffna,2011,Yala,Sandy Loam,1610.66,26.46,76.98,1.0,BG358,6460.47,14455.88,1708.29,25447.66,4188.42,8129.53,975.64,61366.82,3342.31,17.3
9.6951,80.0377,Jaffna,2011,Yala,Clay,2060.63,26.35,71.46,2.31,BG358,3781.1,8050.63,2331.19,23184.65,5705.67,9153.33,3450.83,55390.99,6197.95,8.42
7.3632,81.7372,Ampara,2011,Yala,Loam,2092.74,31.44,83.12,1.3,BG352,5085.6,14787.03,4290.4,11837.57,2853.58,6501.38,2913.17,48743.0,2779.64,16.52
7.4679,80.4119,Kurunegala,2012,Maha,Silt,1660.23,26.85,79.9,0.65,BG358,7337.91,8701.34,3643.47,16637.57,4388.01,11053.38,1362.88,53860.43,2167.86,23.64
7.4463,80.4229,Kurunegala,2012,Maha,Silt,1175.6,27.0,85.23,3.28,BG300,2905.21,7059.01,3763.97,12893.13,5570.32,12678.35,1038.49,45257.89,12391.5,3.48
7.7355,81.7996,Batticaloa,2012,Maha,Silt,1335.39,32.74,70.24,4.86,At402,2587.3,14647.02,3220.92,27313.17,2639.68,11126.16,3821.42,65391.87,14726.34,4.22
8.0858,81.0871,Polonnaruwa,2012,Yala,Clay,1833.15,31.38,88.9,4.32,BG300,3707.21,10504.37,1971.85,26703.37,4725.34,7813.61,2888.7,58499.57,10637.37,5.23
7.3769,81.7659,Ampara,2012,Maha,Loam,1288.43,26.29,73.38,1.75,BG352,3321.42,7102.22,1945.14,18973.54,3158.92,9195.08,2361.29,46355.96,3141.12,14.04
7.3441,81.7498,Ampara,2012,Yala,Sandy Loam,2198.17,32.99,77.01,3.95,BG300,4555.05,10780.15,3533.72,25443.87,6205.86,13310.19,2092.85,65798.44,12863.43,4.87
8.4424,80.5172,Anuradhapura,2012,Yala,Clay,1816.73,26.04,76.49,2.15,BG352,4523.46,12807.21,2784.83,18784.15,3281.19,9286.56,1495.81,52294.4,6397.95,7.78
7.4776,80.3419,Kurunegala,2012,Yala,Loam,1277.79,27.22,71.97,3.47,At402,6542.92,8760.26,1632.7,13040.56,6142.3,8494.03,3194.35,48002.48,8717.07,5.24
7.3632,81.7372,Ampara,2012,Yala,Loam,2092.74,31.44,83.12,1.3,BG352,5339.88,15526.39,4504.92,12429.44,2996.26,6826.45,3058.82,51180.15,2807.43,17.35
7.653,81.7779,Batticaloa,2012,Maha,Loam,2274.96,30.68,79.25,2.35,BG352,5920.96,11396.53,1762.22,19784.07,5509.77,10162.43,946.37,55930.97,5015.22,10.61
8.0549,81.0577,Polonnaruwa,2012,Yala,Sandy Loam,1040.75,26.46,79.28,4.59,BG352,5305.19,10948.8,1897.61,22044.98,5571.28,9359.58,3214.38,59069.67,9818.77,5.73
9.6501,80.0436,Jaffna,2012,Maha,Clay,1784.99,28.01,85.86,3.1,BG358,5831.06,13770.45,2808.06,26092.83,4438.79,7093.58,2964.55,63458.88,7364.64,8.2
8.3291,80.4699,Anuradhapura,2012,Maha,Loam,1184.5,29.91,76.86,3.78,BG352,5928.19,14218.85,3737.4,18490.14,4987.01,8289.68,1743.54,57847.65,10006.01,5.5
7.3121,81.6904,Ampara,2012,Yala,Loam,1449.09,28.51,86.09,1.75,BG300,3506.22,15270.44,1594.83,27389.27,5002.12,13923.34,1706.9,67632.02,5700.04,11.29
9.7908,80.1847,Jaffna,2012,Yala,Sandy Loam,1610.66,26.46,76.98,1.0,BG358,6783.5,15178.67,1793.7,26720.04,4397.84,8536.01,1024.42,64435.16,3375.73,18.16
9.6951,80.0377,Jaffna,2012,Yala,Clay,2060.63,26.35,71.46,2.31,BG358,3970.15,8453.16,2447.75,24343.88,5990.95,9611.0,3623.37,58160.54,6259.93,8.84
7.6211,81.7792,Batticaloa,2012,Maha,Silt,1339.04,30.48,89.58,3.22,At306,4313.08,12359.19,1952.3,25678.64,4321.48,10061.69,2619.69,61501.61,5998.48,9.75
7.4679,80.4119,Kurunegala,2013,Maha,Silt,1660.23,26.85,79.9,0.65,BG358,7704.81,9136.41,3825.64,17469.45,4607.41,11606.05,1431.03,56553.45,2189.54,24.82
7.4463,80.4229,Kurunegala,2013,Maha,Silt,1175.6,27.0,85.23,3.28,BG300,3050.47,7411.96,3952.16,13537.78,5848.84,13312.27,1090.41,47520.78,12515.41,3.65
7.7355,81.7996,Batticaloa,2013,Maha,Silt,1335.39,32.74,70.24,4.86,At402,2716.66,15379.37,3381.97,28678.83,2771.67,11682.47,4012.49,68661.47,14873.6,4.43
8.0858,81.0871,Polonnaruwa,2013,Yala,Clay,1833.15,31.38,88.9,4.32,BG300,3892.57,11029.59,2070.45,28038.54,4961.61,8204.29,3033.14,61424.55,10743.74,5.5
7.3769,81.7659,Ampara,2013,Maha,Loam,1288.43,26.29,73.38,1.75,BG352,3487.49,7457.33,2042.39,19922.22,3316.86,9654.83,2479.35,48673.76,3172.53,14.74
7.3441,81.7498,Ampara,2013,Yala,Sandy Loam,2198.17,32.99,77.01,3.95,BG300,4782.8,11319.16,3710.4,26716.06,6516.15,13975.7,2197.5,69088.37,12992.06,5.11
8.4424,80.5172,Anuradhapura,2013,Yala,Clay,1816.73,26.04,76.49,2.15,BG352,4749.63,13447.57,2924.07,19723.36,3445.25,9750.89,1570.6,54909.12,6461.93,8.17
7.4776,80.3419,Kurunegala,2013,Yala,Loam,1277.79,27.22,71.97,3.47,At402,6870.07,9198.27,1714.33,13692.59,6449.41,8918.74,3354.07,50402.6,8804.24,5.5
7.3632,81.7372,Ampara,2013,Yala,Loam,2092.74,31.44,83.12,1.3,BG352,5606.87,16302.71,4730.17,13050.92,3146.07,7167.77,3211.76,53739.16,2835.51,18.21
7.653,81.7779,Batticaloa,2013,Maha,Loam,2274.96,30.68,79.25,2.35,BG352,6217.01,11966.36,1850.33,20773.28,5785.26,10670.55,993.68,58727.51,5065.38,11.14
8.0549,81.0577,Polonnaruwa,2013,Yala,Sandy Loam,1040.75,26.46,79.28,4.59,BG352,5570.44,11496.24,1992.49,23147.23,5849.84,9827.56,3375.1,62023.15,9916.96,6.01
9.6501,80.0436,Jaffna,2013,Maha,Clay,1784.99,28.01,85.86,3.1,BG358,6122.62,14458.97,2948.47,27397.47,4660.72,7448.26,3112.78,66631.83,7438.29,8.61
8.3291,80.4699,Anuradhapura,2013,Maha,Loam,1184.5,29.91,76.86,3.78,BG352,6224.6,14929.79,3924.27,19414.64,5236.36,8704.16,1830.72,60740.03,10106.07,5.78
7.3121,81.6904,Ampara,2013,Yala,Loam,1449.09,28.51,86.09,1.75,BG300,3681.54,16033.96,1674.57,28758.73,5252.22,14619.51,1792.24,71013.62,5757.04,11.86
9.7908,80.1847,Jaffna,2013,Yala,Sandy Loam,1610.66,26.46,76.98,1.0,BG358,7122.67,15937.61,1883.39,28056.05,4617.73,8962.81,1075.64,67656.92,3409.49,19.07
9.6951,80.0377,Jaffna,2013,Yala,Clay,2060.63,26.35,71.46,2.31,BG358,4168.66,8875.82,2570.14,25561.08,6290.5,10091.55,3804.54,61068.56,6322.53,9.28
7.6211,81.7792,Batticaloa,2013,Maha,Silt,1339.04,30.48,89.58,3.22,At306,4528.73,12977.15,2049.91,26962.58,4537.55,10564.77,2750.67,64576.69,6058.46,10.24
7.6211,81.7792,Batticaloa,2014,Maha,Silt,1339.04,30.48,89.58,3.22,At306,4755.17,13626.01,2152.41,28310.71,4764.43,11093.01,2888.21,67805.52,6119.05,10.75
9.6951,80.0377,Jaffna,2014,Yala,Clay,2060.63,26.35,71.46,2.31,BG358,4377.09,9319.61,2698.65,26839.13,6605.02,10596.13,3994.77,64121.99,6385.76,9.74
9.7908,80.1847,Jaffna,2014,Yala,Sandy Loam,1610.66,26.46,76.98,1.0,BG358,7478.8,16734.49,1977.56,29458.85,4848.62,9410.95,1129.42,71039.77,3443.59,20.02
7.3121,81.6904,Ampara,2014,Yala,Loam,1449.09,28.51,86.09,1.75,BG300,3865.61,16835.66,1758.3,30196.67,5514.83,15350.48,1881.85,74564.3,5814.61,12.45
8.3291,80.4699,Anuradhapura,2014,Maha,Loam,1184.5,29.91,76.86,3.78,BG352,6535.83,15676.28,4120.48,20385.38,5498.18,9139.37,1922.25,63777.03,10207.13,6.06
9.6501,80.0436,Jaffna,2014,Maha,Clay,1784.99,28.01,85.86,3.1,BG358,6428.75,15181.92,3095.89,28767.35,4893.76,7820.68,3268.42,69963.42,7512.67,9.04
8.0549,81.0577,Polonnaruwa,2014,Yala,Sandy Loam,1040.75,26.46,79.28,4.59,BG352,5848.97,12071.05,2092.12,24304.59,6142.33,10318.94,3543.85,65124.31,10016.13,6.31
7.653,81.7779,Batticaloa,2014,Maha,Loam,2274.96,30.68,79.25,2.35,BG352,6527.86,12564.67,1942.85,21811.94,6074.52,11204.08,1043.37,61663.89,5116.03,11.7
7.4776,80.3419,Kurunegala,2014,Yala,Loam,1277.79,27.22,71.97,3.47,At402,7213.57,9658.19,1800.05,14377.22,6771.88,9364.67,3521.77,52922.73,8892.28,5.78
7.4679,80.4119,Kurunegala,2014,Maha,Silt,1660.23,26.85,79.9,0.65,BG358,8090.05,9593.23,4016.92,18342.92,4837.78,12186.36,1502.58,59381.12,2211.43,26.06
7.4463,80.4229,Kurunegala,2014,Maha,Silt,1175.6,27.0,85.23,3.28,BG300,3202.99,7782.55,4149.77,14214.67,6141.28,13977.89,1144.93,49896.82,12640.57,3.84
7.7355,81.7996,Batticaloa,2014,Maha,Silt,1335.39,32.74,70.24,4.86,At402,2852.5,16148.34,3551.06,30112.77,2910.25,12266.59,4213.12,72094.54,15022.34,4.66
7.3632,81.7372,Ampara,2014,Yala,Loam,2092.74,31.44,83.12,1.3,BG352,5887.22,17117.84,4966.68,13703.46,3303.38,7526.16,3372.35,56426.11,2863.86,19.13
7.3769,81.7659,Ampara,2014,Maha,Loam,1288.43,26.29,73.38,1.75,BG352,3661.87,7830.2,2144.51,20918.33,3482.71,10137.57,2603.32,51107.45,3204.26,15.48
7.3441,81.7498,Ampara,2014,Yala,Sandy Loam,2198.17,32.99,77.01,3.95,BG300,5021.94,11885.12,3895.92,28051.86,6841.96,14674.48,2307.37,72542.78,13121.98,5.36
8.4424,80.5172,Anuradhapura,2014,Yala,Clay,1816.73,26.04,76.49,2.15,BG352,4987.12,14119.95,3070.28,20709.53,3617.51,10238.44,1649.14,57654.58,6526.55,8.58
8.0858,81.0871,Polonnaruwa,2014,Yala,Clay,1833.15,31.38,88.9,4.32,BG300,4087.2,11581.06,2173.97,29440.47,5209.69,8614.5,3184.8,64495.77,10851.18,5.77
8.4424,80.5172,Anuradhapura,2015,Yala,Clay,1816.73,26.04,76.49,2.15,BG352,5236.47,14825.95,3223.79,21745.01,3798.39,10750.36,1731.59,60537.31,6591.81,9.01
7.4679,80.4119,Kurunegala,2015,Maha,Silt,1660.23,26.85,79.9,0.65,BG358,8494.55,10072.89,4217.77,19260.06,5079.67,12795.67,1577.71,62350.18,2233.55,27.37
7.4463,80.4229,Kurunegala,2015,Maha,Silt,1175.6,27.0,85.23,3.28,BG300,3363.14,8171.68,4357.26,14925.41,6448.34,14676.78,1202.18,52391.66,12766.97,4.03
7.7355,81.7996,Batticaloa,2015,Maha,Silt,1335.39,32.74,70.24,4.86,At402,2995.12,16955.76,3728.62,31618.41,3055.76,12879.92,4423.77,75699.27,15172.56,4.89
8.0858,81.0871,Polonnaruwa,2015,Yala,Clay,1833.15,31.38,88.9,4.32,BG300,4291.56,12160.12,2282.67,30912.49,5470.18,9045.22,3344.04,67720.56,10959.69,6.06
7.3769,81.7659,Ampara,2015,Maha,Loam,1288.43,26.29,73.38,1.75,BG352,3844.96,8221.71,2251.74,21964.24,3656.84,10644.45,2733.49,53662.82,3236.3,16.25
7.3441,81.7498,Ampara,2015,Yala,Sandy Loam,2198.17,32.99,77.01,3.95,BG300,5273.03,12479.37,4090.72,29454.46,7184.05,15408.21,2422.74,76169.92,13253.2,5.63
7.4776,80.3419,Kurunegala,2015,Yala,Loam,1277.79,27.22,71.97,3.47,At402,7574.25,10141.1,1890.05,15096.08,7110.48,9832.91,3697.86,55568.87,8981.21,6.07
7.3632,81.7372,Ampara,2015,Yala,Loam,2092.74,31.44,83.12,1.3,BG352,6181.58,17973.73,5215.01,14388.63,3468.54,7902.47,3540.97,59247.42,2892.5,20.08
7.653,81.7779,Batticaloa,2015,Maha,Loam,2274.96,30.68,79.25,2.35,BG352,6854.25,13192.91,2039.99,22902.54,6378.25,11764.28,1095.54,64747.08,5167.19,12.28
8.0549,81.0577,Polonnaruwa,2015,Yala,Sandy Loam,1040.75,26.46,79.28,4.59,BG352,6141.41,12674.6,2196.73,25519.82,6449.45,10834.88,3721.04,68380.53,10116.29,6.63
9.6501,80.0436,Jaffna,2015,Maha,Clay,1784.99,28.01,85.86,3.1,BG358,6750.19,15941.02,3250.68,30205.71,5138.45,8211.71,3431.84,73461.59,7587.8,9.49
8.3291,80.4699,Anuradhapura,2015,Maha,Loam,1184.5,29.91,76.86,3.78,BG352,6862.62,16460.09,4326.5,21404.64,5773.09,9596.34,2018.37,66965.89,10309.2,6.37
7.3121,81.6904,Ampara,2015,Yala,Loam,1449.09,28.51,86.09,1.75,BG300,4058.89,17677.44,1846.21,31706.5,5790.58,16118.0,1975.95,78292.52,5872.76,13.07
9.7908,80.1847,Jaffna,2015,Yala,Sandy Loam,1610.66,26.46,76.98,1.0,BG358,7852.74,17571.21,2076.44,30931.79,5091.05,9881.5,1185.9,74591.76,3478.02,21.02
9.6951,80.0377,Jaffna,2015,Yala,Clay,2060.63,26.35,71.46,2.31,BG358,4595.95,9785.59,2833.58,28181.09,6935.27,11125.93,4194.5,67328.09,6449.61,10.23
7.6211,81.7792,Batticaloa,2015,Maha,Silt,1339.04,30.48,89.58,3.22,At306,4992.93,14307.31,2260.03,29726.24,5002.65,11647.66,3032.62,71195.8,6180.24,11.29
7.4679,80.4119,Kurunegala,2016,Maha,Silt,1660.23,26.85,79.9,0.65,BG358,8919.28,10576.53,4428.66,20223.07,5333.66,13435.46,1656.59,65467.69,2255.88,28.73
7.4463,80.4229,Kurunegala,2016,Maha,Silt,1175.6,27.0,85.23,3.28,BG300,3531.3,8580.27,4575.12,15671.68,6770.76,15410.62,1262.29,55011.25,12894.64,4.23
7.7355,81.7996,Batticaloa,2016,Maha,Silt,1335.39,32.74,70.24,4.86,At402,3144.88,17803.54,3915.05,33199.33,3208.55,13523.91,4644.96,79484.23,15324.29,5.13
8.0858,81.0871,Polonnaruwa,2016,Yala,Clay,1833.15,31.38,88.9,4.32,BG300,4506.13,12768.12,2396.8,32458.11,5743.69,9497.49,3511.24,71106.59,11069.29,6.36
7.3769,81.7659,Ampara,2016,Maha,Loam,1288.43,26.29,73.38,1.75,BG352,4037.21,8632.79,2364.32,23062.46,3839.69,11176.68,2870.16,56345.96,3268.66,17.07
7.3441,81.7498,Ampara,2016,Yala,Sandy Loam,2198.17,32.99,77.01,3.95,BG300,5536.69,13103.34,4295.26,30927.18,7543.26,16178.62,2543.88,79978.42,13385.73,5.91
8.4424,80.5172,Anuradhapura,2016,Yala,Clay,1816.73,26.04,76.49,2.15,BG352,5498.3,15567.25,3384.98,22832.26,3988.3,11287.88,1818.17,63564.17,6657.73,9.46
7.4776,80.3419,Kurunegala,2016,Yala,Loam,1277.79,27.22,71.97,3.47,At402,7952.96,10648.15,1984.55,15850.89,7466.0,10324.55,3882.75,58347.31,9071.02,6.37
9.7908,80.1847,Jaffna,2016,Yala,Sandy Loam,1610.66,26.46,76.98,1.0,BG358,8245.38,18449.77,2180.26,32478.38,5345.6,10375.57,1245.19,78321.34,3512.8,22.08
7.653,81.7779,Batticaloa,2016,Maha,Loam,2274.96,30.68,79.25,2.35,BG352,7196.96,13852.55,2141.99,24047.67,6697.16,12352.5,1150.31,67984.44,5218.86,12.9
8.0549,81.0577,Polonnaruwa,2016,Yala,Sandy Loam,1040.75,26.46,79.28,4.59,BG352,6448.49,13308.33,2306.56,26795.81,6771.92,11376.63,3907.1,71799.55,10217.46,6.96
9.6501,80.0436,Jaffna,2016,Maha,Clay,1784.99,28.01,85.86,3.1,BG358,7087.7,16738.07,3413.22,31716.0,5395.37,8622.3,3603.43,77134.67,7663.67,9.96
8.3291,80.4699,Anuradhapura,2016,Maha,Loam,1184.5,29.91,76.86,3.78,BG352,7205.75,17283.1,4542.83,22474.88,6061.74,10076.15,2119.29,70314.18,10412.3,6.69
7.3121,81.6904,Ampara,2016,Yala,Loam,1449.09,28.51,86.09,1.75,BG300,4261.84,18561.31,1938.52,33291.83,6080.1,16923.9,2074.74,82207.14,5931.49,13.72
9.6951,80.0377,Jaffna,2016,Yala,Clay,2060.63,26.35,71.46,2.31,BG358,4825.74,10274.87,2975.26,29590.14,7282.04,11682.23,4404.23,70694.5,6514.11,10.74
7.3632,81.7372,Ampara,2016,Yala,Loam,2092.74,31.44,83.12,1.3,BG352,6490.66,18872.42,5475.76,15108.07,3641.97,8297.59,3718.02,62209.79,2921.43,21.09
7.6211,81.7792,Batticaloa,2016,Maha,Silt,1339.04,30.48,89.58,3.22,At306,5242.57,15022.68,2373.03,31212.55,5252.78,12230.05,3184.25,74755.59,6242.04,11.86
7.6211,81.7792,Batticaloa,2017,Maha,Silt,1339.04,30.48,89.58,3.22,At306,5504.7,15773.81,2491.68,32773.18,5515.42,12841.55,3343.46,78493.37,6304.46,12.45
9.6951,80.0377,Jaffna,2017,Yala,Clay,2060.63,26.35,71.46,2.31,BG358,5067.03,10788.61,3124.02,31069.65,7646.14,12266.34,4624.44,74229.22,6579.25,11.28
9.7908,80.1847,Jaffna,2017,Yala,Sandy Loam,1610.66,26.46,76.98,1.0,BG358,8657.65,19372.26,2289.27,34102.3,5612.88,10894.35,1307.45,82237.41,3547.93,23.18
7.3441,81.7498,Ampara,2017,Yala,Sandy Loam,2198.17,32.99,77.01,3.95,BG300,5813.52,13758.51,4510.02,32473.54,7920.42,16987.55,2671.07,83977.34,13519.59,6.21
7.3121,81.6904,Ampara,2017,Yala,Loam,1449.09,28.51,86.09,1.75,BG300,4474.93,19489.38,2035.45,34956.42,6384.11,17770.1,2178.48,86317.5,5990.8,14.41
7.4776,80.3419,Kurunegala,2017,Yala,Loam,1277.79,27.22,71.97,3.47,At402,8350.61,11180.56,2083.78,16643.43,7839.3,10840.78,4076.89,61264.68,9161.73,6.69
8.4424,80.5172,Anuradhapura,2017,Yala,Clay,1816.73,26.04,76.49,2.15,BG352,5773.21,16345.61,3554.23,23973.87,4187.72,11852.27,1909.08,66742.38,6724.31,9.93
7.3632,81.7372,Ampara,2017,Yala,Loam,2092.74,31.44,83.12,1.3,BG352,6815.19,19816.04,5749.55,15863.47,3824.07,8712.47,3903.92,65320.28,2950.64,22.14
7.653,81.7779,Batticaloa,2017,Maha,Loam,2274.96,30.68,79.25,2.35,BG352,7556.81,14545.18,2249.09,25250.05,7032.02,12970.12,1207.83,71383.66,5271.05,13.54
7.3769,81.7659,Ampara,2017,Maha,Loam,1288.43,26.29,73.38,1.75,BG352,4239.07,9064.43,2482.54,24215.58,4031.67,11735.51,3013.67,59163.26,3301.35,17.92
8.3291,80.4699,Anuradhapura,2017,Maha,Loam,1184.5,29.91,76.86,3.78,BG352,7566.04,18147.25,4769.97,23598.62,6364.83,10579.96,2225.25,73829.89,10516.42,7.02
8.0858,81.0871,Polonnaruwa,2017,Yala,Clay,1833.15,31.38,88.9,4.32,BG300,4731.44,13406.53,2516.64,34081.02,6030.87,9972.36,3686.8,74661.92,11179.98,6.68
9.6501,80.0436,Jaffna,2017,Maha,Clay,1784.99,28.01,85.86,3.1,BG358,7442.08,17574.97,3583.88,33301.8,5665.14,9053.41,3783.6,80991.4,7740.31,10.46
7.4679,80.4119,Kurunegala,2017,Maha,Silt,1660.23,26.85,79.9,0.65,BG358,9365.24,11105.36,4650.09,21234.22,5600.34,14107.23,1739.42,68741.07,2278.44,30.17
7.7355,81.7996,Batticaloa,2017,Maha,Silt,1335.39,32.74,70.24,4.86,At402,3302.12,18693.72,4110.8,34859.3,3368.98,14200.11,4877.21,83458.44,15477.53,5.39
7.4463,80.4229,Kurunegala,2017,Maha,Silt,1175.6,27.0,85.23,3.28,BG300,3707.86,9009.28,4803.88,16455.26,7109.3,16181.15,1325.4,57761.81,13023.59,4.44
8.0549,81.0577,Polonnaruwa,2017,Yala,Sandy Loam,1040.75,26.46,79.28,4.59,BG352,6770.91,13973.75,2421.89,28135.6,7110.52,11945.46,4102.45,75389.53,10319.63,7.31
9.6315,80.2402,Jaffna,2018,Maha,Clay,2043.62,29.18,82.55,3.13,At402,9308.11,8545.36,3123.85,34008.23,7451.32,12923.54,3480.53,78395.7,6929.4,11.31
9.7211,80.0248,Jaffna,2018,Maha,Silt,1979.74,32.57,87.42,3.95,At306,8519.13,15979.82,3041.15,33143.9,6353.66,14285.73,1443.96,82661.46,11110.51,7.44
8.384,80.4904,Anuradhapura,2018,Maha,Sandy Loam,1279.86,32.25,80.79,4.13,BG352,9272.64,11816.04,2440.21,19558.7,5135.54,17634.19,4442.92,69314.14,12074.65,5.74
8.0247,80.9795,Polonnaruwa,2018,Yala,Silt,1086.67,30.87,89.67,1.58,BG358,3995.75,9456.62,3213.1,17020.92,6460.81,7809.79,3037.69,51988.07,5673.36,9.16
9.7931,80.083,Jaffna,2018,Yala,Clay,1262.26,29.52,77.97,1.16,At402,5572.74,8818.07,2103.25,17703.33,7815.58,14143.88,4863.29,60885.14,2883.75,21.11
8.4256,80.5394,Anuradhapura,2018,Yala,Clay,2369.86,29.58,80.03,4.09,At402,7549.75,16423.6,5183.17,32800.11,4689.98,11882.58,1375.93,80061.68,7685.41,10.42
7.3686,80.4485,Kurunegala,2018,Yala,Clay,2042.72,28.83,78.56,3.73,BG352,7847.05,19895.07,2513.58,17082.19,6621.69,14519.03,2096.64,69734.09,7416.91,9.4
7.3916,81.6118,Ampara,2018,Maha,Loam,1711.26,26.68,79.83,2.63,BG300,4212.41,13206.22,3594.02,27317.0,6175.47,7588.95,2498.45,64844.24,7645.15,8.48
8.4028,80.4079,Anuradhapura,2018,Maha,Silt,2197.57,31.76,87.15,4.62,At306,6016.9,11826.4,4328.79,22423.45,6005.37,16172.62,3753.62,70276.26,10011.97,7.02
7.385,81.647,Ampara,2018,Maha,Clay,1695.55,28.47,81.67,0.85,At402,9820.76,19834.53,4792.65,25721.93,4547.64,17579.34,3738.92,85361.0,3233.43,26.4
7.6106,81.6537,Batticaloa,2018,Yala,Silt,1908.67,28.55,74.36,4.95,At402,6178.01,16259.29,2562.21,24711.79,3137.68,13570.92,4856.07,71044.38,9334.67,7.61
7.4919,80.3335,Kurunegala,2018,Yala,Clay,1046.43,28.72,73.2,0.61,BG358,8293.5,13502.28,3156.98,33001.66,3580.69,19426.94,2255.87,83994.73,1907.15,44.04
7.5115,80.2881,Kurunegala,2018,Yala,Loam,2412.2,28.7,89.22,4.57,At306,4370.54,8832.34,2403.11,15364.44,3472.21,15879.09,1284.75,51244.43,16720.38,3.06
8.3371,80.4301,Anuradhapura,2018,Yala,Loam,1660.66,28.12,75.19,1.38,BG358,3403.53,12109.38,3080.99,34328.35,5788.54,11514.6,3321.87,72825.65,3832.12,19.0
8.3812,80.3511,Anuradhapura,2018,Yala,Sandy Loam,1406.12,30.51,78.17,0.61,BG352,4093.07,16591.67,4635.7,15541.92,4109.86,10003.97,3687.57,57703.18,1237.71,46.62
7.8498,81.8172,Batticaloa,2018,Maha,Sandy Loam,1439.82,28.3,83.45,3.89,At306,8541.05,17475.42,2364.82,24888.41,3287.79,14143.88,2766.12,74242.9,10005.13,7.42
8.4122,80.5398,Anuradhapura,2018,Maha,Clay,1045.98,27.8,79.25,4.41,At402,8090.18,16912.48,3701.97,21918.7,4855.19,19839.44,1160.44,77212.46,13552.31,5.7
7.4434,80.3958,Kurunegala,2018,Maha,Silt,1034.91,31.7,75.64,1.03,BG358,7877.16,15547.31,5509.89,29701.42,7017.4,10666.45,1709.76,78530.62,3682.29,21.33
8.2977,80.4447,Anuradhapura,2018,Maha,Silt,2424.94,31.5,71.79,2.38,BG358,9153.83,19336.78,3869.61,27268.23,3835.17,19885.19,1926.69,86160.96,7685.55,11.21
7.9925,81.0749,Polonnaruwa,2018,Yala,Clay,2239.69,28.24,87.91,2.25,BG300,3075.86,18864.58,2365.15,21386.27,7750.31,19357.89,3293.75,76357.48,6269.81,12.18
7.9336,81.0214,Polonnaruwa,2018,Maha,Loam,1911.61,29.59,74.61,1.29,BG300,4543.4,10237.26,5118.34,22002.51,3289.21,19598.33,4535.14,70179.69,5145.55,13.64
7.9395,81.0205,Polonnaruwa,2018,Maha,Silt,1223.19,29.24,89.62,2.68,At306,9044.83,15064.78,3501.32,20715.67,4016.12,16903.38,2546.16,71814.81,7726.75,9.29
9.7381,80.1568,Jaffna,2018,Yala,Clay,1398.4,26.91,87.77,4.8,At402,9034.89,17714.19,4620.97,26017.15,3434.93,12309.89,2490.75,75142.28,16279.32,4.62
7.7522,81.6979,Batticaloa,2019,Yala,Clay,2294.2,27.52,71.91,0.61,At402,7493.8,15285.13,4186.79,19638.94,4954.53,14728.19,2987.07,70250.02,1281.1,54.84
9.716,80.165,Jaffna,2019,Yala,Silt,2488.73,32.49,80.8,4.29,BG358,6646.71,15483.03,2356.5,30105.41,3638.57,17738.88,4128.11,80514.7,8063.28,9.99
7.3531,80.2788,Kurunegala,2019,Maha,Silt,1759.21,29.08,72.11,3.38,BG358,4512.27,15435.06,4600.8,18040.5,3306.75,17149.9,2839.2,65000.81,13481.83,4.82
7.4449,81.7107,Ampara,2019,Yala,Clay,1047.38,32.55,71.04,2.94,BG300,7963.42,18451.63,4856.35,31034.56,4697.25,17592.73,1320.46,86706.03,8833.83,9.82
7.776,81.6701,Batticaloa,2019,Yala,Clay,2202.31,32.72,79.76,0.99,BG300,6835.72,13452.53,5377.43,16961.65,5441.21,8950.63,2298.7,59792.58,2818.77,21.21
9.6824,80.1705,Jaffna,2019,Maha,Sandy Loam,2352.64,29.23,82.74,3.47,BG300,9265.82,15640.04,4455.73,16333.04,5592.04,8952.2,3949.74,64213.05,11438.86,5.61
7.4224,80.4495,Kurunegala,2019,Yala,Clay,2387.04,32.14,75.16,3.47,BG300,8720.56,14662.41,4118.6,19837.05,3465.51,18663.8,4601.67,74335.8,8834.15,8.41
7.6534,81.7446,Batticaloa,2019,Maha,Loam,1502.8,31.62,70.09,2.0,At402,5787.18,14448.75,5679.42,21926.92,4734.77,16587.52,2808.87,71422.64,5590.73,12.78
7.483,80.3258,Kurunegala,2019,Yala,Silt,1917.18,26.13,87.44,4.69,At402,6955.93,16359.81,5690.0,29144.77,3762.7,14491.75,3426.86,79680.08,16040.63,4.97
7.439,81.7382,Ampara,2019,Maha,Loam,1927.38,28.58,79.25,3.86,At402,3256.78,11029.24,4853.4,32904.14,5558.39,13917.48,1428.69,72842.94,11470.99,6.35
8.3795,80.5317,Anuradhapura,2019,Maha,Clay,1682.11,29.61,79.78,3.5,BG352,3977.56,8359.68,3231.72,29093.62,4009.27,15754.62,4879.65,68493.92,11479.04,5.97
7.6528,81.7821,Batticaloa,2019,Maha,Sandy Loam,1538.85,30.15,73.27,2.26,At402,9785.89,11097.6,4626.95,21503.8,6867.37,8701.36,4879.28,67369.83,5241.64,12.85
7.8284,81.7262,Batticaloa,2019,Yala,Clay,1604.47,27.21,83.9,2.06,BG352,9829.27,15691.66,5289.92,17650.49,7310.07,18995.84,2948.25,77928.01,7174.12,10.86
7.4125,80.301,Kurunegala,2019,Yala,Clay,2130.94,31.63,70.36,4.83,BG300,8086.7,11657.01,5317.58,20630.42,7363.77,8463.55,3814.74,65415.17,9719.78,6.73
7.4299,81.6644,Ampara,2019,Maha,Sandy Loam,1675.53,31.24,83.02,3.29,BG358,5466.62,18097.37,3885.15,34582.1,6170.71,8641.44,3704.71,80198.31,10889.64,7.36
9.6262,80.0942,Jaffna,2019,Maha,Sandy Loam,1167.27,29.61,75.35,4.26,At306,3102.85,12549.13,3349.38,15386.55,3621.84,12377.35,2971.46,53167.14,12643.95,4.2
8.0455,81.0638,Polonnaruwa,2019,Maha,Clay,1341.62,32.75,88.19,3.75,BG352,6733.71,18439.63,2522.61,30810.2,3624.1,17324.74,2103.07,82312.24,14538.35,5.66
9.7357,80.071,Jaffna,2019,Yala,Clay,2111.36,28.21,72.04,2.12,At402,4892.75,18112.54,3253.39,30778.65,7459.36,12639.63,4639.77,81530.73,8312.46,9.81
9.6753,80.1979,Jaffna,2019,Maha,Silt,2053.81,28.09,72.11,4.02,At402,7509.04,8578.23,3440.2,34136.0,5502.01,12625.48,2830.8,74039.53,10496.85,7.05
9.7192,80.2208,Jaffna,2019,Maha,Clay,1002.35,30.45,71.02,1.66,BG300,3416.67,15245.55,4746.36,17289.75,4919.19,12931.07,2476.21,60266.85,4518.0,13.34
8.3252,80.4407,Anuradhapura,2019,Yala,Loam,2489.23,26.92,75.49,2.28,BG358,5952.8,12932.25,5630.44,29280.65,6039.53,11021.85,4295.16,76062.8,8223.13,9.25
8.0835,80.9945,Polonnaruwa,2019,Yala,Silt,1890.34,26.51,82.45,4.92,At402,4330.75,17511.14,5631.6,33874.03,7800.68,13778.98,4909.23,88351.03,10605.93,8.33
8.3633,80.4302,Anuradhapura,2019,Maha,Clay,1858.07,29.59,75.87,4.69,At402,5779.11,9045.11,4468.27,17276.77,4726.12,13596.36,4496.89,59375.72,15687.91,3.78
7.6101,81.6562,Batticaloa,2020,Maha,Clay,1358.17,26.77,77.09,1.79,At402,5074.16,10803.29,2168.37,15357.48,7938.61,12561.05,2537.31,56799.56,4081.48,13.92
7.7711,81.7075,Batticaloa,2020,Maha,Silt,2153.96,26.08,78.32,2.67,BG300,3134.35,11117.76,5041.16,17742.19,5676.55,9797.62,1048.48,53040.51,10538.28,5.03
7.7481,81.7145,Batticaloa,2020,Maha,Loam,1925.39,32.87,82.64,1.67,At306,7438.04,14479.82,5119.38,17139.61,6805.14,14036.47,4851.97,69554.17,5330.25,13.05
7.7016,81.761,Batticaloa,2020,Yala,Silt,1648.5,32.61,78.39,3.37,At306,5783.16,11290.58,5935.91,23186.68,7470.5,9989.41,1852.42,64570.93,10897.46,5.93
7.6278,81.7983,Batticaloa,2020,Maha,Sandy Loam,1561.81,32.66,84.64,3.19,BG300,4092.13,9871.93,2232.33,32323.52,6005.58,16204.94,1082.34,72752.59,11584.08,6.28
8.0085,80.9832,Polonnaruwa,2020,Yala,Silt,1368.02,28.73,75.77,2.1,At402,8033.32,11565.46,4265.62,24521.01,6318.36,19178.79,3930.29,77242.73,3924.07,19.68
7.9613,80.9461,Polonnaruwa,2020,Yala,Clay,2196.34,28.17,79.1,0.55,At402,3507.13,12709.92,3919.76,27000.41,4458.31,16034.76,4440.49,72630.48,1037.94,69.98
9.6476,80.1672,Jaffna,2020,Maha,Silt,2284.73,30.61,73.26,0.82,BG352,7496.93,8318.14,4343.1,33804.6,5877.37,12046.21,3573.15,75376.01,2460.29,30.64
7.4713,80.4081,Kurunegala,2020,Yala,Silt,1657.92,31.08,79.73,4.43,At306,9304.91,13060.65,3107.31,26847.01,7561.82,9738.61,3491.87,73375.3,15118.92,4.85
8.2758,80.4565,Anuradhapura,2020,Yala,Clay,1645.79,27.0,87.8,2.06,At306,4081.22,8305.37,4583.29,27738.05,4703.02,7932.25,2638.52,59604.15,6776.71,8.8
7.7474,81.8108,Batticaloa,2020,Yala,Clay,1183.16,29.17,88.68,1.92,At402,6550.64,8498.87,2593.37,34732.6,7825.59,7064.22,4807.25,72350.78,7122.09,10.16
7.2686,81.6443,Ampara,2020,Yala,Loam,1552.79,32.05,79.46,4.86,At306,4298.68,18423.48,5106.39,30418.44,7223.92,16893.31,3504.88,85131.59,9095.77,9.36
8.3414,80.3789,Anuradhapura,2020,Maha,Clay,1799.44,28.27,76.66,3.51,BG358,9958.98,15942.07,4231.13,29613.01,5326.03,7781.85,3249.19,77017.51,7671.69,10.04
9.7742,80.1549,Jaffna,2020,Yala,Sandy Loam,1062.51,26.59,84.33,0.82,BG352,3498.8,8145.3,5826.01,29750.17,4766.26,10854.96,2398.81,65789.62,2669.11,24.65
7.4312,81.6038,Ampara,2020,Maha,Silt,1715.35,31.03,74.95,3.38,BG300,7666.2,9952.4,4260.34,30432.54,5494.48,7157.34,1036.15,65713.51,12971.18,5.07
7.9036,80.9618,Polonnaruwa,2020,Yala,Silt,1554.72,26.37,85.35,2.37,BG352,8755.26,18204.18,2847.98,28147.07,5361.41,18442.04,1862.96,83976.53,7434.82,11.3
7.6897,81.7296,Batticaloa,2020,Maha,Silt,1841.83,29.66,72.3,4.37,BG300,8059.7,8812.02,4831.34,25870.76,3408.63,12957.91,2938.79,66210.7,16957.94,3.9
7.3322,81.7353,Ampara,2020,Yala,Loam,1892.7,26.07,79.28,4.84,At306,6633.23,16130.51,3247.46,30479.83,6864.61,13776.85,4904.06,81287.65,8892.46,9.14
7.9475,80.9244,Polonnaruwa,2020,Yala,Silt,1343.02,30.44,74.44,1.95,BG300,8936.29,16746.34,2381.6,23574.04,3145.85,13251.57,3649.74,70922.44,4749.32,14.93
7.5104,80.4228,Kurunegala,2020,Yala,Sandy Loam,1168.06,28.78,89.39,4.39,BG300,8719.5,11094.83,2683.55,28372.86,7646.88,14237.92,3286.45,75601.95,15333.76,4.93
7.5244,80.4217,Kurunegala,2020,Maha,Silt,1280.57,28.27,78.51,2.78,BG358,4696.87,9378.04,4442.48,20772.61,5906.19,9006.72,2924.56,57192.65,5320.95,10.75
8.2963,80.4888,Anuradhapura,2020,Maha,Silt,1896.12,30.2,83.3,1.29,At306,9400.88,13025.25,3532.55,25378.35,3234.83,9161.68,3952.13,66851.27,4033.75,16.57
8.0641,81.0743,Polonnaruwa,2020,Maha,Sandy Loam,1504.91,26.94,71.27,4.95,At306,5256.48,17718.49,3018.56,28630.05,6801.14,14743.3,2886.3,78878.0,12709.18,6.21
7.7582,81.717,Batticaloa,2020,Yala,Sandy Loam,1211.29,27.23,79.97,2.39,BG352,9403.92,12348.73,4322.35,27645.29,3065.47,15625.99,1712.14,75046.03,5083.67,14.76
9.7604,80.0548,Jaffna,2020,Yala,Sandy Loam,1758.78,31.88,84.66,2.94,BG300,7132.43,14100.33,3190.19,26300.44,6444.43,18353.2,3545.17,79588.43,6327.34,12.58
7.7295,81.66,Batticaloa,2020,Maha,Silt,2199.87,27.25,83.05,1.57,BG352,3696.09,10918.07,4889.07,32113.93,7151.1,12163.39,3672.34,74013.96,3838.53,19.28
8.3909,80.3592,Anuradhapura,2020,Yala,Clay,2069.87,31.33,81.23,3.97,BG352,6456.57,14272.79,3710.16,15508.38,3539.46,7408.58,3545.64,54070.29,11587.86,4.67
8.3968,80.5431,Anuradhapura,2021,Yala,Silt,2321.31,32.1,70.58,4.22,At306,3902.09,12021.43,4974.03,18215.2,7089.84,17817.74,3029.87,66062.97,10260.86,6.44
9.6228,80.1075,Jaffna,2021,Yala,Loam,2310.55,31.07,72.41,4.56,BG300,3465.11,14407.61,2568.55,15234.13,5110.17,10835.53,2944.0,54719.5,8646.79,6.33
7.9315,81.0667,Polonnaruwa,2021,Maha,Loam,1930.46,30.93,74.26,1.11,BG300,3101.81,12207.05,4359.67,22844.88,5187.37,18754.06,2393.02,68875.84,3911.68,17.61
8.072,81.098,Polonnaruwa,2021,Maha,Clay,1197.35,31.01,88.18,1.31,BG352,4662.8,19656.74,2723.91,32087.7,5461.39,10214.0,4483.0,79180.15,3841.7,20.61
9.6421,80.0857,Jaffna,2021,Yala,Loam,1360.22,26.53,72.58,1.08,BG300,4063.32,9665.93,4563.5,18637.6,4728.34,18658.25,2895.85,63547.91,2353.43,27.0
8.3092,80.4222,Anuradhapura,2021,Maha,Sandy Loam,1525.94,26.23,71.57,2.29,BG358,3929.01,14810.49,4757.86,31011.73,4000.75,9177.27,1418.27,69378.24,7681.22,9.03
8.4234,80.3863,Anuradhapura,2021,Yala,Loam,2266.82,28.23,86.58,0.67,BG352,7173.89,10760.11,2482.27,16539.06,6481.44,11418.37,3899.07,57884.92,1670.74,34.65
7.7796,81.681,Batticaloa,2021,Maha,Clay,1738.94,26.08,79.37,0.75,At402,3831.73,9410.31,4596.84,29920.9,5916.84,19508.24,2499.48,75255.76,2783.19,27.04
9.6296,80.0319,Jaffna,2021,Yala,Clay,1363.71,27.88,77.55,0.59,BG358,5254.55,10537.38,3309.99,17395.24,7452.64,14716.7,3716.41,62961.25,1708.98,36.84
7.3438,81.7263,Ampara,2021,Maha,Loam,2339.64,26.44,87.67,2.52,At402,6573.03,15519.11,5705.53,15382.32,5384.22,15940.39,3890.83,68780.49,5281.31,13.02
7.9557,80.9139,Polonnaruwa,2021,Yala,Silt,2394.29,31.81,89.3,1.06,At402,8116.07,19260.09,2724.93,16329.93,6705.6,14468.15,4367.32,71251.63,3762.56,18.94
7.9364,80.9424,Polonnaruwa,2021,Yala,Loam,2460.23,32.78,84.99,1.09,At402,8307.84,8295.04,2088.49,21472.2,5443.22,17015.3,3733.18,66247.08,2618.16,25.3
8.0878,80.9231,Polonnaruwa,2021,Maha,Loam,1302.44,27.15,73.29,4.17,BG300,7656.38,14276.79,3435.32,32544.01,4962.23,17615.79,2756.54,83000.95,11750.62,7.06
7.307,81.7526,Ampara,2021,Yala,Sandy Loam,1211.2,30.36,85.63,3.1,At306,4028.74,17733.49,4543.82,22763.31,6370.65,10378.76,2380.77,69034.51,7561.24,9.13
8.019,81.0648,Polonnaruwa,2021,Yala,Clay,1665.63,32.08,73.54,3.62,At306,8866.81,19335.37,4732.99,24943.5,6089.24,18295.76,3282.44,84606.88,13930.08,6.07
8.45,80.381,Anuradhapura,2021,Maha,Clay,1442.95,26.96,83.03,3.82,BG358,5209.39,15737.99,3580.52,29264.14,3996.08,18572.8,2149.64,78246.13,7364.2,10.63
7.806,81.8319,Batticaloa,2021,Yala,Clay,1388.95,29.01,87.45,4.29,BG352,4302.71,17631.72,3832.75,24659.38,3667.4,8047.82,3911.76,66046.46,11845.0,5.58
8.3678,80.3532,Anuradhapura,2021,Maha,Sandy Loam,2285.77,32.34,75.54,4.93,At306,3984.98,10424.19,2736.9,32879.79,6271.46,8977.36,2761.29,68266.57,9779.25,6.98
7.676,81.7305,Batticaloa,2021,Yala,Silt,2034.29,30.74,74.31,3.46,BG300,5757.05,15814.8,2426.37,28156.91,7997.07,7626.76,4908.7,72501.48,12856.18,5.64
7.418,80.4075,Kurunegala,2021,Maha,Loam,2035.01,27.41,80.72,0.94,BG358,6152.6,17073.96,3390.29,28298.23,6977.25,19053.31,1938.57,82682.84,2007.2,41.19
7.4538,80.3384,Kurunegala,2021,Maha,Silt,2002.32,30.34,79.27,2.21,At306,9043.34,14228.98,3916.73,15512.84,4706.24,11942.54,2595.29,62106.3,6572.38,9.45
8.2648,80.539,Anuradhapura,2021,Yala,Loam,1308.53,26.85,82.3,3.99,At306,7507.33,14363.63,2167.8,34369.78,6993.57,10806.69,4919.88,81332.44,12294.51,6.62
7.5365,80.3084,Kurunegala,2021,Yala,Silt,2341.29,27.34,76.47,1.52,At306,5484.97,8833.09,4076.24,16352.25,7001.78,10038.26,3160.05,55706.8,4912.53,11.34
8.0537,80.968,Polonnaruwa,2021,Yala,Sandy Loam,1852.46,26.66,77.35,1.69,At306,4707.93,19676.13,3572.39,32840.93,6155.69,17332.55,3010.55,87449.98,4873.18,17.95
7.3218,81.6688,Ampara,2021,Maha,Silt,1814.04,26.99,86.04,0.84,At402,9908.21,17266.94,2794.86,15110.44,7077.31,16189.15,3916.03,72805.48,1648.83,44.16
9.6718,80.074,Jaffna,2021,Maha,Silt,1182.25,27.38,87.74,3.41,BG358,5001.35,17791.36,5445.48,31930.29,7594.63,10279.13,4020.17,81983.49,12454.67,6.58
7.4408,81.7752,Ampara,2021,Maha,Clay,1292.86,31.06,75.62,0.61,BG358,7518.31,10125.33,5761.83,34078.57,7574.32,11812.06,1061.83,78788.89,1672.62,47.11
7.326,81.6907,Ampara,2022,Maha,Loam,2361.35,27.75,78.21,3.9,BG358,4601.59,8923.76,3159.01,18224.43,7648.49,17505.56,3533.62,64339.38,13915.51,4.62
9.608,80.108,Jaffna,2022,Yala,Clay,2173.58,29.97,84.77,4.45,BG300,5828.98,11924.4,4670.37,31156.92,6811.43,17371.58,2742.33,81141.68,9186.85,8.83
7.4835,80.4476,Kurunegala,2022,Yala,Silt,2344.5,26.09,71.71,1.44,At402,3185.73,10177.23,4332.17,23428.49,7463.36,17626.77,2367.27,68099.87,3794.87,17.95
7.3927,81.6469,Ampara,2022,Yala,Clay,1027.59,32.4,72.36,3.09,BG352,4918.39,14650.14,4605.68,31594.84,4032.11,7142.95,1547.54,69291.69,11502.7,6.02
7.2686,81.6193,Ampara,2022,Maha,Clay,1362.84,26.09,79.38,1.86,At402,7188.5,11566.85,3199.68,29863.86,3240.71,18737.63,4409.06,78541.9,5775.46,13.6
9.7045,80.0397,Jaffna,2022,Yala,Silt,2023.93,27.69,84.28,4.2,At306,8627.71,14630.01,4080.68,17857.52,6876.73,10528.32,2986.78,65156.3,8796.57,7.41
8.0358,80.9105,Polonnaruwa,2022,Maha,Loam,1944.34,26.38,84.97,1.93,BG300,3000.94,14133.55,2187.41,20523.39,6534.88,7814.97,4357.35,57560.13,4522.01,12.73
7.3693,81.6691,Ampara,2022,Yala,Clay,1452.07,31.23,80.05,1.54,At306,9297.02,12606.69,4174.21,33129.44,6121.19,8519.67,4759.33,78862.97,3906.66,20.19
7.364,80.3828,Kurunegala,2022,Yala,Clay,2315.15,28.39,86.43,1.0,BG358,8925.17,9529.86,3589.15,30945.91,3749.59,9980.27,3889.01,71049.03,3210.52,22.13
7.9872,80.9058,Polonnaruwa,2022,Yala,Sandy Loam,1812.85,32.11,84.64,4.13,At306,7611.48,16307.32,5396.78,19993.36,5447.12,9875.72,4950.67,70470.57,7792.23,9.04
7.5435,80.309,Kurunegala,2022,Maha,Silt,2191.3,26.65,81.76,2.66,BG300,7496.28,8778.24,4319.94,26229.69,5803.3,14845.34,3705.87,71788.64,6366.99,11.28
7.3029,81.6247,Ampara,2022,Yala,Silt,1132.9,27.54,81.96,3.81,BG358,9988.43,19197.36,4570.26,23424.96,6180.89,17213.47,1473.34,81868.52,13897.22,5.89
8.3864,80.4834,Anuradhapura,2022,Yala,Sandy Loam,1130.38,29.76,81.74,3.85,BG352,6021.62,9530.96,3135.1,22261.65,6229.59,14420.12,2424.39,64996.46,12060.91,5.39
7.9311,81.0914,Polonnaruwa,2022,Maha,Clay,2409.25,32.26,81.96,4.65,At306,3619.45,10351.79,2180.91,21506.61,4943.39,10527.54,4314.95,57158.15,11243.96,5.08
8.3387,80.5401,Anuradhapura,2022,Maha,Loam,1384.8,30.58,73.96,3.04,At402,6247.53,19664.06,4434.11,21990.13,3570.48,8966.21,1901.27,66275.72,11160.92,5.94
9.7266,80.1371,Jaffna,2022,Yala,Loam,1104.46,27.22,87.11,1.52,At306,8859.29,11351.31,4571.53,28883.01,5563.27,10969.04,1850.58,71114.41,3752.4,18.95
9.6426,80.0663,Jaffna,2022,Maha,Sandy Loam,1170.34,30.7,80.41,3.98,BG358,6641.14,18226.18,4207.63,26218.76,7383.27,12245.28,1536.06,75515.89,13775.98,5.48
7.3108,81.642,Ampara,2022,Yala,Silt,2401.55,32.48,79.02,1.01,At306,9893.89,18066.78,2498.65,33416.84,7349.48,13744.89,3365.1,88133.64,1939.68,45.44
8.0592,80.9587,Polonnaruwa,2022,Yala,Sandy Loam,1563.83,28.76,79.19,4.03,BG352,9244.59,19464.02,5147.61,21308.14,6440.67,12688.84,2018.68,76994.29,7594.69,10.14
9.6569,80.1197,Jaffna,2022,Maha,Clay,2225.95,29.17,82.87,2.87,BG358,8121.13,8979.56,2241.41,19942.06,3797.72,18333.19,1876.86,64243.66,7293.16,8.81
7.3194,81.6857,Ampara,2022,Maha,Loam,1743.81,26.57,74.4,3.57,BG300,3532.92,18214.48,3980.59,24611.73,5962.04,17720.85,2391.24,76769.88,10869.26,7.06
7.9977,80.9224,Polonnaruwa,2022,Yala,Sandy Loam,1922.51,32.93,72.8,2.83,BG300,9141.61,16889.22,4788.06,29049.68,4797.46,10816.69,4237.44,80340.39,10492.39,7.66
7.3137,81.6198,Ampara,2022,Maha,Sandy Loam,2471.79,31.55,87.08,1.59,BG300,9724.39,10363.11,5805.72,34896.39,6558.61,19754.87,3278.16,89900.33,4390.61,20.48
9.752,80.1122,Jaffna,2022,Yala,Sandy Loam,1865.92,32.06,89.61,2.33,At306,8792.63,17174.33,4294.12,34120.94,4002.37,8420.43,4415.85,81098.97,8535.56,9.5
7.344,81.6817,Ampara,2022,Maha,Sandy Loam,1911.86,31.35,86.26,3.73,BG358,9688.67,8218.79,2783.11,15151.26,6237.37,18674.4,1973.93,63581.6,7208.55,8.82
8.3047,80.5025,Anuradhapura,2022,Yala,Clay,1723.06,27.37,82.22,1.76,BG352,4448.95,14198.87,2022.02,15153.28,4095.34,7477.38,1432.1,48505.66,6275.61,7.73
7.7269,81.6898,Batticaloa,2022,Maha,Clay,2449.98,32.75,87.06,1.83,At402,5695.68,18213.64,3267.69,18389.85,5784.01,19170.01,3784.12,74445.12,3685.23,20.2
7.5145,80.2711,Kurunegala,2022,Yala,Sandy Loam,1400.54,32.15,85.95,3.46,At306,8954.07,18407.53,4833.45,31740.27,6487.36,15841.83,3474.45,90244.39,7435.3,12.14
8.4103,80.4736,Anuradhapura,2022,Maha,Silt,2240.06,32.89,75.77,4.83,BG300,5726.37,12626.14,3361.55,25828.15,3770.73,14198.25,3166.82,69201.81,17552.36,3.94
8.4008,80.3951,Anuradhapura,2023,Yala,Clay,2237.57,29.49,71.54,0.76,At306,5339.67,17418.76,4830.72,30772.3,5586.35,12722.59,1589.81,77916.59,2093.68,37.22
7.779,81.6977,Batticaloa,2023,Maha,Loam,1891.2,28.67,89.4,4.29,At306,8868.3,13624.32,3659.28,20468.14,3281.88,18241.39,4251.6,73394.35,17128.26,4.28
7.9505,80.9232,Polonnaruwa,2023,Maha,Silt,1620.32,26.85,73.62,3.57,At306,4270.07,14301.96,4836.19,17137.54,5836.56,10335.32,4851.71,61536.44,12756.27,4.82
8.4452,80.5122,Anuradhapura,2023,Maha,Sandy Loam,1355.84,26.71,73.06,1.61,BG358,4124.77,10238.8,3140.38,18467.47,7483.83,8043.04,3098.05,54417.13,6377.59,8.53
7.4423,80.3064,Kurunegala,2023,Yala,Sandy Loam,2461.29,31.93,70.47,4.54,BG352,8482.39,17364.51,3831.98,22960.11,4514.58,7854.03,1912.94,66413.75,13006.96,5.11
7.6354,81.72,Batticaloa,2023,Maha,Clay,1133.93,30.81,79.88,2.24,BG358,7428.98,16446.29,2017.45,18339.06,6565.23,15663.01,4864.19,71846.29,8717.41,8.24
7.6248,81.7479,Batticaloa,2023,Yala,Clay,1616.64,28.43,88.0,0.6,BG358,7646.53,19560.73,4240.67,33736.45,3261.29,12444.31,2040.63,83392.25,2375.31,35.11
7.3293,81.6748,Ampara,2023,Maha,Loam,2019.43,26.53,75.49,4.13,BG352,6217.65,14558.93,3731.26,15878.0,3828.75,12792.04,1836.74,57943.33,15099.4,3.84
7.7852,81.7591,Batticaloa,2023,Maha,Clay,1318.51,27.27,73.67,1.87,BG300,6673.3,13183.34,3164.92,27237.06,3697.47,10797.88,2465.45,67131.56,6596.21,10.18
7.4497,81.7695,Ampara,2023,Maha,Silt,2232.46,29.21,77.16,2.72,At306,8797.74,12022.5,2695.05,29240.28,7129.89,8308.29,1959.5,69437.19,6978.08,9.95
7.4887,80.3076,Kurunegala,2023,Maha,Silt,2401.65,28.46,72.03,2.69,BG300,4797.44,11418.47,3229.16,31060.52,5695.81,11047.0,3441.34,71122.04,6455.39,11.02
9.638,80.0111,Jaffna,2023,Maha,Sandy Loam,1208.91,31.56,82.4,2.9,BG358,9257.25,17463.17,2606.7,21234.44,4242.45,16671.3,1134.13,72749.22,10084.49,7.21
7.6049,81.8261,Batticaloa,2023,Yala,Clay,1393.4,30.17,71.03,2.73,BG358,7177.9,12010.93,5083.65,17131.97,3375.69,16466.45,2981.97,64605.36,7525.57,8.58
9.6619,80.1021,Jaffna,2023,Yala,Sandy Loam,2040.92,29.8,75.04,2.06,BG352,4271.18,18901.41,4333.57,23017.03,5310.03,19314.68,1613.41,76933.77,6000.69,12.82
7.4319,81.6653,Ampara,2023,Maha,Sandy Loam,1533.08,31.49,81.08,0.52,BG352,8326.94,8423.74,4982.94,19049.61,7790.37,11783.23,2307.73,61962.34,1285.61,48.2
8.4461,80.4568,Anuradhapura,2023,Maha,Clay,2058.36,32.48,73.61,3.06,At306,9408.42,8407.35,4789.68,20946.98,7621.98,19623.76,4777.07,75523.67,11311.27,6.68
9.6766,80.214,Jaffna,2023,Maha,Loam,2488.24,31.96,74.17,4.69,At306,3814.56,17809.4,3522.49,32559.49,7340.28,17477.03,4160.12,86292.73,9276.93,9.3
8.4001,80.464,Anuradhapura,2023,Yala,Clay,2398.04,26.72,88.74,3.6,At306,3474.86,11611.56,4832.69,16347.01,5910.85,11496.48,3483.66,56248.59,13382.57,4.2
8.3328,80.5155,Anuradhapura,2023,Yala,Clay,2296.85,29.83,77.61,4.9,BG358,3775.04,13070.58,2168.1,29798.08,7590.38,10640.49,4433.37,71060.48,18638.1,3.81
7.7439,81.7937,Batticaloa,2023,Yala,Silt,1847.26,26.46,85.51,2.54,BG352,6670.73,13289.15,3603.05,26192.81,3776.2,9365.07,4447.14,68236.38,6658.05,10.25
7.2806,81.632,Ampara,2023,Maha,Silt,1523.81,31.08,87.94,4.49,At306,8459.13,15704.38,2336.56,18232.57,7492.77,14883.58,1036.79,67348.72,14636.07,4.6
7.4154,80.4022,Kurunegala,2023,Yala,Silt,1809.24,31.54,76.38,3.32,BG358,9201.84,15390.36,2931.84,15488.02,7350.49,7276.5,4498.81,62195.73,12834.95,4.85
9.7123,80.1675,Jaffna,2023,Yala,Silt,2338.45,27.3,71.58,1.58,BG300,8562.05,8416.04,4331.23,34908.75,7278.48,13778.79,1254.56,79192.65,4926.05,16.08
8.0507,81.0707,Polonnaruwa,2023,Maha,Silt,1369.6,31.73,85.99,3.63,BG352,4905.02,15082.77,3443.9,16831.64,7586.57,8778.64,4800.95,61321.5,8012.47,7.65
9.6051,80.078,Jaffna,2023,Yala,Sandy Loam,1260.84,28.77,85.16,3.63,BG300,4077.27,17790.0,2897.76,19476.35,5684.87,14708.22,3320.34,67137.78,13541.4,4.96
8.4144,80.511,Anuradhapura,2023,Yala,Clay,1451.32,27.99,70.74,3.24,BG352,6518.75,8617.75,3114.59,33165.32,4197.81,8883.63,2957.81,68426.96,7557.37,9.05
7.2997,81.638,Ampara,2024,Maha,Silt,2485.76,28.89,77.44,3.99,BG352,5385.62,19169.09,5433.65,23579.88,6754.36,16809.06,1412.5,79349.27,11617.11,6.83
7.403,80.4068,Kurunegala,2024,Yala,Silt,1561.41,28.59,86.26,4.76,At402,9902.01,17040.54,3505.04,16670.01,6885.73,14259.26,2696.89,71772.19,9732.46,7.37
8.3568,80.4119,Anuradhapura,2024,Maha,Loam,2155.24,31.65,72.4,1.7,At402,3122.87,11519.7,5092.57,25359.21,4740.48,11832.61,1005.41,62272.45,5477.76,11.37
7.4393,81.6444,Ampara,2024,Yala,Clay,1704.98,32.23,84.15,0.78,At306,4031.12,8094.1,4523.69,23953.47,3671.37,19453.14,3118.64,66329.32,2263.04,29.31
9.7753,80.0787,Jaffna,2024,Yala,Silt,2008.2,31.33,74.75,3.78,BG352,5574.48,15587.67,4534.12,25715.49,3451.45,17858.93,2283.12,74378.3,7143.09,10.41
9.6277,80.0625,Jaffna,2024,Yala,Clay,2121.17,29.32,71.16,4.81,At402,9599.07,17422.27,5965.31,25889.65,7813.84,7982.87,2462.72,76586.49,10730.31,7.14
9.6227,80.0159,Jaffna,2024,Yala,Clay,2323.62,31.63,80.1,4.85,At306,5924.33,19809.32,4671.68,27693.43,3829.77,18465.06,2709.96,82428.02,8864.52,9.3
8.0098,81.0855,Polonnaruwa,2024,Yala,Clay,1530.13,27.66,85.61,1.74,BG300,8758.3,13084.86,4670.2,16910.71,6119.3,12872.98,3346.43,65098.81,5952.75,10.94
8.0104,81.0087,Polonnaruwa,2024,Yala,Sandy Loam,1454.69,27.84,77.2,0.89,BG352,9558.7,14645.63,3222.1,22939.63,5236.01,14807.73,3062.72,74311.3,2575.05,28.86
7.9398,80.9769,Polonnaruwa,2024,Maha,Sandy Loam,2122.11,31.68,83.13,1.08,At306,5367.87,19137.0,2898.46,22443.34,5160.38,12712.26,3451.76,72057.22,2515.89,28.64
7.2875,81.6724,Ampara,2024,Yala,Clay,1825.34,26.3,82.66,4.78,BG352,7211.28,17830.27,5536.83,19561.6,4060.22,14942.75,2644.11,72466.78,18068.64,4.01
7.9886,80.9848,Polonnaruwa,2024,Yala,Loam,2126.77,26.5,71.6,2.1,BG352,9592.08,16022.87,4714.68,22238.4,5968.3,7131.71,3544.38,70038.99,6610.09,10.6
8.0414,81.0406,Polonnaruwa,2024,Maha,Sandy Loam,1995.71,29.32,86.88,4.13,BG358,7097.48,18419.26,2823.36,17238.39,4348.75,7742.13,3124.68,61667.26,7791.48,7.91
7.7616,81.7118,Batticaloa,2024,Maha,Loam,1692.34,26.07,74.93,3.77,BG352,9942.67,9190.14,3605.98,31001.42,4020.18,14216.1,3932.29,76140.75,8345.48,9.12
7.3728,80.2631,Kurunegala,2024,Maha,Clay,1273.18,31.53,83.17,2.74,BG352,6887.54,16630.42,2913.82,34926.68,7873.97,15454.23,1798.17,86845.29,5367.21,16.18
7.4393,81.6609,Ampara,2024,Maha,Clay,2094.26,31.36,73.18,3.25,BG352,3947.48,17016.5,4627.82,34132.29,3344.79,7741.71,2128.75,72462.75,7615.9,9.51
7.2813,81.6817,Ampara,2024,Yala,Clay,1110.25,27.19,80.4,2.02,BG352,8802.18,13170.65,2994.86,27342.9,6533.89,9171.54,1670.48,68759.84,6908.57,9.95
7.6693,81.8055,Batticaloa,2024,Maha,Loam,2199.78,28.98,70.45,1.71,At306,6791.44,15601.74,3031.55,17787.12,7174.65,19797.23,3102.76,72629.85,4102.42,17.7
7.5294,80.3987,Kurunegala,2024,Yala,Loam,1885.44,27.88,82.48,2.34,BG352,6864.33,13233.52,3177.86,33969.07,6818.03,8821.47,4473.87,77333.01,8817.15,8.77
8.2549,80.399,Anuradhapura,2024,Maha,Silt,1621.94,26.6,89.94,2.76,At306,7167.7,8804.92,4999.84,19198.11,7490.27,9666.82,1762.75,58163.51,7834.39,7.42
7.8449,81.6823,Batticaloa,2024,Yala,Clay,2199.12,30.4,71.64,4.43,BG300,9446.11,8732.94,3107.51,31124.03,6741.3,9398.77,1837.4,70129.0,12696.16,5.52
7.6463,81.6933,Batticaloa,2024,Yala,Loam,1720.76,26.73,74.84,4.94,BG300,3997.47,13986.66,4472.62,29049.3,5798.24,7127.02,2305.85,66772.58,9846.93,6.78
9.6271,80.1134,Jaffna,2025,Yala,Sandy Loam,2359.38,27.75,75.44,3.92,At306,6148.18,17320.53,2261.46,24751.42,3168.07,7814.49,4625.75,65368.39,11647.6,5.61
7.7797,81.8019,Batticaloa,2025,Maha,Clay,1922.83,28.14,82.48,2.87,BG352,5982.58,9568.52,5546.42,23995.69,3973.11,11780.87,2656.52,64158.79,9798.04,6.55
7.385,81.6943,Ampara,2025,Yala,Sandy Loam,1575.75,30.0,81.76,1.33,BG300,5535.65,12014.14,2104.79,15483.84,7158.49,10549.92,3072.32,55516.6,5146.43,10.79
7.4446,81.6757,Ampara,2025,Yala,Loam,1537.7,26.81,87.26,3.3,At402,5316.29,8762.7,3243.93,21503.67,6648.03,15288.25,4548.85,65256.15,6808.25,9.58
9.7753,80.0915,Jaffna,2025,Yala,Sandy Loam,2314.98,32.97,77.37,2.52,BG358,8054.5,18634.35,4372.18,22830.51,5063.11,16043.04,1012.87,76249.74,6506.85,11.72
8.2965,80.4704,Anuradhapura,2025,Maha,Silt,1299.51,29.6,81.85,0.71,BG352,7252.81,10046.29,2260.21,33977.71,7828.16,17509.17,2218.46,80288.15,2346.77,34.21
8.4074,80.391,Anuradhapura,2025,Maha,Sandy Loam,1387.93,27.15,76.6,3.91,BG352,6635.7,10458.58,5511.32,32591.64,7352.89,10104.35,2804.96,76429.42,13678.85,5.59
7.4259,80.4479,Kurunegala,2025,Maha,Loam,1626.12,27.55,72.4,2.02,BG300,9600.37,11878.44,4075.16,29060.38,4818.15,19633.17,4849.79,83419.02,5845.77,14.27
8.0201,80.9703,Polonnaruwa,2025,Maha,Sandy Loam,1172.4,26.66,88.19,3.51,At306,8805.01,18547.75,4287.09,25348.93,5152.14,11120.31,2738.38,76547.37,10966.05,6.98
8.3029,80.5279,Anuradhapura,2025,Maha,Loam,1594.81,30.35,87.25,4.77,BG358,4029.51,19119.05,3968.47,20164.89,5295.68,19740.42,2970.47,74945.99,15232.91,4.92
8.4195,80.42,Anuradhapura,2025,Yala,Clay,2338.78,29.1,82.14,3.34,BG358,7141.88,16431.61,2949.73,25247.28,3521.12,11998.65,2950.67,70545.39,12996.5,5.43
9.6452,80.1073,Jaffna,2025,Maha,Loam,1900.98,31.21,80.13,3.35,BG300,3496.53,11052.7,3447.41,24449.87,3228.24,8820.31,2107.26,57545.39,8472.03,6.79
9.7992,80.1323,Jaffna,2025,Maha,Clay,1007.59,27.13,80.97,3.61,At402,7563.73,10691.23,4848.72,19744.98,4627.0,16704.39,3598.53,68477.03,11720.76,5.84
7.3338,81.7167,Ampara,2025,Yala,Loam,2233.81,32.65,84.51,3.26,BG352,5927.7,19192.74,5464.26,15904.37,3131.83,11894.02,4242.21,66731.68,6946.79,9.61
8.2757,80.4451,Anuradhapura,2025,Maha,Loam,1698.4,29.8,75.73,3.16,At402,3213.5,8448.18,5290.4,22203.81,3635.3,13789.16,4079.97,60091.96,10018.33,6.0
9.6846,80.0529,Jaffna,2025,Maha,Loam,1128.02,26.36,80.63,2.93,At306,7462.01,16713.1,5903.41,25326.01,4614.78,17337.42,2083.33,79318.0,5779.73,13.72
7.7625,81.7376,Batticaloa,2025,Yala,Clay,1038.03,32.74,86.72,3.63,BG352,5862.67,10079.53,2625.75,20004.86,5746.13,16289.75,3640.79,63809.35,14159.55,4.51
8.2628,80.3542,Anuradhapura,2025,Maha,Sandy Loam,2106.85,29.88,82.23,2.39,BG300,4734.12,12271.67,5031.38,15287.87,3580.36,7598.03,1162.92,50377.27,8001.83,6.3
8.3166,80.3836,Anuradhapura,2025,Maha,Sandy Loam,1939.35,29.42,78.04,4.97,BG358,9162.2,15480.87,4277.51,27413.21,4006.56,12136.79,1157.84,73586.07,14883.43,4.94
9.7062,80.1064,Jaffna,2025,Yala,Loam,2381.27,30.32,85.93,2.67,At306,3821.16,9502.23,4742.26,23606.12,4002.62,13390.73,1256.84,60485.9,6386.07,9.47
7.82,81.7612,Batticaloa,2025,Maha,Clay,2495.69,28.98,79.03,1.24,BG352,8563.67,16324.19,2883.08,16647.62,6402.5,15508.65,2093.04,69324.48,2644.09,26.22
9.6443,80.1538,Jaffna,2025,Yala,Silt,1839.63,29.69,84.39,4.51,BG300,3555.85,16777.96,2749.65,32163.54,7095.32,14030.32,3840.97,79842.31,12792.93,6.24
7.9279,81.049,Polonnaruwa,2025,Yala,Silt,1886.34,30.74,70.33,2.8,At402,4585.47,15742.07,2697.47,28818.75,4933.68,19177.49,1550.08,77187.14,5739.0,13.45
7.8161,81.8211,Batticaloa,2025,Yala,Silt,2251.22,31.18,72.86,3.89,At402,8382.46,15902.49,5064.46,31918.43,6068.02,8151.86,2950.51,77593.53,10489.75,7.4
7.6211,81.7792,Batticaloa,1999,Maha,Silt,1339.04,30.48,89.58,3.22,At306,2287.32,6554.34,1035.34,13617.93,2291.77,5335.93,1389.28,32615.62,5270.64,5.17
7.4679,80.4119,Kurunegala,1999,Maha,Silt,1660.23,26.85,79.9,0.65,BG358,3891.45,4614.51,1932.21,8823.26,2327.06,5861.85,722.76,28563.33,1904.82,12.54
7.4463,80.4229,Kurunegala,1999,Maha,Silt,1175.6,27.0,85.23,3.28,BG300,1540.69,3743.54,1996.11,6837.5,2954.06,6723.6,550.73,24001.23,10887.95,1.84
7.7355,81.7996,Batticaloa,1999,Maha,Silt,1335.39,32.74,70.24,4.86,At402,1372.1,7767.63,1708.12,14484.76,1399.88,5900.44,2026.58,34678.71,12939.48,2.24
8.0858,81.0871,Polonnaruwa,1999,Yala,Clay,1833.15,31.38,88.9,4.32,BG300,1966.01,5570.69,1045.72,14161.37,2505.95,4143.72,1531.94,31023.57,9346.66,2.78
7.3769,81.7659,Ampara,1999,Maha,Loam,1288.43,26.29,73.38,1.75,BG352,1761.42,3766.46,1031.55,10062.07,1675.24,4876.35,1252.24,24583.56,2759.99,7.45
7.3441,81.7498,Ampara,1999,Yala,Sandy Loam,2198.17,32.99,77.01,3.95,BG300,2415.64,5716.95,1874.01,13493.43,3291.1,7058.68,1109.88,34894.32,11302.61,2.58
8.4424,80.5172,Anuradhapura,1999,Yala,Clay,1816.73,26.04,76.49,2.15,BG352,2398.89,6791.94,1476.86,9961.64,1740.08,4924.86,793.26,27732.84,5621.64,4.13
9.6951,80.0377,Jaffna,1999,Yala,Clay,2060.63,26.35,71.46,2.31,BG358,2105.46,4482.89,1298.09,12910.08,3177.13,5096.92,1921.55,30843.77,5500.37,4.69
7.3632,81.7372,Ampara,1999,Yala,Loam,2092.74,31.44,83.12,1.3,BG352,2831.85,8233.97,2389.06,6591.6,1588.98,3620.21,1622.16,27141.93,2466.79,9.2
7.653,81.7779,Batticaloa,1999,Maha,Loam,2274.96,30.68,79.25,2.35,BG352,3140.01,6043.82,934.54,10491.92,2921.95,5389.35,501.88,29661.39,4406.69,5.63
8.0549,81.0577,Polonnaruwa,1999,Yala,Sandy Loam,1040.75,26.46,79.28,4.59,BG352,2813.45,5806.38,1006.35,11690.92,2954.57,4963.59,1704.65,31325.91,8627.39,3.04
9.6501,80.0436,Jaffna,1999,Maha,Clay,1784.99,28.01,85.86,3.1,BG358,3092.34,7302.76,1489.18,13837.59,2353.98,3761.88,1572.16,33653.6,6471.03,4.35
8.3291,80.4699,Anuradhapura,1999,Maha,Loam,1184.5,29.91,76.86,3.78,BG352,3143.85,7540.56,1982.02,9805.71,2644.72,4396.19,924.64,30677.84,8791.91,2.92
7.3121,81.6904,Ampara,1999,Yala,Loam,1449.09,28.51,86.09,1.75,BG300,1859.43,8098.24,845.77,14525.11,2652.73,7383.84,905.2,35866.7,5008.41,5.99
9.7908,80.1847,Jaffna,1999,Yala,Sandy Loam,1610.66,26.46,76.98,1.0,BG358,3597.43,8049.57,951.24,14170.21,2332.27,4526.83,543.27,34171.34,2966.13,9.63
7.4776,80.3419,Kurunegala,1999,Yala,Loam,1277.79,27.22,71.97,3.47,At402,3469.85,4645.75,865.85,6915.69,3257.39,4504.57,1694.03,25456.74,7659.36,2.78
7.4679,80.4119,Kurunegala,2000,Maha,Silt,1660.23,26.85,79.9,0.65,BG358,4086.02,4845.23,2028.82,9264.42,2443.41,6154.94,758.9,29991.5,1923.86,13.16
7.4463,80.4229,Kurunegala,2000,Maha,Silt,1175.6,27.0,85.23,3.28,BG300,1617.73,3930.72,2095.92,7179.38,3101.76,7059.78,578.27,25201.29,10996.83,1.94
7.7355,81.7996,Batticaloa,2000,Maha,Silt,1335.39,32.74,70.24,4.86,At402,1440.7,8156.01,1793.53,15209.0,1469.87,6195.46,2127.91,36412.64,13068.88,2.35
8.0858,81.0871,Polonnaruwa,2000,Yala,Clay,1833.15,31.38,88.9,4.32,BG300,2064.31,5849.22,1098.0,14869.44,2631.25,4350.91,1608.54,32574.75,9440.12,2.91
7.3769,81.7659,Ampara,2000,Maha,Loam,1288.43,26.29,73.38,1.75,BG352,1849.49,3954.78,1083.12,10565.18,1759.0,5120.16,1314.85,25812.73,2787.59,7.82
7.3441,81.7498,Ampara,2000,Yala,Sandy Loam,2198.17,32.99,77.01,3.95,BG300,2536.42,6002.79,1967.71,14168.1,3455.65,7411.61,1165.38,36639.04,11415.64,2.71
8.4424,80.5172,Anuradhapura,2000,Yala,Clay,1816.73,26.04,76.49,2.15,BG352,2518.83,7131.54,1550.7,10459.72,1827.09,5171.11,832.93,29119.48,5677.86,4.33
7.4776,80.3419,Kurunegala,2000,Yala,Loam,1277.79,27.22,71.97,3.47,At402,3643.34,4878.04,909.15,7261.47,3420.26,4729.8,1778.73,26729.58,7735.96,2.92
7.3632,81.7372,Ampara,2000,Yala,Loam,2092.74,31.44,83.12,1.3,BG352,2973.44,8645.67,2508.51,6921.18,1668.43,3801.22,1703.27,28499.02,2491.45,9.66
7.653,81.7779,Batticaloa,2000,Maha,Loam,2274.96,30.68,79.25,2.35,BG352,3297.01,6346.01,981.27,11016.51,3068.05,5658.82,526.97,31144.45,4450.76,5.91
8.0549,81.0577,Polonnaruwa,2000,Yala,Sandy Loam,1040.75,26.46,79.28,4.59,BG352,2954.13,6096.7,1056.66,12275.47,3102.3,5211.76,1789.89,32892.2,8713.66,3.19
9.6501,80.0436,Jaffna,2000,Maha,Clay,1784.99,28.01,85.86,3.1,BG358,3246.95,7667.9,1563.63,14529.47,2471.68,3949.97,1650.77,35336.28,6535.74,4.56
8.3291,80.4699,Anuradhapura,2000,Maha,Loam,1184.5,29.91,76.86,3.78,BG352,3301.04,7917.59,2081.12,10296.0,2776.95,4616.0,970.87,32211.74,8879.83,3.06
7.3121,81.6904,Ampara,2000,Yala,Loam,1449.09,28.51,86.09,1.75,BG300,1952.4,8503.15,888.06,15251.37,2785.37,7753.04,950.46,37660.04,5058.5,6.29
9.7908,80.1847,Jaffna,2000,Yala,Sandy Loam,1610.66,26.46,76.98,1.0,BG358,3777.3,8452.05,998.8,14878.72,2448.88,4753.17,570.44,35879.91,2995.79,10.11
9.6951,80.0377,Jaffna,2000,Yala,Clay,2060.63,26.35,71.46,2.31,BG358,2210.73,4707.03,1363.0,13555.59,3335.99,5351.76,2017.63,32385.96,5555.37,4.92
7.6211,81.7792,Batticaloa,2000,Maha,Silt,1339.04,30.48,89.58,3.22,At306,2401.68,6882.06,1087.11,14298.83,2406.36,5602.73,1458.74,34246.4,5323.34,5.43
7.4679,80.4119,Kurunegala,2001,Maha,Silt,1660.23,26.85,79.9,0.65,BG358,4290.32,5087.49,2130.26,9727.64,2565.58,6462.68,796.85,31491.08,1943.1,13.82
7.4463,80.4229,Kurunegala,2001,Maha,Silt,1175.6,27.0,85.23,3.28,BG300,1698.61,4127.25,2200.71,7538.34,3256.85,7412.77,607.18,26461.35,11106.79,2.03
7.7355,81.7996,Batticaloa,2001,Maha,Silt,1335.39,32.74,70.24,4.86,At402,1512.74,8563.81,1883.2,15969.45,1543.37,6505.23,2234.31,38233.27,13199.57,2.47
8.0858,81.0871,Polonnaruwa,2001,Yala,Clay,1833.15,31.38,88.9,4.32,BG300,2167.53,6141.69,1152.9,15612.91,2762.81,4568.45,1688.97,34203.49,9534.52,3.06
7.3769,81.7659,Ampara,2001,Maha,Loam,1288.43,26.29,73.38,1.75,BG352,1941.97,4152.52,1137.28,11093.44,1846.95,5376.17,1380.6,27103.37,2815.46,8.21
7.3441,81.7498,Ampara,2001,Yala,Sandy Loam,2198.17,32.99,77.01,3.95,BG300,2663.24,6302.93,2066.09,14876.5,3628.44,7782.19,1223.65,38470.99,11529.79,2.84
8.4424,80.5172,Anuradhapura,2001,Yala,Clay,1816.73,26.04,76.49,2.15,BG352,2644.77,7488.11,1628.23,10982.71,1918.44,5429.66,874.57,30575.45,5734.63,4.55
7.4776,80.3419,Kurunegala,2001,Yala,Loam,1277.79,27.22,71.97,3.47,At402,3825.51,5121.94,954.6,7624.55,3591.27,4966.29,1867.67,28066.06,7813.32,3.06
7.6211,81.7792,Batticaloa,2001,Maha,Silt,1339.04,30.48,89.58,3.22,At306,2521.77,7226.16,1141.47,15013.77,2526.68,5882.86,1531.68,35958.72,5376.58,5.7
9.6951,80.0377,Jaffna,2001,Yala,Clay,2060.63,26.35,71.46,2.31,BG358,2321.26,4942.39,1431.15,14233.36,3502.78,5619.35,2118.51,34005.26,5610.92,5.17
9.7908,80.1847,Jaffna,2001,Yala,Sandy Loam,1610.66,26.46,76.98,1.0,BG358,3966.17,8874.66,1048.74,15622.66,2571.32,4990.83,598.96,37673.91,3025.75,10.62
7.3121,81.6904,Ampara,2001,Yala,Loam,1449.09,28.51,86.09,1.75,BG300,2050.02,8928.31,932.46,16013.94,2924.63,8140.69,997.99,39543.04,5109.08,6.6
7.3632,81.7372,Ampara,2001,Yala,Loam,2092.74,31.44,83.12,1.3,BG352,3122.12,9077.96,2633.94,7267.24,1751.85,3991.28,1788.43,29923.97,2516.37,10.14
9.6501,80.0436,Jaffna,2001,Maha,Clay,1784.99,28.01,85.86,3.1,BG358,3409.3,8051.3,1641.82,15255.94,2595.27,4147.47,1733.31,37103.09,6601.1,4.79
8.0549,81.0577,Polonnaruwa,2001,Yala,Sandy Loam,1040.75,26.46,79.28,4.59,BG352,3101.83,6401.54,1109.5,12889.24,3257.41,5472.35,1879.38,34536.81,8800.8,3.35
7.653,81.7779,Batticaloa,2001,Maha,Loam,2274.96,30.68,79.25,2.35,BG352,3461.86,6663.31,1030.33,11567.34,3221.45,5941.76,553.32,32701.68,4495.26,6.2
8.3291,80.4699,Anuradhapura,2001,Maha,Loam,1184.5,29.91,76.86,3.78,BG352,3466.09,8313.46,2185.18,10810.8,2915.8,4846.8,1019.41,33822.32,8968.63,3.22
8.4424,80.5172,Anuradhapura,2002,Yala,Clay,1816.73,26.04,76.49,2.15,BG352,2777.01,7862.52,1709.65,11531.84,2014.36,5701.14,918.3,32104.23,5791.98,4.78
7.4679,80.4119,Kurunegala,2002,Maha,Silt,1660.23,26.85,79.9,0.65,BG358,4504.84,5341.87,2236.77,10214.02,2693.86,6785.82,836.69,33065.63,1962.53,14.51
7.4463,80.4229,Kurunegala,2002,Maha,Silt,1175.6,27.0,85.23,3.28,BG300,1783.54,4333.62,2310.75,7915.26,3419.69,7783.41,637.54,27784.42,11217.86,2.14
7.7355,81.7996,Batticaloa,2002,Maha,Silt,1335.39,32.74,70.24,4.86,At402,1588.38,8992.0,1977.37,16767.92,1620.54,6830.5,2346.02,40144.94,13331.56,2.59
8.0858,81.0871,Polonnaruwa,2002,Yala,Clay,1833.15,31.38,88.9,4.32,BG300,2275.9,6448.77,1210.55,16393.55,2900.95,4796.88,1773.41,35913.66,9629.87,3.21
7.3769,81.7659,Ampara,2002,Maha,Loam,1288.43,26.29,73.38,1.75,BG352,2039.07,4360.15,1194.14,11648.11,1939.3,5644.98,1449.63,28458.54,2843.62,8.62
7.3441,81.7498,Ampara,2002,Yala,Sandy Loam,2198.17,32.99,77.01,3.95,BG300,2796.4,6618.08,2169.4,15620.33,3809.86,8171.3,1284.83,40394.54,11645.09,2.99
7.3632,81.7372,Ampara,2002,Yala,Loam,2092.74,31.44,83.12,1.3,BG352,3278.22,9531.85,2765.63,7630.6,1839.44,4190.85,1877.85,31420.17,2541.53,10.65
8.0549,81.0577,Polonnaruwa,2002,Yala,Sandy Loam,1040.75,26.46,79.28,4.59,BG352,3256.92,6721.61,1164.97,13533.7,3420.28,5745.97,1973.35,36263.65,8888.81,3.52
7.653,81.7779,Batticaloa,2002,Maha,Loam,2274.96,30.68,79.25,2.35,BG352,3634.95,6996.48,1081.85,12145.71,3382.52,6238.85,580.99,34336.76,4540.22,6.51
9.6501,80.0436,Jaffna,2002,Maha,Clay,1784.99,28.01,85.86,3.1,BG358,3579.77,8453.86,1723.91,16018.74,2725.03,4354.85,1819.98,38958.25,6667.11,5.03
8.3291,80.4699,Anuradhapura,2002,Maha,Loam,1184.5,29.91,76.86,3.78,BG352,3639.39,8729.14,2294.44,11351.34,3061.59,5089.14,1070.38,35513.44,9058.31,3.38
7.3121,81.6904,Ampara,2002,Yala,Loam,1449.09,28.51,86.09,1.75,BG300,2152.52,9374.73,979.09,16814.64,3070.87,8547.72,1047.89,41520.19,5160.17,6.93
9.7908,80.1847,Jaffna,2002,Yala,Sandy Loam,1610.66,26.46,76.98,1.0,BG358,4164.48,9318.39,1101.18,16403.79,2699.89,5240.37,628.91,39557.6,3056.01,11.15
9.6951,80.0377,Jaffna,2002,Yala,Clay,2060.63,26.35,71.46,2.31,BG358,2437.33,5189.51,1502.71,14945.03,3677.92,5900.32,2224.43,35705.52,5667.03,5.43
7.6211,81.7792,Batticaloa,2002,Maha,Silt,1339.04,30.48,89.58,3.22,At306,2647.85,7587.47,1198.54,15764.46,2653.01,6177.01,1608.26,37756.65,5430.34,5.99
7.4776,80.3419,Kurunegala,2002,Yala,Loam,1277.79,27.22,71.97,3.47,At402,4016.79,5378.04,1002.33,8005.77,3770.84,5214.6,1961.05,29469.36,7891.45,3.22
7.3769,81.7659,Ampara,2003,Maha,Loam,1288.43,26.29,73.38,1.75,BG352,2141.02,4578.15,1253.85,12230.51,2036.27,5927.23,1522.11,29881.47,2872.05,9.05
7.3441,81.7498,Ampara,2003,Yala,Sandy Loam,2198.17,32.99,77.01,3.95,BG300,2936.22,6948.98,2277.87,16401.34,4000.35,8579.87,1349.07,42414.26,11761.54,3.14
8.0858,81.0871,Polonnaruwa,2003,Yala,Clay,1833.15,31.38,88.9,4.32,BG300,2389.7,6771.21,1271.07,17213.23,3046.0,5036.72,1862.08,37709.34,9726.17,3.37
8.4424,80.5172,Anuradhapura,2003,Yala,Clay,1816.73,26.04,76.49,2.15,BG352,2915.86,8255.64,1795.13,12108.43,2115.08,5986.2,964.22,33709.44,5849.9,5.02
7.4463,80.4229,Kurunegala,2003,Maha,Silt,1175.6,27.0,85.23,3.28,BG300,1872.72,4550.3,2426.29,8311.02,3590.68,8172.58,669.42,29173.64,11330.04,2.24
7.4679,80.4119,Kurunegala,2003,Maha,Silt,1660.23,26.85,79.9,0.65,BG358,4730.08,5608.96,2348.61,10724.72,2828.55,7125.11,878.53,34718.91,1982.16,15.24
7.7355,81.7996,Batticaloa,2003,Maha,Silt,1335.39,32.74,70.24,4.86,At402,1667.79,9441.6,2076.23,17606.32,1701.56,7172.02,2463.32,42152.18,13464.88,2.72
7.4776,80.3419,Kurunegala,2003,Yala,Loam,1277.79,27.22,71.97,3.47,At402,4217.63,5646.94,1052.45,8406.06,3959.38,5475.33,2059.11,30942.83,7970.37,3.38
7.6211,81.7792,Batticaloa,2003,Maha,Silt,1339.04,30.48,89.58,3.22,At306,2780.25,7966.85,1258.47,16552.68,2785.66,6485.86,1688.67,39644.49,5484.65,6.29
7.653,81.7779,Batticaloa,2003,Maha,Loam,2274.96,30.68,79.25,2.35,BG352,3816.7,7346.3,1135.94,12752.99,3551.65,6550.79,610.04,36053.6,4585.62,6.84
8.0549,81.0577,Polonnaruwa,2003,Yala,Sandy Loam,1040.75,26.46,79.28,4.59,BG352,3419.77,7057.69,1223.22,14210.39,3591.3,6033.27,2072.02,38076.84,8977.7,3.69
9.6501,80.0436,Jaffna,2003,Maha,Clay,1784.99,28.01,85.86,3.1,BG358,3758.76,8876.55,1810.1,16819.67,2861.28,4572.59,1910.98,40906.16,6733.78,5.28
8.3291,80.4699,Anuradhapura,2003,Maha,Loam,1184.5,29.91,76.86,3.78,BG352,3821.36,9165.59,2409.16,11918.91,3214.67,5343.6,1123.9,37289.11,9148.9,3.55
7.3121,81.6904,Ampara,2003,Yala,Loam,1449.09,28.51,86.09,1.75,BG300,2260.14,9843.46,1028.04,17655.37,3224.41,8975.11,1100.28,43596.2,5211.77,7.28
9.7908,80.1847,Jaffna,2003,Yala,Sandy Loam,1610.66,26.46,76.98,1.0,BG358,4372.7,9784.31,1156.24,17223.98,2834.89,5502.39,660.35,41535.48,3086.57,11.71
9.6951,80.0377,Jaffna,2003,Yala,Clay,2060.63,26.35,71.46,2.31,BG358,2559.19,5448.98,1577.84,15692.28,3861.82,6195.34,2335.66,37490.8,5723.7,5.7
7.3632,81.7372,Ampara,2003,Yala,Loam,2092.74,31.44,83.12,1.3,BG352,3442.13,10008.45,2903.91,8012.13,1931.42,4400.39,1971.74,32991.18,2566.95,11.18
7.4679,80.4119,Kurunegala,2004,Maha,Silt,1660.23,26.85,79.9,0.65,BG358,4966.59,5889.41,2466.04,11260.96,2969.98,7481.37,922.45,36454.86,2001.98,16.0
7.4463,80.4229,Kurunegala,2004,Maha,Silt,1175.6,27.0,85.23,3.28,BG300,1966.36,4777.81,2547.6,8726.58,3770.21,8581.21,702.89,30632.32,11443.34,2.35
7.7355,81.7996,Batticaloa,2004,Maha,Silt,1335.39,32.74,70.24,4.86,At402,1751.18,9913.68,2180.05,18486.63,1786.64,7530.62,2586.49,44259.79,13599.53,2.86
8.0858,81.0871,Polonnaruwa,2004,Yala,Clay,1833.15,31.38,88.9,4.32,BG300,2509.18,7109.77,1334.63,18073.89,3198.3,5288.56,1955.19,39594.81,9823.43,3.54
7.3769,81.7659,Ampara,2004,Maha,Loam,1288.43,26.29,73.38,1.75,BG352,2248.07,4807.06,1316.54,12842.04,2138.08,6223.59,1598.21,31375.54,2900.77,9.5
7.3441,81.7498,Ampara,2004,Yala,Sandy Loam,2198.17,32.99,77.01,3.95,BG300,3083.03,7296.43,2391.76,17221.41,4200.37,9008.86,1416.53,44534.98,11879.16,3.29
8.4424,80.5172,Anuradhapura,2004,Yala,Clay,1816.73,26.04,76.49,2.15,BG352,3061.66,8668.43,1884.88,12713.86,2220.84,6285.51,1012.43,35394.91,5908.4,5.27
7.4776,80.3419,Kurunegala,2004,Yala,Loam,1277.79,27.22,71.97,3.47,At402,4428.51,5929.29,1105.07,8826.37,4157.35,5749.1,2162.06,32489.97,8050.07,3.55
7.6211,81.7792,Batticaloa,2004,Maha,Silt,1339.04,30.48,89.58,3.22,At306,2919.26,8365.19,1321.39,17380.32,2924.94,6810.15,1773.11,41626.71,5539.49,6.6
7.653,81.7779,Batticaloa,2004,Maha,Loam,2274.96,30.68,79.25,2.35,BG352,4007.54,7713.62,1192.74,13390.64,3729.23,6878.33,640.54,37856.28,4631.47,7.18
8.0549,81.0577,Polonnaruwa,2004,Yala,Sandy Loam,1040.75,26.46,79.28,4.59,BG352,3590.76,7410.58,1284.38,14920.91,3770.86,6334.93,2175.62,39980.68,9067.47,3.88
9.6501,80.0436,Jaffna,2004,Maha,Clay,1784.99,28.01,85.86,3.1,BG358,3946.69,9320.38,1900.61,17660.66,3004.34,4801.22,2006.52,42951.47,6801.12,5.55
8.3291,80.4699,Anuradhapura,2004,Maha,Loam,1184.5,29.91,76.86,3.78,BG352,4012.43,9623.87,2529.62,12514.85,3375.41,5610.78,1180.1,39153.57,9240.38,3.72
7.3121,81.6904,Ampara,2004,Yala,Loam,1449.09,28.51,86.09,1.75,BG300,2373.15,10335.63,1079.44,18538.14,3385.63,9423.86,1155.29,45776.01,5263.89,7.64
9.7908,80.1847,Jaffna,2004,Yala,Sandy Loam,1610.66,26.46,76.98,1.0,BG358,4591.34,10273.52,1214.05,18085.18,2976.63,5777.51,693.37,43612.25,3117.43,12.29
9.6951,80.0377,Jaffna,2004,Yala,Clay,2060.63,26.35,71.46,2.31,BG358,2687.15,5721.43,1656.73,16476.9,4054.91,6505.1,2452.44,39365.34,5780.94,5.98
7.3632,81.7372,Ampara,2004,Yala,Loam,2092.74,31.44,83.12,1.3,BG352,3614.24,10508.87,3049.11,8412.74,2027.99,4620.41,2070.33,34640.74,2592.62,11.74
7.3441,81.7498,Ampara,2005,Yala,Sandy Loam,2198.17,32.99,77.01,3.95,BG300,3237.19,7661.25,2511.35,18082.48,4410.39,9459.3,1487.35,46761.73,11997.95,3.46
7.3769,81.7659,Ampara,2005,Maha,Loam,1288.43,26.29,73.38,1.75,BG352,2360.47,5047.41,1382.37,13484.14,2244.98,6534.77,1678.12,32944.32,2929.78,9.98
8.0858,81.0871,Polonnaruwa,2005,Yala,Clay,1833.15,31.38,88.9,4.32,BG300,2634.64,7465.26,1401.36,18977.59,3358.21,5552.98,2052.95,41574.55,9921.66,3.72
8.4424,80.5172,Anuradhapura,2005,Yala,Clay,1816.73,26.04,76.49,2.15,BG352,3214.74,9101.85,1979.13,13349.55,2331.88,6599.79,1063.05,37164.65,5967.48,5.53
7.4463,80.4229,Kurunegala,2005,Maha,Silt,1175.6,27.0,85.23,3.28,BG300,2064.68,5016.7,2674.98,9162.9,3958.72,9010.27,738.03,32163.94,11557.77,2.47
7.4679,80.4119,Kurunegala,2005,Maha,Silt,1660.23,26.85,79.9,0.65,BG358,5214.92,6183.88,2589.34,11824.01,3118.48,7855.43,968.57,38277.6,2022.0,16.8
7.7355,81.7996,Batticaloa,2005,Maha,Silt,1335.39,32.74,70.24,4.86,At402,1838.74,10409.36,2289.05,19410.96,1875.97,7907.15,2715.81,46472.78,13735.52,3.0
7.4776,80.3419,Kurunegala,2005,Yala,Loam,1277.79,27.22,71.97,3.47,At402,4649.93,6225.75,1160.33,9267.68,4365.22,6036.55,2270.16,34114.47,8130.57,3.73
7.6211,81.7792,Batticaloa,2005,Maha,Silt,1339.04,30.48,89.58,3.22,At306,3065.22,8783.45,1387.46,18249.33,3071.19,7150.66,1861.76,43708.05,5594.89,6.93
7.653,81.7779,Batticaloa,2005,Maha,Loam,2274.96,30.68,79.25,2.35,BG352,4207.91,8099.3,1252.38,14060.17,3915.69,7222.25,672.56,39749.09,4677.79,7.54
8.0549,81.0577,Polonnaruwa,2005,Yala,Sandy Loam,1040.75,26.46,79.28,4.59,BG352,3770.3,7781.11,1348.6,15666.95,3959.4,6651.68,2284.4,41979.71,9158.15,4.07
9.6501,80.0436,Jaffna,2005,Maha,Clay,1784.99,28.01,85.86,3.1,BG358,4144.03,9786.4,1995.64,18543.69,3154.56,5041.28,2106.85,45099.04,6869.13,5.82
8.3291,80.4699,Anuradhapura,2005,Maha,Loam,1184.5,29.91,76.86,3.78,BG352,4213.05,10105.07,2656.1,13140.59,3544.18,5891.32,1239.1,41111.25,9332.79,3.91
7.3121,81.6904,Ampara,2005,Yala,Loam,1449.09,28.51,86.09,1.75,BG300,2491.81,10852.42,1133.41,19465.04,3554.91,9895.06,1213.06,48064.81,5316.53,8.02
9.7908,80.1847,Jaffna,2005,Yala,Sandy Loam,1610.66,26.46,76.98,1.0,BG358,4820.9,10787.2,1274.75,18989.44,3125.46,6066.38,728.04,45792.87,3148.61,12.91
9.6951,80.0377,Jaffna,2005,Yala,Clay,2060.63,26.35,71.46,2.31,BG358,2821.51,6007.5,1739.57,17300.74,4257.66,6830.36,2575.06,41333.61,5838.75,6.28
7.3632,81.7372,Ampara,2005,Yala,Loam,2092.74,31.44,83.12,1.3,BG352,3794.95,11034.31,3201.56,8833.37,2129.39,4851.43,2173.85,36372.78,2618.54,12.33
8.4424,80.5172,Anuradhapura,2006,Yala,Clay,1816.73,26.04,76.49,2.15,BG352,3375.48,9556.94,2078.08,14017.03,2448.47,6929.78,1116.2,39022.89,6027.16,5.81
7.4679,80.4119,Kurunegala,2006,Maha,Silt,1660.23,26.85,79.9,0.65,BG358,5475.66,6493.07,2718.81,12415.21,3274.4,8248.21,1017.0,40191.48,2042.22,17.64
7.4463,80.4229,Kurunegala,2006,Maha,Silt,1175.6,27.0,85.23,3.28,BG300,2167.91,5267.54,2808.73,9621.05,4156.66,9460.78,774.93,33772.13,11673.35,2.6
7.7355,81.7996,Batticaloa,2006,Maha,Silt,1335.39,32.74,70.24,4.86,At402,1930.68,10929.83,2403.5,20381.51,1969.77,8302.51,2851.6,48796.42,13872.88,3.15
8.0858,81.0871,Polonnaruwa,2006,Yala,Clay,1833.15,31.38,88.9,4.32,BG300,2766.37,7838.52,1471.43,19926.47,3526.12,5830.63,2155.6,43653.28,10020.88,3.91
7.3441,81.7498,Ampara,2006,Yala,Sandy Loam,2198.17,32.99,77.01,3.95,BG300,3399.04,8044.32,2636.92,18986.61,4630.91,9932.27,1561.72,49099.81,12117.93,3.63
7.4776,80.3419,Kurunegala,2006,Yala,Loam,1277.79,27.22,71.97,3.47,At402,4882.43,6537.04,1218.34,9731.07,4583.48,6338.38,2383.67,35820.19,8211.88,3.91
7.3769,81.7659,Ampara,2006,Maha,Loam,1288.43,26.29,73.38,1.75,BG352,2478.5,5299.78,1451.49,14158.35,2357.23,6861.51,1762.03,34591.53,2959.08,10.48
7.653,81.7779,Batticaloa,2006,Maha,Loam,2274.96,30.68,79.25,2.35,BG352,4418.31,8504.27,1315.0,14763.18,4111.48,7583.36,706.19,41736.55,4724.57,7.92
9.6951,80.0377,Jaffna,2006,Yala,Clay,2060.63,26.35,71.46,2.31,BG358,2962.59,6307.88,1826.55,18165.78,4470.54,7171.87,2703.81,43400.29,5897.14,6.6
9.7908,80.1847,Jaffna,2006,Yala,Sandy Loam,1610.66,26.46,76.98,1.0,BG358,5061.95,11326.56,1338.49,19938.91,3281.73,6369.7,764.44,48082.51,3180.09,13.55
7.3121,81.6904,Ampara,2006,Yala,Loam,1449.09,28.51,86.09,1.75,BG300,2616.4,11395.04,1190.09,20438.29,3732.66,10389.81,1273.71,50468.05,5369.7,8.43
7.6211,81.7792,Batticaloa,2006,Maha,Silt,1339.04,30.48,89.58,3.22,At306,3218.48,9222.62,1456.83,19161.8,3224.75,7508.19,1954.85,45893.45,5650.84,7.28
7.3632,81.7372,Ampara,2006,Yala,Loam,2092.74,31.44,83.12,1.3,BG352,3984.7,11586.03,3361.64,9275.04,2235.85,5094.0,2282.54,38191.41,2644.73,12.94
9.6501,80.0436,Jaffna,2006,Maha,Clay,1784.99,28.01,85.86,3.1,BG358,4351.23,10275.72,2095.42,19470.87,3312.29,5293.34,2212.19,47353.99,6937.82,6.12
8.0549,81.0577,Polonnaruwa,2006,Yala,Sandy Loam,1040.75,26.46,79.28,4.59,BG352,3958.81,8170.16,1416.03,16450.3,4157.37,6984.26,2398.62,44078.7,9249.73,4.27
8.3291,80.4699,Anuradhapura,2006,Maha,Loam,1184.5,29.91,76.86,3.78,BG352,4423.71,10610.32,2788.9,13797.62,3721.38,6185.88,1301.06,43166.81,9426.12,4.1
8.4424,80.5172,Anuradhapura,2007,Yala,Clay,1816.73,26.04,76.49,2.15,BG352,3544.25,10034.79,2181.99,14717.88,2570.9,7276.27,1172.01,40974.03,6087.43,6.1
7.4679,80.4119,Kurunegala,2007,Maha,Silt,1660.23,26.85,79.9,0.65,BG358,5749.44,6817.73,2854.75,13035.97,3438.12,8660.62,1067.85,42201.05,2062.64,18.52
7.4463,80.4229,Kurunegala,2007,Maha,Silt,1175.6,27.0,85.23,3.28,BG300,2276.3,5530.92,2949.17,10102.1,4364.49,9933.82,813.68,35460.74,11790.09,2.73
7.7355,81.7996,Batticaloa,2007,Maha,Silt,1335.39,32.74,70.24,4.86,At402,2027.22,11476.32,2523.67,21400.59,2068.26,8717.64,2994.18,51236.24,14011.61,3.31
8.0858,81.0871,Polonnaruwa,2007,Yala,Clay,1833.15,31.38,88.9,4.32,BG300,2904.69,8230.45,1545.0,20922.79,3702.43,6122.16,2263.38,45835.94,10121.09,4.1
7.3769,81.7659,Ampara,2007,Maha,Loam,1288.43,26.29,73.38,1.75,BG352,2602.42,5564.77,1524.06,14866.27,2475.1,7204.59,1850.13,36321.11,2988.67,11.0
7.3441,81.7498,Ampara,2007,Yala,Sandy Loam,2198.17,32.99,77.01,3.95,BG300,3569.0,8446.53,2768.76,19935.94,4862.45,10428.88,1639.81,51554.8,12239.11,3.81
7.4776,80.3419,Kurunegala,2007,Yala,Loam,1277.79,27.22,71.97,3.47,At402,5126.55,6863.89,1279.26,10217.62,4812.65,6655.3,2502.86,37611.2,8293.99,4.11
7.6211,81.7792,Batticaloa,2007,Maha,Silt,1339.04,30.48,89.58,3.22,At306,3379.41,9683.75,1529.68,20119.89,3385.99,7883.6,2052.59,48188.12,5707.35,7.64
7.653,81.7779,Batticaloa,2007,Maha,Loam,2274.96,30.68,79.25,2.35,BG352,4639.23,8929.48,1380.75,15501.34,4317.05,7962.53,741.5,43823.37,4771.81,8.31
8.0549,81.0577,Polonnaruwa,2007,Yala,Sandy Loam,1040.75,26.46,79.28,4.59,BG352,4156.75,8578.67,1486.83,17272.82,4365.24,7333.48,2518.55,46282.63,9342.23,4.49
9.6501,80.0436,Jaffna,2007,Maha,Clay,1784.99,28.01,85.86,3.1,BG358,4568.79,10789.51,2200.19,20444.42,3477.9,5558.01,2322.8,49721.69,7007.2,6.42
8.3291,80.4699,Anuradhapura,2007,Maha,Loam,1184.5,29.91,76.86,3.78,BG352,4644.89,11140.84,2928.35,14487.51,3907.45,6495.18,1366.11,45325.15,9520.38,4.31
7.3121,81.6904,Ampara,2007,Yala,Loam,1449.09,28.51,86.09,1.75,BG300,2747.22,11964.79,1249.59,21460.21,3919.29,10909.3,1337.4,52991.46,5423.39,8.85
9.7908,80.1847,Jaffna,2007,Yala,Sandy Loam,1610.66,26.46,76.98,1.0,BG358,5315.05,11892.89,1405.41,20935.85,3445.82,6688.19,802.66,50486.64,3211.89,14.23
9.6951,80.0377,Jaffna,2007,Yala,Clay,2060.63,26.35,71.46,2.31,BG358,3110.72,6623.27,1917.88,19074.07,4694.07,7530.47,2839.01,45570.3,5956.11,6.92
7.3632,81.7372,Ampara,2007,Yala,Loam,2092.74,31.44,83.12,1.3,BG352,4183.94,12165.33,3529.72,9738.79,2347.65,5348.7,2396.67,40100.99,2671.18,13.59
7.4679,80.4119,Kurunegala,2008,Maha,Silt,1660.23,26.85,79.9,0.65,BG358,6036.92,7158.61,2997.49,13687.77,3610.03,9093.65,1121.25,44311.11,2083.27,19.45
7.4463,80.4229,Kurunegala,2008,Maha,Silt,1175.6,27.0,85.23,3.28,BG300,2390.12,5807.46,3096.62,10607.21,4582.72,10430.51,854.36,37233.78,11907.99,2.86
7.7355,81.7996,Batticaloa,2008,Maha,Silt,1335.39,32.74,70.24,4.86,At402,2128.58,12050.14,2649.86,22470.62,2171.67,9153.52,3143.89,53798.05,14151.72,3.47
8.0858,81.0871,Polonnaruwa,2008,Yala,Clay,1833.15,31.38,88.9,4.32,BG300,3049.93,8641.97,1622.25,21968.93,3887.55,6428.27,2376.54,48127.74,10222.3,4.31
7.3769,81.7659,Ampara,2008,Maha,Loam,1288.43,26.29,73.38,1.75,BG352,2732.54,5843.01,1600.27,15609.58,2598.85,7564.81,1942.64,38137.16,3018.56,11.55
7.3441,81.7498,Ampara,2008,Yala,Sandy Loam,2198.17,32.99,77.01,3.95,BG300,3747.45,8868.86,2907.2,20932.73,5105.57,10950.33,1721.8,54132.54,12361.5,4.0
8.4424,80.5172,Anuradhapura,2008,Yala,Clay,1816.73,26.04,76.49,2.15,BG352,3721.46,10536.53,2291.09,15453.77,2699.44,7640.08,1230.61,43022.73,6148.3,6.4
7.4776,80.3419,Kurunegala,2008,Yala,Loam,1277.79,27.22,71.97,3.47,At402,5382.88,7207.09,1343.22,10728.5,5053.28,6988.06,2628.0,39491.76,8376.93,4.31
7.6211,81.7792,Batticaloa,2008,Maha,Silt,1339.04,30.48,89.58,3.22,At306,3548.38,10167.94,1606.16,21125.88,3555.29,8277.78,2155.22,50597.53,5764.42,8.03
7.653,81.7779,Batticaloa,2008,Maha,Loam,2274.96,30.68,79.25,2.35,BG352,4871.19,9375.95,1449.78,16276.41,4532.9,8360.65,778.58,46014.54,4819.53,8.73
8.0549,81.0577,Polonnaruwa,2008,Yala,Sandy Loam,1040.75,26.46,79.28,4.59,BG352,4364.59,9007.6,1561.17,18136.46,4583.5,7700.15,2644.48,48596.76,9435.65,4.71
9.6501,80.0436,Jaffna,2008,Maha,Clay,1784.99,28.01,85.86,3.1,BG358,4797.23,11328.98,2310.2,21466.64,3651.8,5835.91,2438.94,52207.78,7077.27,6.74
8.3291,80.4699,Anuradhapura,2008,Maha,Loam,1184.5,29.91,76.86,3.78,BG352,4877.14,11697.88,3074.77,15211.88,4102.83,6819.94,1434.42,47591.41,9615.58,4.53
7.3121,81.6904,Ampara,2008,Yala,Loam,1449.09,28.51,86.09,1.75,BG300,2884.58,12563.03,1312.07,22533.22,4115.25,11454.76,1404.27,55641.03,5477.63,9.29
9.7908,80.1847,Jaffna,2008,Yala,Sandy Loam,1610.66,26.46,76.98,1.0,BG358,5580.8,12487.53,1475.68,21982.65,3618.11,7022.6,842.79,53010.97,3244.01,14.94
9.6951,80.0377,Jaffna,2008,Yala,Clay,2060.63,26.35,71.46,2.31,BG358,3266.25,6954.43,2013.77,20027.77,4928.77,7906.99,2980.96,47848.82,6015.67,7.27
7.3632,81.7372,Ampara,2008,Yala,Loam,2092.74,31.44,83.12,1.3,BG352,4393.13,12773.6,3706.21,10225.73,2465.03,5616.14,2516.5,42106.03,2697.89,14.27
7.3441,81.7498,Ampara,2009,Yala,Sandy Loam,2198.17,32.99,77.01,3.95,BG300,3934.82,9312.3,3052.56,21979.37,5360.85,11497.84,1807.89,56839.17,12485.11,4.2
7.3769,81.7659,Ampara,2009,Maha,Loam,1288.43,26.29,73.38,1.75,BG352,2869.17,6135.16,1680.28,16390.06,2728.79,7943.06,2039.77,40044.02,3048.74,12.13
8.0858,81.0871,Polonnaruwa,2009,Yala,Clay,1833.15,31.38,88.9,4.32,BG300,3202.42,9074.07,1703.36,23067.38,4081.93,6749.69,2495.37,50534.13,10324.52,4.52
8.4424,80.5172,Anuradhapura,2009,Yala,Clay,1816.73,26.04,76.49,2.15,BG352,3907.54,11063.35,2405.64,16226.46,2834.41,8022.08,1292.14,45173.87,6209.79,6.72
7.4463,80.4229,Kurunegala,2009,Maha,Silt,1175.6,27.0,85.23,3.28,BG300,2509.63,6097.84,3251.46,11137.57,4811.85,10952.04,897.08,39095.47,12027.07,3.01
7.4679,80.4119,Kurunegala,2009,Maha,Silt,1660.23,26.85,79.9,0.65,BG358,6338.76,7516.54,3147.36,14372.16,3790.53,9548.33,1177.31,46526.66,2104.1,20.42
7.7355,81.7996,Batticaloa,2009,Maha,Silt,1335.39,32.74,70.24,4.86,At402,2235.0,12652.65,2782.35,23594.15,2280.26,9611.19,3301.09,56487.96,14293.24,3.65
7.4776,80.3419,Kurunegala,2009,Yala,Loam,1277.79,27.22,71.97,3.47,At402,5652.02,7567.44,1410.38,11264.93,5305.95,7337.47,2759.4,41466.35,8460.7,4.53
7.6211,81.7792,Batticaloa,2009,Maha,Silt,1339.04,30.48,89.58,3.22,At306,3725.8,10676.34,1686.47,22182.18,3733.05,8691.67,2262.99,53127.4,5822.06,8.43
7.653,81.7779,Batticaloa,2009,Maha,Loam,2274.96,30.68,79.25,2.35,BG352,5114.75,9844.75,1522.27,17090.23,4759.55,8778.69,817.51,48315.27,4867.73,9.16
8.0549,81.0577,Polonnaruwa,2009,Yala,Sandy Loam,1040.75,26.46,79.28,4.59,BG352,4582.82,9457.98,1639.23,19043.28,4812.68,8085.16,2776.7,51026.6,9530.01,4.95
9.6501,80.0436,Jaffna,2009,Maha,Clay,1784.99,28.01,85.86,3.1,BG358,5037.09,11895.43,2425.71,22539.97,3834.39,6127.7,2560.89,54818.17,7148.05,7.08
8.3291,80.4699,Anuradhapura,2009,Maha,Loam,1184.5,29.91,76.86,3.78,BG352,5120.99,12282.77,3228.5,15972.47,4307.97,7160.93,1506.14,49970.98,9711.74,4.75
7.3121,81.6904,Ampara,2009,Yala,Loam,1449.09,28.51,86.09,1.75,BG300,3028.81,13191.18,1377.67,23659.88,4321.02,12027.5,1474.48,58423.08,5532.4,9.75
9.7908,80.1847,Jaffna,2009,Yala,Sandy Loam,1610.66,26.46,76.98,1.0,BG358,5859.84,13111.91,1549.47,23081.78,3799.02,7373.72,884.93,55661.52,3276.45,15.69
9.6951,80.0377,Jaffna,2009,Yala,Clay,2060.63,26.35,71.46,2.31,BG358,3429.57,7302.16,2114.46,21029.16,5175.21,8302.34,3130.0,50241.26,6075.83,7.63
7.3632,81.7372,Ampara,2009,Yala,Loam,2092.74,31.44,83.12,1.3,BG352,4612.79,13412.28,3891.52,10737.02,2588.28,5896.94,2642.33,44211.34,2724.87,14.99
8.4424,80.5172,Anuradhapura,2010,Yala,Clay,1816.73,26.04,76.49,2.15,BG352,4102.91,11616.52,2525.92,17037.78,2976.13,8423.19,1356.75,47432.56,6271.89,7.06
7.4679,80.4119,Kurunegala,2010,Maha,Silt,1660.23,26.85,79.9,0.65,BG358,6655.7,7892.37,3304.73,15090.76,3980.06,10025.74,1236.17,48853.0,2125.14,21.44
7.4463,80.4229,Kurunegala,2010,Maha,Silt,1175.6,27.0,85.23,3.28,BG300,2635.11,6402.73,3414.03,11694.45,5052.45,11499.64,941.94,41050.24,12147.34,3.16
7.7355,81.7996,Batticaloa,2010,Maha,Silt,1335.39,32.74,70.24,4.86,At402,2346.76,13285.28,2921.47,24773.85,2394.27,10091.75,3466.14,59312.36,14436.17,3.83
8.0858,81.0871,Polonnaruwa,2010,Yala,Clay,1833.15,31.38,88.9,4.32,BG300,3362.55,9527.77,1788.53,24220.74,4286.03,7087.17,2620.14,53060.83,10427.77,4.75
7.3769,81.7659,Ampara,2010,Maha,Loam,1288.43,26.29,73.38,1.75,BG352,3012.63,6441.92,1764.29,17209.56,2865.23,8340.21,2141.76,42046.22,3079.23,12.74
7.3441,81.7498,Ampara,2010,Yala,Sandy Loam,2198.17,32.99,77.01,3.95,BG300,4131.56,9777.92,3205.19,23078.34,5628.89,12072.73,1898.28,59681.13,12609.97,4.41
7.4776,80.3419,Kurunegala,2010,Yala,Loam,1277.79,27.22,71.97,3.47,At402,5934.62,7945.82,1480.9,11828.17,5571.24,7704.34,2897.37,43539.66,8545.31,4.75
7.3632,81.7372,Ampara,2010,Yala,Loam,2092.74,31.44,83.12,1.3,BG352,4843.43,14082.89,4086.1,11273.87,2717.7,6191.79,2774.44,46421.9,2752.12,15.73
7.653,81.7779,Batticaloa,2010,Maha,Loam,2274.96,30.68,79.25,2.35,BG352,5370.48,10336.99,1598.39,17944.74,4997.53,9217.62,858.38,50731.03,4916.4,9.62
8.0549,81.0577,Polonnaruwa,2010,Yala,Sandy Loam,1040.75,26.46,79.28,4.59,BG352,4811.96,9930.88,1721.19,19995.45,5053.31,8489.42,2915.53,53577.93,9625.31,5.2
9.6501,80.0436,Jaffna,2010,Maha,Clay,1784.99,28.01,85.86,3.1,BG358,5288.95,12490.2,2547.0,23666.97,4026.11,6434.09,2688.93,57559.08,7219.53,7.43
8.3291,80.4699,Anuradhapura,2010,Maha,Loam,1184.5,29.91,76.86,3.78,BG352,5377.04,12896.91,3389.93,16771.1,4523.37,7518.98,1581.44,52469.52,9808.85,4.99
7.3121,81.6904,Ampara,2010,Yala,Loam,1449.09,28.51,86.09,1.75,BG300,3180.25,13850.74,1446.56,24842.88,4537.07,12628.88,1548.21,61344.24,5587.73,10.24
9.7908,80.1847,Jaffna,2010,Yala,Sandy Loam,1610.66,26.46,76.98,1.0,BG358,6152.83,13767.5,1626.94,24235.87,3988.97,7742.41,929.18,58444.59,3309.22,16.47
9.6951,80.0377,Jaffna,2010,Yala,Clay,2060.63,26.35,71.46,2.31,BG358,3601.04,7667.26,2220.18,22080.62,5433.97,8717.46,3286.5,52753.32,6136.59,8.02
7.6211,81.7792,Batticaloa,2010,Maha,Silt,1339.04,30.48,89.58,3.22,At306,3912.09,11210.15,1770.79,23291.29,3919.71,9126.25,2376.13,55783.77,5880.28,8.85
7.4679,80.4119,Kurunegala,2011,Maha,Silt,1660.23,26.85,79.9,0.65,BG358,6988.49,8286.99,3469.97,15845.3,4179.06,10527.03,1297.98,51295.64,2146.39,22.51
7.4463,80.4229,Kurunegala,2011,Maha,Silt,1175.6,27.0,85.23,3.28,BG300,2766.86,6722.86,3584.73,12279.17,5305.07,12074.62,989.03,43102.75,12268.81,3.31
7.7355,81.7996,Batticaloa,2011,Maha,Silt,1335.39,32.74,70.24,4.86,At402,2464.09,13949.54,3067.54,26012.55,2513.98,10596.34,3639.45,62277.97,14580.53,4.02
8.0858,81.0871,Polonnaruwa,2011,Yala,Clay,1833.15,31.38,88.9,4.32,BG300,3530.67,10004.16,1877.96,25431.78,4500.33,7441.53,2751.15,55713.87,10532.05,4.98
7.3769,81.7659,Ampara,2011,Maha,Loam,1288.43,26.29,73.38,1.75,BG352,3163.26,6764.02,1852.51,18070.04,3008.49,8757.22,2248.85,44148.54,3110.02,13.37
7.3441,81.7498,Ampara,2011,Yala,Sandy Loam,2198.17,32.99,77.01,3.95,BG300,4338.14,10266.81,3365.45,24232.26,5910.34,12676.37,1993.19,62665.18,12736.07,4.63
8.4424,80.5172,Anuradhapura,2011,Yala,Clay,1816.73,26.04,76.49,2.15,BG352,4308.06,12197.35,2652.22,17889.67,3124.94,8844.35,1424.58,49804.19,6334.6,7.41
7.4776,80.3419,Kurunegala,2011,Yala,Loam,1277.79,27.22,71.97,3.47,At402,6231.35,8343.11,1554.95,12419.58,5849.81,8089.56,3042.24,45716.65,8630.76,4.99
7.6211,81.7792,Batticaloa,2011,Maha,Silt,1339.04,30.48,89.58,3.22,At306,4107.69,11770.66,1859.33,24455.85,4115.69,9582.56,2494.94,58572.96,5939.09,9.29
7.653,81.7779,Batticaloa,2011,Maha,Loam,2274.96,30.68,79.25,2.35,BG352,5639.01,10853.84,1678.31,18841.98,5247.4,9678.5,901.3,53267.59,4965.57,10.1
8.0549,81.0577,Polonnaruwa,2011,Yala,Sandy Loam,1040.75,26.46,79.28,4.59,BG352,5052.56,10427.43,1807.25,20995.22,5305.98,8913.89,3061.31,56256.83,9721.56,5.45
9.6501,80.0436,Jaffna,2011,Maha,Clay,1784.99,28.01,85.86,3.1,BG358,5553.39,13114.71,2674.35,24850.32,4227.41,6755.79,2823.38,60437.03,7291.72,7.81
8.3291,80.4699,Anuradhapura,2011,Maha,Loam,1184.5,29.91,76.86,3.78,BG352,5645.9,13541.76,3559.43,17609.65,4749.53,7894.93,1660.52,55093.0,9906.94,5.24
7.3121,81.6904,Ampara,2011,Yala,Loam,1449.09,28.51,86.09,1.75,BG300,3339.26,14543.28,1518.88,26085.02,4763.92,13260.32,1625.62,64411.45,5643.6,10.75
9.7908,80.1847,Jaffna,2011,Yala,Sandy Loam,1610.66,26.46,76.98,1.0,BG358,6460.47,14455.88,1708.29,25447.66,4188.42,8129.53,975.64,61366.82,3342.31,17.3
9.6951,80.0377,Jaffna,2011,Yala,Clay,2060.63,26.35,71.46,2.31,BG358,3781.1,8050.63,2331.19,23184.65,5705.67,9153.33,3450.83,55390.99,6197.95,8.42
7.3632,81.7372,Ampara,2011,Yala,Loam,2092.74,31.44,83.12,1.3,BG352,5085.6,14787.03,4290.4,11837.57,2853.58,6501.38,2913.17,48743.0,2779.64,16.52
7.4679,80.4119,Kurunegala,2012,Maha,Silt,1660.23,26.85,79.9,0.65,BG358,7337.91,8701.34,3643.47,16637.57,4388.01,11053.38,1362.88,53860.43,2167.86,23.64
7.4463,80.4229,Kurunegala,2012,Maha,Silt,1175.6,27.0,85.23,3.28,BG300,2905.21,7059.01,3763.97,12893.13,5570.32,12678.35,1038.49,45257.89,12391.5,3.48
7.7355,81.7996,Batticaloa,2012,Maha,Silt,1335.39,32.74,70.24,4.86,At402,2587.3,14647.02,3220.92,27313.17,2639.68,11126.16,3821.42,65391.87,14726.34,4.22
8.0858,81.0871,Polonnaruwa,2012,Yala,Clay,1833.15,31.38,88.9,4.32,BG300,3707.21,10504.37,1971.85,26703.37,4725.34,7813.61,2888.7,58499.57,10637.37,5.23
7.3769,81.7659,Ampara,2012,Maha,Loam,1288.43,26.29,73.38,1.75,BG352,3321.42,7102.22,1945.14,18973.54,3158.92,9195.08,2361.29,46355.96,3141.12,14.04
7.3441,81.7498,Ampara,2012,Yala,Sandy Loam,2198.17,32.99,77.01,3.95,BG300,4555.05,10780.15,3533.72,25443.87,6205.86,13310.19,2092.85,65798.44,12863.43,4.87
8.4424,80.5172,Anuradhapura,2012,Yala,Clay,1816.73,26.04,76.49,2.15,BG352,4523.46,12807.21,2784.83,18784.15,3281.19,9286.56,1495.81,52294.4,6397.95,7.78
7.4776,80.3419,Kurunegala,2012,Yala,Loam,1277.79,27.22,71.97,3.47,At402,6542.92,8760.26,1632.7,13040.56,6142.3,8494.03,3194.35,48002.48,8717.07,5.24
7.3632,81.7372,Ampara,2012,Yala,Loam,2092.74,31.44,83.12,1.3,BG352,5339.88,15526.39,4504.92,12429.44,2996.26,6826.45,3058.82,51180.15,2807.43,17.35
7.653,81.7779,Batticaloa,2012,Maha,Loam,2274.96,30.68,79.25,2.35,BG352,5920.96,11396.53,1762.22,19784.07,5509.77,10162.43,946.37,55930.97,5015.22,10.61
8.0549,81.0577,Polonnaruwa,2012,Yala,Sandy Loam,1040.75,26.46,79.28,4.59,BG352,5305.19,10948.8,1897.61,22044.98,5571.28,9359.58,3214.38,59069.67,9818.77,5.73
9.6501,80.0436,Jaffna,2012,Maha,Clay,1784.99,28.01,85.86,3.1,BG358,5831.06,13770.45,2808.06,26092.83,4438.79,7093.58,2964.55,63458.88,7364.64,8.2
8.3291,80.4699,Anuradhapura,2012,Maha,Loam,1184.5,29.91,76.86,3.78,BG352,5928.19,14218.85,3737.4,18490.14,4987.01,8289.68,1743.54,57847.65,10006.01,5.5
7.3121,81.6904,Ampara,2012,Yala,Loam,1449.09,28.51,86.09,1.75,BG300,3506.22,15270.44,1594.83,27389.27,5002.12,13923.34,1706.9,67632.02,5700.04,11.29
9.7908,80.1847,Jaffna,2012,Yala,Sandy Loam,1610.66,26.46,76.98,1.0,BG358,6783.5,15178.67,1793.7,26720.04,4397.84,8536.01,1024.42,64435.16,3375.73,18.16
9.6951,80.0377,Jaffna,2012,Yala,Clay,2060.63,26.35,71.46,2.31,BG358,3970.15,8453.16,2447.75,24343.88,5990.95,9611.0,3623.37,58160.54,6259.93,8.84
7.6211,81.7792,Batticaloa,2012,Maha,Silt,1339.04,30.48,89.58,3.22,At306,4313.08,12359.19,1952.3,25678.64,4321.48,10061.69,2619.69,61501.61,5998.48,9.75
7.4679,80.4119,Kurunegala,2013,Maha,Silt,1660.23,26.85,79.9,0.65,BG358,7704.81,9136.41,3825.64,17469.45,4607.41,11606.05,1431.03,56553.45,2189.54,24.82
7.4463,80.4229,Kurunegala,2013,Maha,Silt,1175.6,27.0,85.23,3.28,BG300,3050.47,7411.96,3952.16,13537.78,5848.84,13312.27,1090.41,47520.78,12515.41,3.65
7.7355,81.7996,Batticaloa,2013,Maha,Silt,1335.39,32.74,70.24,4.86,At402,2716.66,15379.37,3381.97,28678.83,2771.67,11682.47,4012.49,68661.47,14873.6,4.43
8.0858,81.0871,Polonnaruwa,2013,Yala,Clay,1833.15,31.38,88.9,4.32,BG300,3892.57,11029.59,2070.45,28038.54,4961.61,8204.29,3033.14,61424.55,10743.74,5.5
7.3769,81.7659,Ampara,2013,Maha,Loam,1288.43,26.29,73.38,1.75,BG352,3487.49,7457.33,2042.39,19922.22,3316.86,9654.83,2479.35,48673.76,3172.53,14.74
7.3441,81.7498,Ampara,2013,Yala,Sandy Loam,2198.17,32.99,77.01,3.95,BG300,4782.8,11319.16,3710.4,26716.06,6516.15,13975.7,2197.5,69088.37,12992.06,5.11
8.4424,80.5172,Anuradhapura,2013,Yala,Clay,1816.73,26.04,76.49,2.15,BG352,4749.63,13447.57,2924.07,19723.36,3445.25,9750.89,1570.6,54909.12,6461.93,8.17
7.4776,80.3419,Kurunegala,2013,Yala,Loam,1277.79,27.22,71.97,3.47,At402,6870.07,9198.27,1714.33,13692.59,6449.41,8918.74,3354.07,50402.6,8804.24,5.5
7.3632,81.7372,Ampara,2013,Yala,Loam,2092.74,31.44,83.12,1.3,BG352,5606.87,16302.71,4730.17,13050.92,3146.07,7167.77,3211.76,53739.16,2835.51,18.21
7.653,81.7779,Batticaloa,2013,Maha,Loam,2274.96,30.68,79.25,2.35,BG352,6217.01,11966.36,1850.33,20773.28,5785.26,10670.55,993.68,58727.51,5065.38,11.14
8.0549,81.0577,Polonnaruwa,2013,Yala,Sandy Loam,1040.75,26.46,79.28,4.59,BG352,5570.44,11496.24,1992.49,23147.23,5849.84,9827.56,3375.1,62023.15,9916.96,6.01
9.6501,80.0436,Jaffna,2013,Maha,Clay,1784.99,28.01,85.86,3.1,BG358,6122.62,14458.97,2948.47,27397.47,4660.72,7448.26,3112.78,66631.83,7438.29,8.61
8.3291,80.4699,Anuradhapura,2013,Maha,Loam,1184.5,29.91,76.86,3.78,BG352,6224.6,14929.79,3924.27,19414.64,5236.36,8704.16,1830.72,60740.03,10106.07,5.78
7.3121,81.6904,Ampara,2013,Yala,Loam,1449.09,28.51,86.09,1.75,BG300,3681.54,16033.96,1674.57,28758.73,5252.22,14619.51,1792.24,71013.62,5757.04,11.86
9.7908,80.1847,Jaffna,2013,Yala,Sandy Loam,1610.66,26.46,76.98,1.0,BG358,7122.67,15937.61,1883.39,28056.05,4617.73,8962.81,1075.64,67656.92,3409.49,19.07
9.6951,80.0377,Jaffna,2013,Yala,Clay,2060.63,26.35,71.46,2.31,BG358,4168.66,8875.82,2570.14,25561.08,6290.5,10091.55,3804.54,61068.56,6322.53,9.28
7.6211,81.7792,Batticaloa,2013,Maha,Silt,1339.04,30.48,89.58,3.22,At306,4528.73,12977.15,2049.91,26962.58,4537.55,10564.77,2750.67,64576.69,6058.46,10.24
7.6211,81.7792,Batticaloa,2014,Maha,Silt,1339.04,30.48,89.58,3.22,At306,4755.17,13626.01,2152.41,28310.71,4764.43,11093.01,2888.21,67805.52,6119.05,10.75
9.6951,80.0377,Jaffna,2014,Yala,Clay,2060.63,26.35,71.46,2.31,BG358,4377.09,9319.61,2698.65,26839.13,6605.02,10596.13,3994.77,64121.99,6385.76,9.74
9.7908,80.1847,Jaffna,2014,Yala,Sandy Loam,1610.66,26.46,76.98,1.0,BG358,7478.8,16734.49,1977.56,29458.85,4848.62,9410.95,1129.42,71039.77,3443.59,20.02
7.3121,81.6904,Ampara,2014,Yala,Loam,1449.09,28.51,86.09,1.75,BG300,3865.61,16835.66,1758.3,30196.67,5514.83,15350.48,1881.85,74564.3,5814.61,12.45
8.3291,80.4699,Anuradhapura,2014,Maha,Loam,1184.5,29.91,76.86,3.78,BG352,6535.83,15676.28,4120.48,20385.38,5498.18,9139.37,1922.25,63777.03,10207.13,6.06
9.6501,80.0436,Jaffna,2014,Maha,Clay,1784.99,28.01,85.86,3.1,BG358,6428.75,15181.92,3095.89,28767.35,4893.76,7820.68,3268.42,69963.42,7512.67,9.04
8.0549,81.0577,Polonnaruwa,2014,Yala,Sandy Loam,1040.75,26.46,79.28,4.59,BG352,5848.97,12071.05,2092.12,24304.59,6142.33,10318.94,3543.85,65124.31,10016.13,6.31
7.653,81.7779,Batticaloa,2014,Maha,Loam,2274.96,30.68,79.25,2.35,BG352,6527.86,12564.67,1942.85,21811.94,6074.52,11204.08,1043.37,61663.89,5116.03,11.7
7.4776,80.3419,Kurunegala,2014,Yala,Loam,1277.79,27.22,71.97,3.47,At402,7213.57,9658.19,1800.05,14377.22,6771.88,9364.67,3521.77,52922.73,8892.28,5.78
7.4679,80.4119,Kurunegala,2014,Maha,Silt,1660.23,26.85,79.9,0.65,BG358,8090.05,9593.23,4016.92,18342.92,4837.78,12186.36,1502.58,59381.12,2211.43,26.06
7.4463,80.4229,Kurunegala,2014,Maha,Silt,1175.6,27.0,85.23,3.28,BG300,3202.99,7782.55,4149.77,14214.67,6141.28,13977.89,1144.93,49896.82,12640.57,3.84
7.7355,81.7996,Batticaloa,2014,Maha,Silt,1335.39,32.74,70.24,4.86,At402,2852.5,16148.34,3551.06,30112.77,2910.25,12266.59,4213.12,72094.54,15022.34,4.66
7.3632,81.7372,Ampara,2014,Yala,Loam,2092.74,31.44,83.12,1.3,BG352,5887.22,17117.84,4966.68,13703.46,3303.38,7526.16,3372.35,56426.11,2863.86,19.13
7.3769,81.7659,Ampara,2014,Maha,Loam,1288.43,26.29,73.38,1.75,BG352,3661.87,7830.2,2144.51,20918.33,3482.71,10137.57,2603.32,51107.45,3204.26,15.48
7.3441,81.7498,Ampara,2014,Yala,Sandy Loam,2198.17,32.99,77.01,3.95,BG300,5021.94,11885.12,3895.92,28051.86,6841.96,14674.48,2307.37,72542.78,13121.98,5.36
8.4424,80.5172,Anuradhapura,2014,Yala,Clay,1816.73,26.04,76.49,2.15,BG352,4987.12,14119.95,3070.28,20709.53,3617.51,10238.44,1649.14,57654.58,6526.55,8.58
8.0858,81.0871,Polonnaruwa,2014,Yala,Clay,1833.15,31.38,88.9,4.32,BG300,4087.2,11581.06,2173.97,29440.47,5209.69,8614.5,3184.8,64495.77,10851.18,5.77
8.4424,80.5172,Anuradhapura,2015,Yala,Clay,1816.73,26.04,76.49,2.15,BG352,5236.47,14825.95,3223.79,21745.01,3798.39,10750.36,1731.59,60537.31,6591.81,9.01
7.4679,80.4119,Kurunegala,2015,Maha,Silt,1660.23,26.85,79.9,0.65,BG358,8494.55,10072.89,4217.77,19260.06,5079.67,12795.67,1577.71,62350.18,2233.55,27.37
7.4463,80.4229,Kurunegala,2015,Maha,Silt,1175.6,27.0,85.23,3.28,BG300,3363.14,8171.68,4357.26,14925.41,6448.34,14676.78,1202.18,52391.66,12766.97,4.03
7.7355,81.7996,Batticaloa,2015,Maha,Silt,1335.39,32.74,70.24,4.86,At402,2995.12,16955.76,3728.62,31618.41,3055.76,12879.92,4423.77,75699.27,15172.56,4.89
8.0858,81.0871,Polonnaruwa,2015,Yala,Clay,1833.15,31.38,88.9,4.32,BG300,4291.56,12160.12,2282.67,30912.49,5470.18,9045.22,3344.04,67720.56,10959.69,6.06
7.3769,81.7659,Ampara,2015,Maha,Loam,1288.43,26.29,73.38,1.75,BG352,3844.96,8221.71,2251.74,21964.24,3656.84,10644.45,2733.49,53662.82,3236.3,16.25
7.3441,81.7498,Ampara,2015,Yala,Sandy Loam,2198.17,32.99,77.01,3.95,BG300,5273.03,12479.37,4090.72,29454.46,7184.05,15408.21,2422.74,76169.92,13253.2,5.63
7.4776,80.3419,Kurunegala,2015,Yala,Loam,1277.79,27.22,71.97,3.47,At402,7574.25,10141.1,1890.05,15096.08,7110.48,9832.91,3697.86,55568.87,8981.21,6.07
7.3632,81.7372,Ampara,2015,Yala,Loam,2092.74,31.44,83.12,1.3,BG352,6181.58,17973.73,5215.01,14388.63,3468.54,7902.47,3540.97,59247.42,2892.5,20.08
7.653,81.7779,Batticaloa,2015,Maha,Loam,2274.96,30.68,79.25,2.35,BG352,6854.25,13192.91,2039.99,22902.54,6378.25,11764.28,1095.54,64747.08,5167.19,12.28
8.0549,81.0577,Polonnaruwa,2015,Yala,Sandy Loam,1040.75,26.46,79.28,4.59,BG352,6141.41,12674.6,2196.73,25519.82,6449.45,10834.88,3721.04,68380.53,10116.29,6.63
9.6501,80.0436,Jaffna,2015,Maha,Clay,1784.99,28.01,85.86,3.1,BG358,6750.19,15941.02,3250.68,30205.71,5138.45,8211.71,3431.84,73461.59,7587.8,9.49
8.3291,80.4699,Anuradhapura,2015,Maha,Loam,1184.5,29.91,76.86,3.78,BG352,6862.62,16460.09,4326.5,21404.64,5773.09,9596.34,2018.37,66965.89,10309.2,6.37
7.3121,81.6904,Ampara,2015,Yala,Loam,1449.09,28.51,86.09,1.75,BG300,4058.89,17677.44,1846.21,31706.5,5790.58,16118.0,1975.95,78292.52,5872.76,13.07
9.7908,80.1847,Jaffna,2015,Yala,Sandy Loam,1610.66,26.46,76.98,1.0,BG358,7852.74,17571.21,2076.44,30931.79,5091.05,9881.5,1185.9,74591.76,3478.02,21.02
9.6951,80.0377,Jaffna,2015,Yala,Clay,2060.63,26.35,71.46,2.31,BG358,4595.95,9785.59,2833.58,28181.09,6935.27,11125.93,4194.5,67328.09,6449.61,10.23
7.6211,81.7792,Batticaloa,2015,Maha,Silt,1339.04,30.48,89.58,3.22,At306,4992.93,14307.31,2260.03,29726.24,5002.65,11647.66,3032.62,71195.8,6180.24,11.29
7.4679,80.4119,Kurunegala,2016,Maha,Silt,1660.23,26.85,79.9,0.65,BG358,8919.28,10576.53,4428.66,20223.07,5333.66,13435.46,1656.59,65467.69,2255.88,28.73
7.4463,80.4229,Kurunegala,2016,Maha,Silt,1175.6,27.0,85.23,3.28,BG300,3531.3,8580.27,4575.12,15671.68,6770.76,15410.62,1262.29,55011.25,12894.64,4.23
7.7355,81.7996,Batticaloa,2016,Maha,Silt,1335.39,32.74,70.24,4.86,At402,3144.88,17803.54,3915.05,33199.33,3208.55,13523.91,4644.96,79484.23,15324.29,5.13
8.0858,81.0871,Polonnaruwa,2016,Yala,Clay,1833.15,31.38,88.9,4.32,BG300,4506.13,12768.12,2396.8,32458.11,5743.69,9497.49,3511.24,71106.59,11069.29,6.36
7.3769,81.7659,Ampara,2016,Maha,Loam,1288.43,26.29,73.38,1.75,BG352,4037.21,8632.79,2364.32,23062.46,3839.69,11176.68,2870.16,56345.96,3268.66,17.07
7.3441,81.7498,Ampara,2016,Yala,Sandy Loam,2198.17,32.99,77.01,3.95,BG300,5536.69,13103.34,4295.26,30927.18,7543.26,16178.62,2543.88,79978.42,13385.73,5.91
8.4424,80.5172,Anuradhapura,2016,Yala,Clay,1816.73,26.04,76.49,2.15,BG352,5498.3,15567.25,3384.98,22832.26,3988.3,11287.88,1818.17,63564.17,6657.73,9.46
7.4776,80.3419,Kurunegala,2016,Yala,Loam,1277.79,27.22,71.97,3.47,At402,7952.96,10648.15,1984.55,15850.89,7466.0,10324.55,3882.75,58347.31,9071.02,6.37
9.7908,80.1847,Jaffna,2016,Yala,Sandy Loam,1610.66,26.46,76.98,1.0,BG358,8245.38,18449.77,2180.26,32478.38,5345.6,10375.57,1245.19,78321.34,3512.8,22.08
7.653,81.7779,Batticaloa,2016,Maha,Loam,2274.96,30.68,79.25,2.35,BG352,7196.96,13852.55,2141.99,24047.67,6697.16,12352.5,1150.31,67984.44,5218.86,12.9
8.0549,81.0577,Polonnaruwa,2016,Yala,Sandy Loam,1040.75,26.46,79.28,4.59,BG352,6448.49,13308.33,2306.56,26795.81,6771.92,11376.63,3907.1,71799.55,10217.46,6.96
9.6501,80.0436,Jaffna,2016,Maha,Clay,1784.99,28.01,85.86,3.1,BG358,7087.7,16738.07,3413.22,31716.0,5395.37,8622.3,3603.43,77134.67,7663.67,9.96
8.3291,80.4699,Anuradhapura,2016,Maha,Loam,1184.5,29.91,76.86,3.78,BG352,7205.75,17283.1,4542.83,22474.88,6061.74,10076.15,2119.29,70314.18,10412.3,6.69
7.3121,81.6904,Ampara,2016,Yala,Loam,1449.09,28.51,86.09,1.75,BG300,4261.84,18561.31,1938.52,33291.83,6080.1,16923.9,2074.74,82207.14,5931.49,13.72
9.6951,80.0377,Jaffna,2016,Yala,Clay,2060.63,26.35,71.46,2.31,BG358,4825.74,10274.87,2975.26,29590.14,7282.04,11682.23,4404.23,70694.5,6514.11,10.74
7.3632,81.7372,Ampara,2016,Yala,Loam,2092.74,31.44,83.12,1.3,BG352,6490.66,18872.42,5475.76,15108.07,3641.97,8297.59,3718.02,62209.79,2921.43,21.09
7.6211,81.7792,Batticaloa,2016,Maha,Silt,1339.04,30.48,89.58,3.22,At306,5242.57,15022.68,2373.03,31212.55,5252.78,12230.05,3184.25,74755.59,6242.04,11.86
7.6211,81.7792,Batticaloa,2017,Maha,Silt,1339.04,30.48,89.58,3.22,At306,5504.7,15773.81,2491.68,32773.18,5515.42,12841.55,3343.46,78493.37,6304.46,12.45
9.6951,80.0377,Jaffna,2017,Yala,Clay,2060.63,26.35,71.46,2.31,BG358,5067.03,10788.61,3124.02,31069.65,7646.14,12266.34,4624.44,74229.22,6579.25,11.28
9.7908,80.1847,Jaffna,2017,Yala,Sandy Loam,1610.66,26.46,76.98,1.0,BG358,8657.65,19372.26,2289.27,34102.3,5612.88,10894.35,1307.45,82237.41,3547.93,23.18
7.3441,81.7498,Ampara,2017,Yala,Sandy Loam,2198.17,32.99,77.01,3.95,BG300,5813.52,13758.51,4510.02,32473.54,7920.42,16987.55,2671.07,83977.34,13519.59,6.21
7.3121,81.6904,Ampara,2017,Yala,Loam,1449.09,28.51,86.09,1.75,BG300,4474.93,19489.38,2035.45,34956.42,6384.11,17770.1,2178.48,86317.5,5990.8,14.41
7.4776,80.3419,Kurunegala,2017,Yala,Loam,1277.79,27.22,71.97,3.47,At402,8350.61,11180.56,2083.78,16643.43,7839.3,10840.78,4076.89,61264.68,9161.73,6.69
8.4424,80.5172,Anuradhapura,2017,Yala,Clay,1816.73,26.04,76.49,2.15,BG352,5773.21,16345.61,3554.23,23973.87,4187.72,11852.27,1909.08,66742.38,6724.31,9.93
7.3632,81.7372,Ampara,2017,Yala,Loam,2092.74,31.44,83.12,1.3,BG352,6815.19,19816.04,5749.55,15863.47,3824.07,8712.47,3903.92,65320.28,2950.64,22.14
7.653,81.7779,Batticaloa,2017,Maha,Loam,2274.96,30.68,79.25,2.35,BG352,7556.81,14545.18,2249.09,25250.05,7032.02,12970.12,1207.83,71383.66,5271.05,13.54
7.3769,81.7659,Ampara,2017,Maha,Loam,1288.43,26.29,73.38,1.75,BG352,4239.07,9064.43,2482.54,24215.58,4031.67,11735.51,3013.67,59163.26,3301.35,17.92
8.3291,80.4699,Anuradhapura,2017,Maha,Loam,1184.5,29.91,76.86,3.78,BG352,7566.04,18147.25,4769.97,23598.62,6364.83,10579.96,2225.25,73829.89,10516.42,7.02
8.0858,81.0871,Polonnaruwa,2017,Yala,Clay,1833.15,31.38,88.9,4.32,BG300,4731.44,13406.53,2516.64,34081.02,6030.87,9972.36,3686.8,74661.92,11179.98,6.68
9.6501,80.0436,Jaffna,2017,Maha,Clay,1784.99,28.01,85.86,3.1,BG358,7442.08,17574.97,3583.88,33301.8,5665.14,9053.41,3783.6,80991.4,7740.31,10.46
7.4679,80.4119,Kurunegala,2017,Maha,Silt,1660.23,26.85,79.9,0.65,BG358,9365.24,11105.36,4650.09,21234.22,5600.34,14107.23,1739.42,68741.07,2278.44,30.17
7.7355,81.7996,Batticaloa,2017,Maha,Silt,1335.39,32.74,70.24,4.86,At402,3302.12,18693.72,4110.8,34859.3,3368.98,14200.11,4877.21,83458.44,15477.53,5.39
7.4463,80.4229,Kurunegala,2017,Maha,Silt,1175.6,27.0,85.23,3.28,BG300,3707.86,9009.28,4803.88,16455.26,7109.3,16181.15,1325.4,57761.81,13023.59,4.44
8.0549,81.0577,Polonnaruwa,2017,Yala,Sandy Loam,1040.75,26.46,79.28,4.59,BG352,6770.91,13973.75,2421.89,28135.6,7110.52,11945.46,4102.45,75389.53,10319.63,7.31
9.6315,80.2402,Jaffna,2018,Maha,Clay,2043.62,29.18,82.55,3.13,At402,9308.11,8545.36,3123.85,34008.23,7451.32,12923.54,3480.53,78395.7,6929.4,11.31
9.7211,80.0248,Jaffna,2018,Maha,Silt,1979.74,32.57,87.42,3.95,At306,8519.13,15979.82,3041.15,33143.9,6353.66,14285.73,1443.96,82661.46,11110.51,7.44
8.384,80.4904,Anuradhapura,2018,Maha,Sandy Loam,1279.86,32.25,80.79,4.13,BG352,9272.64,11816.04,2440.21,19558.7,5135.54,17634.19,4442.92,69314.14,12074.65,5.74
8.0247,80.9795,Polonnaruwa,2018,Yala,Silt,1086.67,30.87,89.67,1.58,BG358,3995.75,9456.62,3213.1,17020.92,6460.81,7809.79,3037.69,51988.07,5673.36,9.16
9.7931,80.083,Jaffna,2018,Yala,Clay,1262.26,29.52,77.97,1.16,At402,5572.74,8818.07,2103.25,17703.33,7815.58,14143.88,4863.29,60885.14,2883.75,21.11
8.4256,80.5394,Anuradhapura,2018,Yala,Clay,2369.86,29.58,80.03,4.09,At402,7549.75,16423.6,5183.17,32800.11,4689.98,11882.58,1375.93,80061.68,7685.41,10.42
7.3686,80.4485,Kurunegala,2018,Yala,Clay,2042.72,28.83,78.56,3.73,BG352,7847.05,19895.07,2513.58,17082.19,6621.69,14519.03,2096.64,69734.09,7416.91,9.4
7.3916,81.6118,Ampara,2018,Maha,Loam,1711.26,26.68,79.83,2.63,BG300,4212.41,13206.22,3594.02,27317.0,6175.47,7588.95,2498.45,64844.24,7645.15,8.48
8.4028,80.4079,Anuradhapura,2018,Maha,Silt,2197.57,31.76,87.15,4.62,At306,6016.9,11826.4,4328.79,22423.45,6005.37,16172.62,3753.62,70276.26,10011.97,7.02
7.385,81.647,Ampara,2018,Maha,Clay,1695.55,28.47,81.67,0.85,At402,9820.76,19834.53,4792.65,25721.93,4547.64,17579.34,3738.92,85361.0,3233.43,26.4
7.6106,81.6537,Batticaloa,2018,Yala,Silt,1908.67,28.55,74.36,4.95,At402,6178.01,16259.29,2562.21,24711.79,3137.68,13570.92,4856.07,71044.38,9334.67,7.61
7.4919,80.3335,Kurunegala,2018,Yala,Clay,1046.43,28.72,73.2,0.61,BG358,8293.5,13502.28,3156.98,33001.66,3580.69,19426.94,2255.87,83994.73,1907.15,44.04
7.5115,80.2881,Kurunegala,2018,Yala,Loam,2412.2,28.7,89.22,4.57,At306,4370.54,8832.34,2403.11,15364.44,3472.21,15879.09,1284.75,51244.43,16720.38,3.06
8.3371,80.4301,Anuradhapura,2018,Yala,Loam,1660.66,28.12,75.19,1.38,BG358,3403.53,12109.38,3080.99,34328.35,5788.54,11514.6,3321.87,72825.65,3832.12,19.0
8.3812,80.3511,Anuradhapura,2018,Yala,Sandy Loam,1406.12,30.51,78.17,0.61,BG352,4093.07,16591.67,4635.7,15541.92,4109.86,10003.97,3687.57,57703.18,1237.71,46.62
7.8498,81.8172,Batticaloa,2018,Maha,Sandy Loam,1439.82,28.3,83.45,3.89,At306,8541.05,17475.42,2364.82,24888.41,3287.79,14143.88,2766.12,74242.9,10005.13,7.42
8.4122,80.5398,Anuradhapura,2018,Maha,Clay,1045.98,27.8,79.25,4.41,At402,8090.18,16912.48,3701.97,21918.7,4855.19,19839.44,1160.44,77212.46,13552.31,5.7
7.4434,80.3958,Kurunegala,2018,Maha,Silt,1034.91,31.7,75.64,1.03,BG358,7877.16,15547.31,5509.89,29701.42,7017.4,10666.45,1709.76,78530.62,3682.29,21.33
8.2977,80.4447,Anuradhapura,2018,Maha,Silt,2424.94,31.5,71.79,2.38,BG358,9153.83,19336.78,3869.61,27268.23,3835.17,19885.19,1926.69,86160.96,7685.55,11.21
7.9925,81.0749,Polonnaruwa,2018,Yala,Clay,2239.69,28.24,87.91,2.25,BG300,3075.86,18864.58,2365.15,21386.27,7750.31,19357.89,3293.75,76357.48,6269.81,12.18
7.9336,81.0214,Polonnaruwa,2018,Maha,Loam,1911.61,29.59,74.61,1.29,BG300,4543.4,10237.26,5118.34,22002.51,3289.21,19598.33,4535.14,70179.69,5145.55,13.64
7.9395,81.0205,Polonnaruwa,2018,Maha,Silt,1223.19,29.24,89.62,2.68,At306,9044.83,15064.78,3501.32,20715.67,4016.12,16903.38,2546.16,71814.81,7726.75,9.29
9.7381,80.1568,Jaffna,2018,Yala,Clay,1398.4,26.91,87.77,4.8,At402,9034.89,17714.19,4620.97,26017.15,3434.93,12309.89,2490.75,75142.28,16279.32,4.62
7.7522,81.6979,Batticaloa,2019,Yala,Clay,2294.2,27.52,71.91,0.61,At402,7493.8,15285.13,4186.79,19638.94,4954.53,14728.19,2987.07,70250.02,1281.1,54.84
9.716,80.165,Jaffna,2019,Yala,Silt,2488.73,32.49,80.8,4.29,BG358,6646.71,15483.03,2356.5,30105.41,3638.57,17738.88,4128.11,80514.7,8063.28,9.99
7.3531,80.2788,Kurunegala,2019,Maha,Silt,1759.21,29.08,72.11,3.38,BG358,4512.27,15435.06,4600.8,18040.5,3306.75,17149.9,2839.2,65000.81,13481.83,4.82
7.4449,81.7107,Ampara,2019,Yala,Clay,1047.38,32.55,71.04,2.94,BG300,7963.42,18451.63,4856.35,31034.56,4697.25,17592.73,1320.46,86706.03,8833.83,9.82
7.776,81.6701,Batticaloa,2019,Yala,Clay,2202.31,32.72,79.76,0.99,BG300,6835.72,13452.53,5377.43,16961.65,5441.21,8950.63,2298.7,59792.58,2818.77,21.21
9.6824,80.1705,Jaffna,2019,Maha,Sandy Loam,2352.64,29.23,82.74,3.47,BG300,9265.82,15640.04,4455.73,16333.04,5592.04,8952.2,3949.74,64213.05,11438.86,5.61
7.4224,80.4495,Kurunegala,2019,Yala,Clay,2387.04,32.14,75.16,3.47,BG300,8720.56,14662.41,4118.6,19837.05,3465.51,18663.8,4601.67,74335.8,8834.15,8.41
7.6534,81.7446,Batticaloa,2019,Maha,Loam,1502.8,31.62,70.09,2.0,At402,5787.18,14448.75,5679.42,21926.92,4734.77,16587.52,2808.87,71422.64,5590.73,12.78
7.483,80.3258,Kurunegala,2019,Yala,Silt,1917.18,26.13,87.44,4.69,At402,6955.93,16359.81,5690.0,29144.77,3762.7,14491.75,3426.86,79680.08,16040.63,4.97
7.439,81.7382,Ampara,2019,Maha,Loam,1927.38,28.58,79.25,3.86,At402,3256.78,11029.24,4853.4,32904.14,5558.39,13917.48,1428.69,72842.94,11470.99,6.35
8.3795,80.5317,Anuradhapura,2019,Maha,Clay,1682.11,29.61,79.78,3.5,BG352,3977.56,8359.68,3231.72,29093.62,4009.27,15754.62,4879.65,68493.92,11479.04,5.97
7.6528,81.7821,Batticaloa,2019,Maha,Sandy Loam,1538.85,30.15,73.27,2.26,At402,9785.89,11097.6,4626.95,21503.8,6867.37,8701.36,4879.28,67369.83,5241.64,12.85
7.8284,81.7262,Batticaloa,2019,Yala,Clay,1604.47,27.21,83.9,2.06,BG352,9829.27,15691.66,5289.92,17650.49,7310.07,18995.84,2948.25,77928.01,7174.12,10.86
7.4125,80.301,Kurunegala,2019,Yala,Clay,2130.94,31.63,70.36,4.83,BG300,8086.7,11657.01,5317.58,20630.42,7363.77,8463.55,3814.74,65415.17,9719.78,6.73
7.4299,81.6644,Ampara,2019,Maha,Sandy Loam,1675.53,31.24,83.02,3.29,BG358,5466.62,18097.37,3885.15,34582.1,6170.71,8641.44,3704.71,80198.31,10889.64,7.36
9.6262,80.0942,Jaffna,2019,Maha,Sandy Loam,1167.27,29.61,75.35,4.26,At306,3102.85,12549.13,3349.38,15386.55,3621.84,12377.35,2971.46,53167.14,12643.95,4.2
8.0455,81.0638,Polonnaruwa,2019,Maha,Clay,1341.62,32.75,88.19,3.75,BG352,6733.71,18439.63,2522.61,30810.2,3624.1,17324.74,2103.07,82312.24,14538.35,5.66
9.7357,80.071,Jaffna,2019,Yala,Clay,2111.36,28.21,72.04,2.12,At402,4892.75,18112.54,3253.39,30778.65,7459.36,12639.63,4639.77,81530.73,8312.46,9.81
9.6753,80.1979,Jaffna,2019,Maha,Silt,2053.81,28.09,72.11,4.02,At402,7509.04,8578.23,3440.2,34136.0,5502.01,12625.48,2830.8,74039.53,10496.85,7.05
9.7192,80.2208,Jaffna,2019,Maha,Clay,1002.35,30.45,71.02,1.66,BG300,3416.67,15245.55,4746.36,17289.75,4919.19,12931.07,2476.21,60266.85,4518.0,13.34
8.3252,80.4407,Anuradhapura,2019,Yala,Loam,2489.23,26.92,75.49,2.28,BG358,5952.8,12932.25,5630.44,29280.65,6039.53,11021.85,4295.16,76062.8,8223.13,9.25
8.0835,80.9945,Polonnaruwa,2019,Yala,Silt,1890.34,26.51,82.45,4.92,At402,4330.75,17511.14,5631.6,33874.03,7800.68,13778.98,4909.23,88351.03,10605.93,8.33
8.3633,80.4302,Anuradhapura,2019,Maha,Clay,1858.07,29.59,75.87,4.69,At402,5779.11,9045.11,4468.27,17276.77,4726.12,13596.36,4496.89,59375.72,15687.91,3.78
7.6101,81.6562,Batticaloa,2020,Maha,Clay,1358.17,26.77,77.09,1.79,At402,5074.16,10803.29,2168.37,15357.48,7938.61,12561.05,2537.31,56799.56,4081.48,13.92
7.7711,81.7075,Batticaloa,2020,Maha,Silt,2153.96,26.08,78.32,2.67,BG300,3134.35,11117.76,5041.16,17742.19,5676.55,9797.62,1048.48,53040.51,10538.28,5.03
7.7481,81.7145,Batticaloa,2020,Maha,Loam,1925.39,32.87,82.64,1.67,At306,7438.04,14479.82,5119.38,17139.61,6805.14,14036.47,4851.97,69554.17,5330.25,13.05
7.7016,81.761,Batticaloa,2020,Yala,Silt,1648.5,32.61,78.39,3.37,At306,5783.16,11290.58,5935.91,23186.68,7470.5,9989.41,1852.42,64570.93,10897.46,5.93
7.6278,81.7983,Batticaloa,2020,Maha,Sandy Loam,1561.81,32.66,84.64,3.19,BG300,4092.13,9871.93,2232.33,32323.52,6005.58,16204.94,1082.34,72752.59,11584.08,6.28
8.0085,80.9832,Polonnaruwa,2020,Yala,Silt,1368.02,28.73,75.77,2.1,At402,8033.32,11565.46,4265.62,24521.01,6318.36,19178.79,3930.29,77242.73,3924.07,19.68
7.9613,80.9461,Polonnaruwa,2020,Yala,Clay,2196.34,28.17,79.1,0.55,At402,3507.13,12709.92,3919.76,27000.41,4458.31,16034.76,4440.49,72630.48,1037.94,69.98
9.6476,80.1672,Jaffna,2020,Maha,Silt,2284.73,30.61,73.26,0.82,BG352,7496.93,8318.14,4343.1,33804.6,5877.37,12046.21,3573.15,75376.01,2460.29,30.64
7.4713,80.4081,Kurunegala,2020,Yala,Silt,1657.92,31.08,79.73,4.43,At306,9304.91,13060.65,3107.31,26847.01,7561.82,9738.61,3491.87,73375.3,15118.92,4.85
8.2758,80.4565,Anuradhapura,2020,Yala,Clay,1645.79,27.0,87.8,2.06,At306,4081.22,8305.37,4583.29,27738.05,4703.02,7932.25,2638.52,59604.15,6776.71,8.8
7.7474,81.8108,Batticaloa,2020,Yala,Clay,1183.16,29.17,88.68,1.92,At402,6550.64,8498.87,2593.37,34732.6,7825.59,7064.22,4807.25,72350.78,7122.09,10.16
7.2686,81.6443,Ampara,2020,Yala,Loam,1552.79,32.05,79.46,4.86,At306,4298.68,18423.48,5106.39,30418.44,7223.92,16893.31,3504.88,85131.59,9095.77,9.36
8.3414,80.3789,Anuradhapura,2020,Maha,Clay,1799.44,28.27,76.66,3.51,BG358,9958.98,15942.07,4231.13,29613.01,5326.03,7781.85,3249.19,77017.51,7671.69,10.04
9.7742,80.1549,Jaffna,2020,Yala,Sandy Loam,1062.51,26.59,84.33,0.82,BG352,3498.8,8145.3,5826.01,29750.17,4766.26,10854.96,2398.81,65789.62,2669.11,24.65
7.4312,81.6038,Ampara,2020,Maha,Silt,1715.35,31.03,74.95,3.38,BG300,7666.2,9952.4,4260.34,30432.54,5494.48,7157.34,1036.15,65713.51,12971.18,5.07
7.9036,80.9618,Polonnaruwa,2020,Yala,Silt,1554.72,26.37,85.35,2.37,BG352,8755.26,18204.18,2847.98,28147.07,5361.41,18442.04,1862.96,83976.53,7434.82,11.3
7.6897,81.7296,Batticaloa,2020,Maha,Silt,1841.83,29.66,72.3,4.37,BG300,8059.7,8812.02,4831.34,25870.76,3408.63,12957.91,2938.79,66210.7,16957.94,3.9
7.3322,81.7353,Ampara,2020,Yala,Loam,1892.7,26.07,79.28,4.84,At306,6633.23,16130.51,3247.46,30479.83,6864.61,13776.85,4904.06,81287.65,8892.46,9.14
7.9475,80.9244,Polonnaruwa,2020,Yala,Silt,1343.02,30.44,74.44,1.95,BG300,8936.29,16746.34,2381.6,23574.04,3145.85,13251.57,3649.74,70922.44,4749.32,14.93
7.5104,80.4228,Kurunegala,2020,Yala,Sandy Loam,1168.06,28.78,89.39,4.39,BG300,8719.5,11094.83,2683.55,28372.86,7646.88,14237.92,3286.45,75601.95,15333.76,4.93
7.5244,80.4217,Kurunegala,2020,Maha,Silt,1280.57,28.27,78.51,2.78,BG358,4696.87,9378.04,4442.48,20772.61,5906.19,9006.72,2924.56,57192.65,5320.95,10.75
8.2963,80.4888,Anuradhapura,2020,Maha,Silt,1896.12,30.2,83.3,1.29,At306,9400.88,13025.25,3532.55,25378.35,3234.83,9161.68,3952.13,66851.27,4033.75,16.57
8.0641,81.0743,Polonnaruwa,2020,Maha,Sandy Loam,1504.91,26.94,71.27,4.95,At306,5256.48,17718.49,3018.56,28630.05,6801.14,14743.3,2886.3,78878.0,12709.18,6.21
7.7582,81.717,Batticaloa,2020,Yala,Sandy Loam,1211.29,27.23,79.97,2.39,BG352,9403.92,12348.73,4322.35,27645.29,3065.47,15625.99,1712.14,75046.03,5083.67,14.76
9.7604,80.0548,Jaffna,2020,Yala,Sandy Loam,1758.78,31.88,84.66,2.94,BG300,7132.43,14100.33,3190.19,26300.44,6444.43,18353.2,3545.17,79588.43,6327.34,12.58
7.7295,81.66,Batticaloa,2020,Maha,Silt,2199.87,27.25,83.05,1.57,BG352,3696.09,10918.07,4889.07,32113.93,7151.1,12163.39,3672.34,74013.96,3838.53,19.28
8.3909,80.3592,Anuradhapura,2020,Yala,Clay,2069.87,31.33,81.23,3.97,BG352,6456.57,14272.79,3710.16,15508.38,3539.46,7408.58,3545.64,54070.29,11587.86,4.67
8.3968,80.5431,Anuradhapura,2021,Yala,Silt,2321.31,32.1,70.58,4.22,At306,3902.09,12021.43,4974.03,18215.2,7089.84,17817.74,3029.87,66062.97,10260.86,6.44
9.6228,80.1075,Jaffna,2021,Yala,Loam,2310.55,31.07,72.41,4.56,BG300,3465.11,14407.61,2568.55,15234.13,5110.17,10835.53,2944.0,54719.5,8646.79,6.33
7.9315,81.0667,Polonnaruwa,2021,Maha,Loam,1930.46,30.93,74.26,1.11,BG300,3101.81,12207.05,4359.67,22844.88,5187.37,18754.06,2393.02,68875.84,3911.68,17.61
8.072,81.098,Polonnaruwa,2021,Maha,Clay,1197.35,31.01,88.18,1.31,BG352,4662.8,19656.74,2723.91,32087.7,5461.39,10214.0,4483.0,79180.15,3841.7,20.61
9.6421,80.0857,Jaffna,2021,Yala,Loam,1360.22,26.53,72.58,1.08,BG300,4063.32,9665.93,4563.5,18637.6,4728.34,18658.25,2895.85,63547.91,2353.43,27.0
8.3092,80.4222,Anuradhapura,2021,Maha,Sandy Loam,1525.94,26.23,71.57,2.29,BG358,3929.01,14810.49,4757.86,31011.73,4000.75,9177.27,1418.27,69378.24,7681.22,9.03
8.4234,80.3863,Anuradhapura,2021,Yala,Loam,2266.82,28.23,86.58,0.67,BG352,7173.89,10760.11,2482.27,16539.06,6481.44,11418.37,3899.07,57884.92,1670.74,34.65
7.7796,81.681,Batticaloa,2021,Maha,Clay,1738.94,26.08,79.37,0.75,At402,3831.73,9410.31,4596.84,29920.9,5916.84,19508.24,2499.48,75255.76,2783.19,27.04
9.6296,80.0319,Jaffna,2021,Yala,Clay,1363.71,27.88,77.55,0.59,BG358,5254.55,10537.38,3309.99,17395.24,7452.64,14716.7,3716.41,62961.25,1708.98,36.84
7.3438,81.7263,Ampara,2021,Maha,Loam,2339.64,26.44,87.67,2.52,At402,6573.03,15519.11,5705.53,15382.32,5384.22,15940.39,3890.83,68780.49,5281.31,13.02
7.9557,80.9139,Polonnaruwa,2021,Yala,Silt,2394.29,31.81,89.3,1.06,At402,8116.07,19260.09,2724.93,16329.93,6705.6,14468.15,4367.32,71251.63,3762.56,18.94
7.9364,80.9424,Polonnaruwa,2021,Yala,Loam,2460.23,32.78,84.99,1.09,At402,8307.84,8295.04,2088.49,21472.2,5443.22,17015.3,3733.18,66247.08,2618.16,25.3
8.0878,80.9231,Polonnaruwa,2021,Maha,Loam,1302.44,27.15,73.29,4.17,BG300,7656.38,14276.79,3435.32,32544.01,4962.23,17615.79,2756.54,83000.95,11750.62,7.06
7.307,81.7526,Ampara,2021,Yala,Sandy Loam,1211.2,30.36,85.63,3.1,At306,4028.74,17733.49,4543.82,22763.31,6370.65,10378.76,2380.77,69034.51,7561.24,9.13
8.019,81.0648,Polonnaruwa,2021,Yala,Clay,1665.63,32.08,73.54,3.62,At306,8866.81,19335.37,4732.99,24943.5,6089.24,18295.76,3282.44,84606.88,13930.08,6.07
8.45,80.381,Anuradhapura,2021,Maha,Clay,1442.95,26.96,83.03,3.82,BG358,5209.39,15737.99,3580.52,29264.14,3996.08,18572.8,2149.64,78246.13,7364.2,10.63
7.806,81.8319,Batticaloa,2021,Yala,Clay,1388.95,29.01,87.45,4.29,BG352,4302.71,17631.72,3832.75,24659.38,3667.4,8047.82,3911.76,66046.46,11845.0,5.58
8.3678,80.3532,Anuradhapura,2021,Maha,Sandy Loam,2285.77,32.34,75.54,4.93,At306,3984.98,10424.19,2736.9,32879.79,6271.46,8977.36,2761.29,68266.57,9779.25,6.98
7.676,81.7305,Batticaloa,2021,Yala,Silt,2034.29,30.74,74.31,3.46,BG300,5757.05,15814.8,2426.37,28156.91,7997.07,7626.76,4908.7,72501.48,12856.18,5.64
7.418,80.4075,Kurunegala,2021,Maha,Loam,2035.01,27.41,80.72,0.94,BG358,6152.6,17073.96,3390.29,28298.23,6977.25,19053.31,1938.57,82682.84,2007.2,41.19
7.4538,80.3384,Kurunegala,2021,Maha,Silt,2002.32,30.34,79.27,2.21,At306,9043.34,14228.98,3916.73,15512.84,4706.24,11942.54,2595.29,62106.3,6572.38,9.45
8.2648,80.539,Anuradhapura,2021,Yala,Loam,1308.53,26.85,82.3,3.99,At306,7507.33,14363.63,2167.8,34369.78,6993.57,10806.69,4919.88,81332.44,12294.51,6.62
7.5365,80.3084,Kurunegala,2021,Yala,Silt,2341.29,27.34,76.47,1.52,At306,5484.97,8833.09,4076.24,16352.25,7001.78,10038.26,3160.05,55706.8,4912.53,11.34
8.0537,80.968,Polonnaruwa,2021,Yala,Sandy Loam,1852.46,26.66,77.35,1.69,At306,4707.93,19676.13,3572.39,32840.93,6155.69,17332.55,3010.55,87449.98,4873.18,17.95
7.3218,81.6688,Ampara,2021,Maha,Silt,1814.04,26.99,86.04,0.84,At402,9908.21,17266.94,2794.86,15110.44,7077.31,16189.15,3916.03,72805.48,1648.83,44.16
9.6718,80.074,Jaffna,2021,Maha,Silt,1182.25,27.38,87.74,3.41,BG358,5001.35,17791.36,5445.48,31930.29,7594.63,10279.13,4020.17,81983.49,12454.67,6.58
7.4408,81.7752,Ampara,2021,Maha,Clay,1292.86,31.06,75.62,0.61,BG358,7518.31,10125.33,5761.83,34078.57,7574.32,11812.06,1061.83,78788.89,1672.62,47.11
7.326,81.6907,Ampara,2022,Maha,Loam,2361.35,27.75,78.21,3.9,BG358,4601.59,8923.76,3159.01,18224.43,7648.49,17505.56,3533.62,64339.38,13915.51,4.62
9.608,80.108,Jaffna,2022,Yala,Clay,2173.58,29.97,84.77,4.45,BG300,5828.98,11924.4,4670.37,31156.92,6811.43,17371.58,2742.33,81141.68,9186.85,8.83
7.4835,80.4476,Kurunegala,2022,Yala,Silt,2344.5,26.09,71.71,1.44,At402,3185.73,10177.23,4332.17,23428.49,7463.36,17626.77,2367.27,68099.87,3794.87,17.95
7.3927,81.6469,Ampara,2022,Yala,Clay,1027.59,32.4,72.36,3.09,BG352,4918.39,14650.14,4605.68,31594.84,4032.11,7142.95,1547.54,69291.69,11502.7,6.02
7.2686,81.6193,Ampara,2022,Maha,Clay,1362.84,26.09,79.38,1.86,At402,7188.5,11566.85,3199.68,29863.86,3240.71,18737.63,4409.06,78541.9,5775.46,13.6
9.7045,80.0397,Jaffna,2022,Yala,Silt,2023.93,27.69,84.28,4.2,At306,8627.71,14630.01,4080.68,17857.52,6876.73,10528.32,2986.78,65156.3,8796.57,7.41
8.0358,80.9105,Polonnaruwa,2022,Maha,Loam,1944.34,26.38,84.97,1.93,BG300,3000.94,14133.55,2187.41,20523.39,6534.88,7814.97,4357.35,57560.13,4522.01,12.73
7.3693,81.6691,Ampara,2022,Yala,Clay,1452.07,31.23,80.05,1.54,At306,9297.02,12606.69,4174.21,33129.44,6121.19,8519.67,4759.33,78862.97,3906.66,20.19
7.364,80.3828,Kurunegala,2022,Yala,Clay,2315.15,28.39,86.43,1.0,BG358,8925.17,9529.86,3589.15,30945.91,3749.59,9980.27,3889.01,71049.03,3210.52,22.13
7.9872,80.9058,Polonnaruwa,2022,Yala,Sandy Loam,1812.85,32.11,84.64,4.13,At306,7611.48,16307.32,5396.78,19993.36,5447.12,9875.72,4950.67,70470.57,7792.23,9.04
7.5435,80.309,Kurunegala,2022,Maha,Silt,2191.3,26.65,81.76,2.66,BG300,7496.28,8778.24,4319.94,26229.69,5803.3,14845.34,3705.87,71788.64,6366.99,11.28
7.3029,81.6247,Ampara,2022,Yala,Silt,1132.9,27.54,81.96,3.81,BG358,9988.43,19197.36,4570.26,23424.96,6180.89,17213.47,1473.34,81868.52,13897.22,5.89
8.3864,80.4834,Anuradhapura,2022,Yala,Sandy Loam,1130.38,29.76,81.74,3.85,BG352,6021.62,9530.96,3135.1,22261.65,6229.59,14420.12,2424.39,64996.46,12060.91,5.39
7.9311,81.0914,Polonnaruwa,2022,Maha,Clay,2409.25,32.26,81.96,4.65,At306,3619.45,10351.79,2180.91,21506.61,4943.39,10527.54,4314.95,57158.15,11243.96,5.08
8.3387,80.5401,Anuradhapura,2022,Maha,Loam,1384.8,30.58,73.96,3.04,At402,6247.53,19664.06,4434.11,21990.13,3570.48,8966.21,1901.27,66275.72,11160.92,5.94
9.7266,80.1371,Jaffna,2022,Yala,Loam,1104.46,27.22,87.11,1.52,At306,8859.29,11351.31,4571.53,28883.01,5563.27,10969.04,1850.58,71114.41,3752.4,18.95
9.6426,80.0663,Jaffna,2022,Maha,Sandy Loam,1170.34,30.7,80.41,3.98,BG358,6641.14,18226.18,4207.63,26218.76,7383.27,12245.28,1536.06,75515.89,13775.98,5.48
7.3108,81.642,Ampara,2022,Yala,Silt,2401.55,32.48,79.02,1.01,At306,9893.89,18066.78,2498.65,33416.84,7349.48,13744.89,3365.1,88133.64,1939.68,45.44
8.0592,80.9587,Polonnaruwa,2022,Yala,Sandy Loam,1563.83,28.76,79.19,4.03,BG352,9244.59,19464.02,5147.61,21308.14,6440.67,12688.84,2018.68,76994.29,7594.69,10.14
9.6569,80.1197,Jaffna,2022,Maha,Clay,2225.95,29.17,82.87,2.87,BG358,8121.13,8979.56,2241.41,19942.06,3797.72,18333.19,1876.86,64243.66,7293.16,8.81
7.3194,81.6857,Ampara,2022,Maha,Loam,1743.81,26.57,74.4,3.57,BG300,3532.92,18214.48,3980.59,24611.73,5962.04,17720.85,2391.24,76769.88,10869.26,7.06
7.9977,80.9224,Polonnaruwa,2022,Yala,Sandy Loam,1922.51,32.93,72.8,2.83,BG300,9141.61,16889.22,4788.06,29049.68,4797.46,10816.69,4237.44,80340.39,10492.39,7.66
7.3137,81.6198,Ampara,2022,Maha,Sandy Loam,2471.79,31.55,87.08,1.59,BG300,9724.39,10363.11,5805.72,34896.39,6558.61,19754.87,3278.16,89900.33,4390.61,20.48
9.752,80.1122,Jaffna,2022,Yala,Sandy Loam,1865.92,32.06,89.61,2.33,At306,8792.63,17174.33,4294.12,34120.94,4002.37,8420.43,4415.85,81098.97,8535.56,9.5
7.344,81.6817,Ampara,2022,Maha,Sandy Loam,1911.86,31.35,86.26,3.73,BG358,9688.67,8218.79,2783.11,15151.26,6237.37,18674.4,1973.93,63581.6,7208.55,8.82
8.3047,80.5025,Anuradhapura,2022,Yala,Clay,1723.06,27.37,82.22,1.76,BG352,4448.95,14198.87,2022.02,15153.28,4095.34,7477.38,1432.1,48505.66,6275.61,7.73
7.7269,81.6898,Batticaloa,2022,Maha,Clay,2449.98,32.75,87.06,1.83,At402,5695.68,18213.64,3267.69,18389.85,5784.01,19170.01,3784.12,74445.12,3685.23,20.2
7.5145,80.2711,Kurunegala,2022,Yala,Sandy Loam,1400.54,32.15,85.95,3.46,At306,8954.07,18407.53,4833.45,31740.27,6487.36,15841.83,3474.45,90244.39,7435.3,12.14
8.4103,80.4736,Anuradhapura,2022,Maha,Silt,2240.06,32.89,75.77,4.83,BG300,5726.37,12626.14,3361.55,25828.15,3770.73,14198.25,3166.82,69201.81,17552.36,3.94
8.4008,80.3951,Anuradhapura,2023,Yala,Clay,2237.57,29.49,71.54,0.76,At306,5339.67,17418.76,4830.72,30772.3,5586.35,12722.59,1589.81,77916.59,2093.68,37.22
7.779,81.6977,Batticaloa,2023,Maha,Loam,1891.2,28.67,89.4,4.29,At306,8868.3,13624.32,3659.28,20468.14,3281.88,18241.39,4251.6,73394.35,17128.26,4.28
7.9505,80.9232,Polonnaruwa,2023,Maha,Silt,1620.32,26.85,73.62,3.57,At306,4270.07,14301.96,4836.19,17137.54,5836.56,10335.32,4851.71,61536.44,12756.27,4.82
8.4452,80.5122,Anuradhapura,2023,Maha,Sandy Loam,1355.84,26.71,73.06,1.61,BG358,4124.77,10238.8,3140.38,18467.47,7483.83,8043.04,3098.05,54417.13,6377.59,8.53
7.4423,80.3064,Kurunegala,2023,Yala,Sandy Loam,2461.29,31.93,70.47,4.54,BG352,8482.39,17364.51,3831.98,22960.11,4514.58,7854.03,1912.94,66413.75,13006.96,5.11
7.6354,81.72,Batticaloa,2023,Maha,Clay,1133.93,30.81,79.88,2.24,BG358,7428.98,16446.29,2017.45,18339.06,6565.23,15663.01,4864.19,71846.29,8717.41,8.24
7.6248,81.7479,Batticaloa,2023,Yala,Clay,1616.64,28.43,88.0,0.6,BG358,7646.53,19560.73,4240.67,33736.45,3261.29,12444.31,2040.63,83392.25,2375.31,35.11
7.3293,81.6748,Ampara,2023,Maha,Loam,2019.43,26.53,75.49,4.13,BG352,6217.65,14558.93,3731.26,15878.0,3828.75,12792.04,1836.74,57943.33,15099.4,3.84
7.7852,81.7591,Batticaloa,2023,Maha,Clay,1318.51,27.27,73.67,1.87,BG300,6673.3,13183.34,3164.92,27237.06,3697.47,10797.88,2465.45,67131.56,6596.21,10.18
7.4497,81.7695,Ampara,2023,Maha,Silt,2232.46,29.21,77.16,2.72,At306,8797.74,12022.5,2695.05,29240.28,7129.89,8308.29,1959.5,69437.19,6978.08,9.95
7.4887,80.3076,Kurunegala,2023,Maha,Silt,2401.65,28.46,72.03,2.69,BG300,4797.44,11418.47,3229.16,31060.52,5695.81,11047.0,3441.34,71122.04,6455.39,11.02
9.638,80.0111,Jaffna,2023,Maha,Sandy Loam,1208.91,31.56,82.4,2.9,BG358,9257.25,17463.17,2606.7,21234.44,4242.45,16671.3,1134.13,72749.22,10084.49,7.21
7.6049,81.8261,Batticaloa,2023,Yala,Clay,1393.4,30.17,71.03,2.73,BG358,7177.9,12010.93,5083.65,17131.97,3375.69,16466.45,2981.97,64605.36,7525.57,8.58
9.6619,80.1021,Jaffna,2023,Yala,Sandy Loam,2040.92,29.8,75.04,2.06,BG352,4271.18,18901.41,4333.57,23017.03,5310.03,19314.68,1613.41,76933.77,6000.69,12.82
7.4319,81.6653,Ampara,2023,Maha,Sandy Loam,1533.08,31.49,81.08,0.52,BG352,8326.94,8423.74,4982.94,19049.61,7790.37,11783.23,2307.73,61962.34,1285.61,48.2
8.4461,80.4568,Anuradhapura,2023,Maha,Clay,2058.36,32.48,73.61,3.06,At306,9408.42,8407.35,4789.68,20946.98,7621.98,19623.76,4777.07,75523.67,11311.27,6.68
9.6766,80.214,Jaffna,2023,Maha,Loam,2488.24,31.96,74.17,4.69,At306,3814.56,17809.4,3522.49,32559.49,7340.28,17477.03,4160.12,86292.73,9276.93,9.3
8.4001,80.464,Anuradhapura,2023,Yala,Clay,2398.04,26.72,88.74,3.6,At306,3474.86,11611.56,4832.69,16347.01,5910.85,11496.48,3483.66,56248.59,13382.57,4.2
8.3328,80.5155,Anuradhapura,2023,Yala,Clay,2296.85,29.83,77.61,4.9,BG358,3775.04,13070.58,2168.1,29798.08,7590.38,10640.49,4433.37,71060.48,18638.1,3.81
7.7439,81.7937,Batticaloa,2023,Yala,Silt,1847.26,26.46,85.51,2.54,BG352,6670.73,13289.15,3603.05,26192.81,3776.2,9365.07,4447.14,68236.38,6658.05,10.25
7.2806,81.632,Ampara,2023,Maha,Silt,1523.81,31.08,87.94,4.49,At306,8459.13,15704.38,2336.56,18232.57,7492.77,14883.58,1036.79,67348.72,14636.07,4.6
7.4154,80.4022,Kurunegala,2023,Yala,Silt,1809.24,31.54,76.38,3.32,BG358,9201.84,15390.36,2931.84,15488.02,7350.49,7276.5,4498.81,62195.73,12834.95,4.85
9.7123,80.1675,Jaffna,2023,Yala,Silt,2338.45,27.3,71.58,1.58,BG300,8562.05,8416.04,4331.23,34908.75,7278.48,13778.79,1254.56,79192.65,4926.05,16.08
8.0507,81.0707,Polonnaruwa,2023,Maha,Silt,1369.6,31.73,85.99,3.63,BG352,4905.02,15082.77,3443.9,16831.64,7586.57,8778.64,4800.95,61321.5,8012.47,7.65
9.6051,80.078,Jaffna,2023,Yala,Sandy Loam,1260.84,28.77,85.16,3.63,BG300,4077.27,17790.0,2897.76,19476.35,5684.87,14708.22,3320.34,67137.78,13541.4,4.96
8.4144,80.511,Anuradhapura,2023,Yala,Clay,1451.32,27.99,70.74,3.24,BG352,6518.75,8617.75,3114.59,33165.32,4197.81,8883.63,2957.81,68426.96,7557.37,9.05
7.2997,81.638,Ampara,2024,Maha,Silt,2485.76,28.89,77.44,3.99,BG352,5385.62,19169.09,5433.65,23579.88,6754.36,16809.06,1412.5,79349.27,11617.11,6.83
7.403,80.4068,Kurunegala,2024,Yala,Silt,1561.41,28.59,86.26,4.76,At402,9902.01,17040.54,3505.04,16670.01,6885.73,14259.26,2696.89,71772.19,9732.46,7.37
8.3568,80.4119,Anuradhapura,2024,Maha,Loam,2155.24,31.65,72.4,1.7,At402,3122.87,11519.7,5092.57,25359.21,4740.48,11832.61,1005.41,62272.45,5477.76,11.37
7.4393,81.6444,Ampara,2024,Yala,Clay,1704.98,32.23,84.15,0.78,At306,4031.12,8094.1,4523.69,23953.47,3671.37,19453.14,3118.64,66329.32,2263.04,29.31
9.7753,80.0787,Jaffna,2024,Yala,Silt,2008.2,31.33,74.75,3.78,BG352,5574.48,15587.67,4534.12,25715.49,3451.45,17858.93,2283.12,74378.3,7143.09,10.41
9.6277,80.0625,Jaffna,2024,Yala,Clay,2121.17,29.32,71.16,4.81,At402,9599.07,17422.27,5965.31,25889.65,7813.84,7982.87,2462.72,76586.49,10730.31,7.14
9.6227,80.0159,Jaffna,2024,Yala,Clay,2323.62,31.63,80.1,4.85,At306,5924.33,19809.32,4671.68,27693.43,3829.77,18465.06,2709.96,82428.02,8864.52,9.3
8.0098,81.0855,Polonnaruwa,2024,Yala,Clay,1530.13,27.66,85.61,1.74,BG300,8758.3,13084.86,4670.2,16910.71,6119.3,12872.98,3346.43,65098.81,5952.75,10.94
8.0104,81.0087,Polonnaruwa,2024,Yala,Sandy Loam,1454.69,27.84,77.2,0.89,BG352,9558.7,14645.63,3222.1,22939.63,5236.01,14807.73,3062.72,74311.3,2575.05,28.86
7.9398,80.9769,Polonnaruwa,2024,Maha,Sandy Loam,2122.11,31.68,83.13,1.08,At306,5367.87,19137.0,2898.46,22443.34,5160.38,12712.26,3451.76,72057.22,2515.89,28.64
7.2875,81.6724,Ampara,2024,Yala,Clay,1825.34,26.3,82.66,4.78,BG352,7211.28,17830.27,5536.83,19561.6,4060.22,14942.75,2644.11,72466.78,18068.64,4.01
7.9886,80.9848,Polonnaruwa,2024,Yala,Loam,2126.77,26.5,71.6,2.1,BG352,9592.08,16022.87,4714.68,22238.4,5968.3,7131.71,3544.38,70038.99,6610.09,10.6
8.0414,81.0406,Polonnaruwa,2024,Maha,Sandy Loam,1995.71,29.32,86.88,4.13,BG358,7097.48,18419.26,2823.36,17238.39,4348.75,7742.13,3124.68,61667.26,7791.48,7.91
7.7616,81.7118,Batticaloa,2024,Maha,Loam,1692.34,26.07,74.93,3.77,BG352,9942.67,9190.14,3605.98,31001.42,4020.18,14216.1,3932.29,76140.75,8345.48,9.12
7.3728,80.2631,Kurunegala,2024,Maha,Clay,1273.18,31.53,83.17,2.74,BG352,6887.54,16630.42,2913.82,34926.68,7873.97,15454.23,1798.17,86845.29,5367.21,16.18
7.4393,81.6609,Ampara,2024,Maha,Clay,2094.26,31.36,73.18,3.25,BG352,3947.48,17016.5,4627.82,34132.29,3344.79,7741.71,2128.75,72462.75,7615.9,9.51
7.2813,81.6817,Ampara,2024,Yala,Clay,1110.25,27.19,80.4,2.02,BG352,8802.18,13170.65,2994.86,27342.9,6533.89,9171.54,1670.48,68759.84,6908.57,9.95
7.6693,81.8055,Batticaloa,2024,Maha,Loam,2199.78,28.98,70.45,1.71,At306,6791.44,15601.74,3031.55,17787.12,7174.65,19797.23,3102.76,72629.85,4102.42,17.7
7.5294,80.3987,Kurunegala,2024,Yala,Loam,1885.44,27.88,82.48,2.34,BG352,6864.33,13233.52,3177.86,33969.07,6818.03,8821.47,4473.87,77333.01,8817.15,8.77
8.2549,80.399,Anuradhapura,2024,Maha,Silt,1621.94,26.6,89.94,2.76,At306,7167.7,8804.92,4999.84,19198.11,7490.27,9666.82,1762.75,58163.51,7834.39,7.42
7.8449,81.6823,Batticaloa,2024,Yala,Clay,2199.12,30.4,71.64,4.43,BG300,9446.11,8732.94,3107.51,31124.03,6741.3,9398.77,1837.4,70129.0,12696.16,5.52
7.6463,81.6933,Batticaloa,2024,Yala,Loam,1720.76,26.73,74.84,4.94,BG300,3997.47,13986.66,4472.62,29049.3,5798.24,7127.02,2305.85,66772.58,9846.93,6.78
9.6271,80.1134,Jaffna,2025,Yala,Sandy Loam,2359.38,27.75,75.44,3.92,At306,6148.18,17320.53,2261.46,24751.42,3168.07,7814.49,4625.75,65368.39,11647.6,5.61
7.7797,81.8019,Batticaloa,2025,Maha,Clay,1922.83,28.14,82.48,2.87,BG352,5982.58,9568.52,5546.42,23995.69,3973.11,11780.87,2656.52,64158.79,9798.04,6.55
7.385,81.6943,Ampara,2025,Yala,Sandy Loam,1575.75,30.0,81.76,1.33,BG300,5535.65,12014.14,2104.79,15483.84,7158.49,10549.92,3072.32,55516.6,5146.43,10.79
7.4446,81.6757,Ampara,2025,Yala,Loam,1537.7,26.81,87.26,3.3,At402,5316.29,8762.7,3243.93,21503.67,6648.03,15288.25,4548.85,65256.15,6808.25,9.58
9.7753,80.0915,Jaffna,2025,Yala,Sandy Loam,2314.98,32.97,77.37,2.52,BG358,8054.5,18634.35,4372.18,22830.51,5063.11,16043.04,1012.87,76249.74,6506.85,11.72
8.2965,80.4704,Anuradhapura,2025,Maha,Silt,1299.51,29.6,81.85,0.71,BG352,7252.81,10046.29,2260.21,33977.71,7828.16,17509.17,2218.46,80288.15,2346.77,34.21
8.4074,80.391,Anuradhapura,2025,Maha,Sandy Loam,1387.93,27.15,76.6,3.91,BG352,6635.7,10458.58,5511.32,32591.64,7352.89,10104.35,2804.96,76429.42,13678.85,5.59
7.4259,80.4479,Kurunegala,2025,Maha,Loam,1626.12,27.55,72.4,2.02,BG300,9600.37,11878.44,4075.16,29060.38,4818.15,19633.17,4849.79,83419.02,5845.77,14.27
8.0201,80.9703,Polonnaruwa,2025,Maha,Sandy Loam,1172.4,26.66,88.19,3.51,At306,8805.01,18547.75,4287.09,25348.93,5152.14,11120.31,2738.38,76547.37,10966.05,6.98
8.3029,80.5279,Anuradhapura,2025,Maha,Loam,1594.81,30.35,87.25,4.77,BG358,4029.51,19119.05,3968.47,20164.89,5295.68,19740.42,2970.47,74945.99,15232.91,4.92
8.4195,80.42,Anuradhapura,2025,Yala,Clay,2338.78,29.1,82.14,3.34,BG358,7141.88,16431.61,2949.73,25247.28,3521.12,11998.65,2950.67,70545.39,12996.5,5.43
9.6452,80.1073,Jaffna,2025,Maha,Loam,1900.98,31.21,80.13,3.35,BG300,3496.53,11052.7,3447.41,24449.87,3228.24,8820.31,2107.26,57545.39,8472.03,6.79
9.7992,80.1323,Jaffna,2025,Maha,Clay,1007.59,27.13,80.97,3.61,At402,7563.73,10691.23,4848.72,19744.98,4627.0,16704.39,3598.53,68477.03,11720.76,5.84
7.3338,81.7167,Ampara,2025,Yala,Loam,2233.81,32.65,84.51,3.26,BG352,5927.7,19192.74,5464.26,15904.37,3131.83,11894.02,4242.21,66731.68,6946.79,9.61
8.2757,80.4451,Anuradhapura,2025,Maha,Loam,1698.4,29.8,75.73,3.16,At402,3213.5,8448.18,5290.4,22203.81,3635.3,13789.16,4079.97,60091.96,10018.33,6.0
9.6846,80.0529,Jaffna,2025,Maha,Loam,1128.02,26.36,80.63,2.93,At306,7462.01,16713.1,5903.41,25326.01,4614.78,17337.42,2083.33,79318.0,5779.73,13.72
7.7625,81.7376,Batticaloa,2025,Yala,Clay,1038.03,32.74,86.72,3.63,BG352,5862.67,10079.53,2625.75,20004.86,5746.13,16289.75,3640.79,63809.35,14159.55,4.51
8.2628,80.3542,Anuradhapura,2025,Maha,Sandy Loam,2106.85,29.88,82.23,2.39,BG300,4734.12,12271.67,5031.38,15287.87,3580.36,7598.03,1162.92,50377.27,8001.83,6.3
8.3166,80.3836,Anuradhapura,2025,Maha,Sandy Loam,1939.35,29.42,78.04,4.97,BG358,9162.2,15480.87,4277.51,27413.21,4006.56,12136.79,1157.84,73586.07,14883.43,4.94
9.7062,80.1064,Jaffna,2025,Yala,Loam,2381.27,30.32,85.93,2.67,At306,3821.16,9502.23,4742.26,23606.12,4002.62,13390.73,1256.84,60485.9,6386.07,9.47
7.82,81.7612,Batticaloa,2025,Maha,Clay,2495.69,28.98,79.03,1.24,BG352,8563.67,16324.19,2883.08,16647.62,6402.5,15508.65,2093.04,69324.48,2644.09,26.22
9.6443,80.1538,Jaffna,2025,Yala,Silt,1839.63,29.69,84.39,4.51,BG300,3555.85,16777.96,2749.65,32163.54,7095.32,14030.32,3840.97,79842.31,12792.93,6.24
7.9279,81.049,Polonnaruwa,2025,Yala,Silt,1886.34,30.74,70.33,2.8,At402,4585.47,15742.07,2697.47,28818.75,4933.68,19177.49,1550.08,77187.14,5739.0,13.45
7.8161,81.8211,Batticaloa,2025,Yala,Silt,2251.22,31.18,72.86,3.89,At402,8382.46,15902.49,5064.46,31918.43,6068.02,8151.86,2950.51,77593.53,10489.75,7.4
7.6211,81.7792,Batticaloa,1999,Maha,Silt,1339.04,30.48,89.58,3.22,At306,2287.32,6554.34,1035.34,13617.93,2291.77,5335.93,1389.28,32615.62,5270.64,5.17
7.4679,80.4119,Kurunegala,1999,Maha,Silt,1660.23,26.85,79.9,0.65,BG358,3891.45,4614.51,1932.21,8823.26,2327.06,5861.85,722.76,28563.33,1904.82,12.54
7.4463,80.4229,Kurunegala,1999,Maha,Silt,1175.6,27.0,85.23,3.28,BG300,1540.69,3743.54,1996.11,6837.5,2954.06,6723.6,550.73,24001.23,10887.95,1.84
7.7355,81.7996,Batticaloa,1999,Maha,Silt,1335.39,32.74,70.24,4.86,At402,1372.1,7767.63,1708.12,14484.76,1399.88,5900.44,2026.58,34678.71,12939.48,2.24
8.0858,81.0871,Polonnaruwa,1999,Yala,Clay,1833.15,31.38,88.9,4.32,BG300,1966.01,5570.69,1045.72,14161.37,2505.95,4143.72,1531.94,31023.57,9346.66,2.78
7.3769,81.7659,Ampara,1999,Maha,Loam,1288.43,26.29,73.38,1.75,BG352,1761.42,3766.46,1031.55,10062.07,1675.24,4876.35,1252.24,24583.56,2759.99,7.45
7.3441,81.7498,Ampara,1999,Yala,Sandy Loam,2198.17,32.99,77.01,3.95,BG300,2415.64,5716.95,1874.01,13493.43,3291.1,7058.68,1109.88,34894.32,11302.61,2.58
8.4424,80.5172,Anuradhapura,1999,Yala,Clay,1816.73,26.04,76.49,2.15,BG352,2398.89,6791.94,1476.86,9961.64,1740.08,4924.86,793.26,27732.84,5621.64,4.13
9.6951,80.0377,Jaffna,1999,Yala,Clay,2060.63,26.35,71.46,2.31,BG358,2105.46,4482.89,1298.09,12910.08,3177.13,5096.92,1921.55,30843.77,5500.37,4.69
7.3632,81.7372,Ampara,1999,Yala,Loam,2092.74,31.44,83.12,1.3,BG352,2831.85,8233.97,2389.06,6591.6,1588.98,3620.21,1622.16,27141.93,2466.79,9.2
7.653,81.7779,Batticaloa,1999,Maha,Loam,2274.96,30.68,79.25,2.35,BG352,3140.01,6043.82,934.54,10491.92,2921.95,5389.35,501.88,29661.39,4406.69,5.63
8.0549,81.0577,Polonnaruwa,1999,Yala,Sandy Loam,1040.75,26.46,79.28,4.59,BG352,2813.45,5806.38,1006.35,11690.92,2954.57,4963.59,1704.65,31325.91,8627.39,3.04
9.6501,80.0436,Jaffna,1999,Maha,Clay,1784.99,28.01,85.86,3.1,BG358,3092.34,7302.76,1489.18,13837.59,2353.98,3761.88,1572.16,33653.6,6471.03,4.35
8.3291,80.4699,Anuradhapura,1999,Maha,Loam,1184.5,29.91,76.86,3.78,BG352,3143.85,7540.56,1982.02,9805.71,2644.72,4396.19,924.64,30677.84,8791.91,2.92
7.3121,81.6904,Ampara,1999,Yala,Loam,1449.09,28.51,86.09,1.75,BG300,1859.43,8098.24,845.77,14525.11,2652.73,7383.84,905.2,35866.7,5008.41,5.99
9.7908,80.1847,Jaffna,1999,Yala,Sandy Loam,1610.66,26.46,76.98,1.0,BG358,3597.43,8049.57,951.24,14170.21,2332.27,4526.83,543.27,34171.34,2966.13,9.63
7.4776,80.3419,Kurunegala,1999,Yala,Loam,1277.79,27.22,71.97,3.47,At402,3469.85,4645.75,865.85,6915.69,3257.39,4504.57,1694.03,25456.74,7659.36,2.78
7.4679,80.4119,Kurunegala,2000,Maha,Silt,1660.23,26.85,79.9,0.65,BG358,4086.02,4845.23,2028.82,9264.42,2443.41,6154.94,758.9,29991.5,1923.86,13.16
7.4463,80.4229,Kurunegala,2000,Maha,Silt,1175.6,27.0,85.23,3.28,BG300,1617.73,3930.72,2095.92,7179.38,3101.76,7059.78,578.27,25201.29,10996.83,1.94
7.7355,81.7996,Batticaloa,2000,Maha,Silt,1335.39,32.74,70.24,4.86,At402,1440.7,8156.01,1793.53,15209.0,1469.87,6195.46,2127.91,36412.64,13068.88,2.35
8.0858,81.0871,Polonnaruwa,2000,Yala,Clay,1833.15,31.38,88.9,4.32,BG300,2064.31,5849.22,1098.0,14869.44,2631.25,4350.91,1608.54,32574.75,9440.12,2.91
7.3769,81.7659,Ampara,2000,Maha,Loam,1288.43,26.29,73.38,1.75,BG352,1849.49,3954.78,1083.12,10565.18,1759.0,5120.16,1314.85,25812.73,2787.59,7.82
7.3441,81.7498,Ampara,2000,Yala,Sandy Loam,2198.17,32.99,77.01,3.95,BG300,2536.42,6002.79,1967.71,14168.1,3455.65,7411.61,1165.38,36639.04,11415.64,2.71
8.4424,80.5172,Anuradhapura,2000,Yala,Clay,1816.73,26.04,76.49,2.15,BG352,2518.83,7131.54,1550.7,10459.72,1827.09,5171.11,832.93,29119.48,5677.86,4.33
7.4776,80.3419,Kurunegala,2000,Yala,Loam,1277.79,27.22,71.97,3.47,At402,3643.34,4878.04,909.15,7261.47,3420.26,4729.8,1778.73,26729.58,7735.96,2.92
7.3632,81.7372,Ampara,2000,Yala,Loam,2092.74,31.44,83.12,1.3,BG352,2973.44,8645.67,2508.51,6921.18,1668.43,3801.22,1703.27,28499.02,2491.45,9.66
7.653,81.7779,Batticaloa,2000,Maha,Loam,2274.96,30.68,79.25,2.35,BG352,3297.01,6346.01,981.27,11016.51,3068.05,5658.82,526.97,31144.45,4450.76,5.91
8.0549,81.0577,Polonnaruwa,2000,Yala,Sandy Loam,1040.75,26.46,79.28,4.59,BG352,2954.13,6096.7,1056.66,12275.47,3102.3,5211.76,1789.89,32892.2,8713.66,3.19
9.6501,80.0436,Jaffna,2000,Maha,Clay,1784.99,28.01,85.86,3.1,BG358,3246.95,7667.9,1563.63,14529.47,2471.68,3949.97,1650.77,35336.28,6535.74,4.56
8.3291,80.4699,Anuradhapura,2000,Maha,Loam,1184.5,29.91,76.86,3.78,BG352,3301.04,7917.59,2081.12,10296.0,2776.95,4616.0,970.87,32211.74,8879.83,3.06
7.3121,81.6904,Ampara,2000,Yala,Loam,1449.09,28.51,86.09,1.75,BG300,1952.4,8503.15,888.06,15251.37,2785.37,7753.04,950.46,37660.04,5058.5,6.29
9.7908,80.1847,Jaffna,2000,Yala,Sandy Loam,1610.66,26.46,76.98,1.0,BG358,3777.3,8452.05,998.8,14878.72,2448.88,4753.17,570.44,35879.91,2995.79,10.11
9.6951,80.0377,Jaffna,2000,Yala,Clay,2060.63,26.35,71.46,2.31,BG358,2210.73,4707.03,1363.0,13555.59,3335.99,5351.76,2017.63,32385.96,5555.37,4.92
7.6211,81.7792,Batticaloa,2000,Maha,Silt,1339.04,30.48,89.58,3.22,At306,2401.68,6882.06,1087.11,14298.83,2406.36,5602.73,1458.74,34246.4,5323.34,5.43
7.4679,80.4119,Kurunegala,2001,Maha,Silt,1660.23,26.85,79.9,0.65,BG358,4290.32,5087.49,2130.26,9727.64,2565.58,6462.68,796.85,31491.08,1943.1,13.82
7.4463,80.4229,Kurunegala,2001,Maha,Silt,1175.6,27.0,85.23,3.28,BG300,1698.61,4127.25,2200.71,7538.34,3256.85,7412.77,607.18,26461.35,11106.79,2.03
7.7355,81.7996,Batticaloa,2001,Maha,Silt,1335.39,32.74,70.24,4.86,At402,1512.74,8563.81,1883.2,15969.45,1543.37,6505.23,2234.31,38233.27,13199.57,2.47
8.0858,81.0871,Polonnaruwa,2001,Yala,Clay,1833.15,31.38,88.9,4.32,BG300,2167.53,6141.69,1152.9,15612.91,2762.81,4568.45,1688.97,34203.49,9534.52,3.06
7.3769,81.7659,Ampara,2001,Maha,Loam,1288.43,26.29,73.38,1.75,BG352,1941.97,4152.52,1137.28,11093.44,1846.95,5376.17,1380.6,27103.37,2815.46,8.21
7.3441,81.7498,Ampara,2001,Yala,Sandy Loam,2198.17,32.99,77.01,3.95,BG300,2663.24,6302.93,2066.09,14876.5,3628.44,7782.19,1223.65,38470.99,11529.79,2.84
8.4424,80.5172,Anuradhapura,2001,Yala,Clay,1816.73,26.04,76.49,2.15,BG352,2644.77,7488.11,1628.23,10982.71,1918.44,5429.66,874.57,30575.45,5734.63,4.55
7.4776,80.3419,Kurunegala,2001,Yala,Loam,1277.79,27.22,71.97,3.47,At402,3825.51,5121.94,954.6,7624.55,3591.27,4966.29,1867.67,28066.06,7813.32,3.06
7.6211,81.7792,Batticaloa,2001,Maha,Silt,1339.04,30.48,89.58,3.22,At306,2521.77,7226.16,1141.47,15013.77,2526.68,5882.86,1531.68,35958.72,5376.58,5.7
9.6951,80.0377,Jaffna,2001,Yala,Clay,2060.63,26.35,71.46,2.31,BG358,2321.26,4942.39,1431.15,14233.36,3502.78,5619.35,2118.51,34005.26,5610.92,5.17
9.7908,80.1847,Jaffna,2001,Yala,Sandy Loam,1610.66,26.46,76.98,1.0,BG358,3966.17,8874.66,1048.74,15622.66,2571.32,4990.83,598.96,37673.91,3025.75,10.62
7.3121,81.6904,Ampara,2001,Yala,Loam,1449.09,28.51,86.09,1.75,BG300,2050.02,8928.31,932.46,16013.94,2924.63,8140.69,997.99,39543.04,5109.08,6.6
7.3632,81.7372,Ampara,2001,Yala,Loam,2092.74,31.44,83.12,1.3,BG352,3122.12,9077.96,2633.94,7267.24,1751.85,3991.28,1788.43,29923.97,2516.37,10.14
9.6501,80.0436,Jaffna,2001,Maha,Clay,1784.99,28.01,85.86,3.1,BG358,3409.3,8051.3,1641.82,15255.94,2595.27,4147.47,1733.31,37103.09,6601.1,4.79
8.0549,81.0577,Polonnaruwa,2001,Yala,Sandy Loam,1040.75,26.46,79.28,4.59,BG352,3101.83,6401.54,1109.5,12889.24,3257.41,5472.35,1879.38,34536.81,8800.8,3.35
7.653,81.7779,Batticaloa,2001,Maha,Loam,2274.96,30.68,79.25,2.35,BG352,3461.86,6663.31,1030.33,11567.34,3221.45,5941.76,553.32,32701.68,4495.26,6.2
8.3291,80.4699,Anuradhapura,2001,Maha,Loam,1184.5,29.91,76.86,3.78,BG352,3466.09,8313.46,2185.18,10810.8,2915.8,4846.8,1019.41,33822.32,8968.63,3.22
8.4424,80.5172,Anuradhapura,2002,Yala,Clay,1816.73,26.04,76.49,2.15,BG352,2777.01,7862.52,1709.65,11531.84,2014.36,5701.14,918.3,32104.23,5791.98,4.78
7.4679,80.4119,Kurunegala,2002,Maha,Silt,1660.23,26.85,79.9,0.65,BG358,4504.84,5341.87,2236.77,10214.02,2693.86,6785.82,836.69,33065.63,1962.53,14.51
7.4463,80.4229,Kurunegala,2002,Maha,Silt,1175.6,27.0,85.23,3.28,BG300,1783.54,4333.62,2310.75,7915.26,3419.69,7783.41,637.54,27784.42,11217.86,2.14
7.7355,81.7996,Batticaloa,2002,Maha,Silt,1335.39,32.74,70.24,4.86,At402,1588.38,8992.0,1977.37,16767.92,1620.54,6830.5,2346.02,40144.94,13331.56,2.59
8.0858,81.0871,Polonnaruwa,2002,Yala,Clay,1833.15,31.38,88.9,4.32,BG300,2275.9,6448.77,1210.55,16393.55,2900.95,4796.88,1773.41,35913.66,9629.87,3.21
7.3769,81.7659,Ampara,2002,Maha,Loam,1288.43,26.29,73.38,1.75,BG352,2039.07,4360.15,1194.14,11648.11,1939.3,5644.98,1449.63,28458.54,2843.62,8.62
7.3441,81.7498,Ampara,2002,Yala,Sandy Loam,2198.17,32.99,77.01,3.95,BG300,2796.4,6618.08,2169.4,15620.33,3809.86,8171.3,1284.83,40394.54,11645.09,2.99
7.3632,81.7372,Ampara,2002,Yala,Loam,2092.74,31.44,83.12,1.3,BG352,3278.22,9531.85,2765.63,7630.6,1839.44,4190.85,1877.85,31420.17,2541.53,10.65
8.0549,81.0577,Polonnaruwa,2002,Yala,Sandy Loam,1040.75,26.46,79.28,4.59,BG352,3256.92,6721.61,1164.97,13533.7,3420.28,5745.97,1973.35,36263.65,8888.81,3.52
7.653,81.7779,Batticaloa,2002,Maha,Loam,2274.96,30.68,79.25,2.35,BG352,3634.95,6996.48,1081.85,12145.71,3382.52,6238.85,580.99,34336.76,4540.22,6.51
9.6501,80.0436,Jaffna,2002,Maha,Clay,1784.99,28.01,85.86,3.1,BG358,3579.77,8453.86,1723.91,16018.74,2725.03,4354.85,1819.98,38958.25,6667.11,5.03
8.3291,80.4699,Anuradhapura,2002,Maha,Loam,1184.5,29.91,76.86,3.78,BG352,3639.39,8729.14,2294.44,11351.34,3061.59,5089.14,1070.38,35513.44,9058.31,3.38
7.3121,81.6904,Ampara,2002,Yala,Loam,1449.09,28.51,86.09,1.75,BG300,2152.52,9374.73,979.09,16814.64,3070.87,8547.72,1047.89,41520.19,5160.17,6.93
9.7908,80.1847,Jaffna,2002,Yala,Sandy Loam,1610.66,26.46,76.98,1.0,BG358,4164.48,9318.39,1101.18,16403.79,2699.89,5240.37,628.91,39557.6,3056.01,11.15
9.6951,80.0377,Jaffna,2002,Yala,Clay,2060.63,26.35,71.46,2.31,BG358,2437.33,5189.51,1502.71,14945.03,3677.92,5900.32,2224.43,35705.52,5667.03,5.43
7.6211,81.7792,Batticaloa,2002,Maha,Silt,1339.04,30.48,89.58,3.22,At306,2647.85,7587.47,1198.54,15764.46,2653.01,6177.01,1608.26,37756.65,5430.34,5.99
7.4776,80.3419,Kurunegala,2002,Yala,Loam,1277.79,27.22,71.97,3.47,At402,4016.79,5378.04,1002.33,8005.77,3770.84,5214.6,1961.05,29469.36,7891.45,3.22
7.3769,81.7659,Ampara,2003,Maha,Loam,1288.43,26.29,73.38,1.75,BG352,2141.02,4578.15,1253.85,12230.51,2036.27,5927.23,1522.11,29881.47,2872.05,9.05
7.3441,81.7498,Ampara,2003,Yala,Sandy Loam,2198.17,32.99,77.01,3.95,BG300,2936.22,6948.98,2277.87,16401.34,4000.35,8579.87,1349.07,42414.26,11761.54,3.14
8.0858,81.0871,Polonnaruwa,2003,Yala,Clay,1833.15,31.38,88.9,4.32,BG300,2389.7,6771.21,1271.07,17213.23,3046.0,5036.72,1862.08,37709.34,9726.17,3.37
8.4424,80.5172,Anuradhapura,2003,Yala,Clay,1816.73,26.04,76.49,2.15,BG352,2915.86,8255.64,1795.13,12108.43,2115.08,5986.2,964.22,33709.44,5849.9,5.02
7.4463,80.4229,Kurunegala,2003,Maha,Silt,1175.6,27.0,85.23,3.28,BG300,1872.72,4550.3,2426.29,8311.02,3590.68,8172.58,669.42,29173.64,11330.04,2.24
7.4679,80.4119,Kurunegala,2003,Maha,Silt,1660.23,26.85,79.9,0.65,BG358,4730.08,5608.96,2348.61,10724.72,2828.55,7125.11,878.53,34718.91,1982.16,15.24
7.7355,81.7996,Batticaloa,2003,Maha,Silt,1335.39,32.74,70.24,4.86,At402,1667.79,9441.6,2076.23,17606.32,1701.56,7172.02,2463.32,42152.18,13464.88,2.72
7.4776,80.3419,Kurunegala,2003,Yala,Loam,1277.79,27.22,71.97,3.47,At402,4217.63,5646.94,1052.45,8406.06,3959.38,5475.33,2059.11,30942.83,7970.37,3.38
7.6211,81.7792,Batticaloa,2003,Maha,Silt,1339.04,30.48,89.58,3.22,At306,2780.25,7966.85,1258.47,16552.68,2785.66,6485.86,1688.67,39644.49,5484.65,6.29
7.653,81.7779,Batticaloa,2003,Maha,Loam,2274.96,30.68,79.25,2.35,BG352,3816.7,7346.3,1135.94,12752.99,3551.65,6550.79,610.04,36053.6,4585.62,6.84
8.0549,81.0577,Polonnaruwa,2003,Yala,Sandy Loam,1040.75,26.46,79.28,4.59,BG352,3419.77,7057.69,1223.22,14210.39,3591.3,6033.27,2072.02,38076.84,8977.7,3.69
9.6501,80.0436,Jaffna,2003,Maha,Clay,1784.99,28.01,85.86,3.1,BG358,3758.76,8876.55,1810.1,16819.67,2861.28,4572.59,1910.98,40906.16,6733.78,5.28
8.3291,80.4699,Anuradhapura,2003,Maha,Loam,1184.5,29.91,76.86,3.78,BG352,3821.36,9165.59,2409.16,11918.91,3214.67,5343.6,1123.9,37289.11,9148.9,3.55
7.3121,81.6904,Ampara,2003,Yala,Loam,1449.09,28.51,86.09,1.75,BG300,2260.14,9843.46,1028.04,17655.37,3224.41,8975.11,1100.28,43596.2,5211.77,7.28
9.7908,80.1847,Jaffna,2003,Yala,Sandy Loam,1610.66,26.46,76.98,1.0,BG358,4372.7,9784.31,1156.24,17223.98,2834.89,5502.39,660.35,41535.48,3086.57,11.71
9.6951,80.0377,Jaffna,2003,Yala,Clay,2060.63,26.35,71.46,2.31,BG358,2559.19,5448.98,1577.84,15692.28,3861.82,6195.34,2335.66,37490.8,5723.7,5.7
7.3632,81.7372,Ampara,2003,Yala,Loam,2092.74,31.44,83.12,1.3,BG352,3442.13,10008.45,2903.91,8012.13,1931.42,4400.39,1971.74,32991.18,2566.95,11.18
7.4679,80.4119,Kurunegala,2004,Maha,Silt,1660.23,26.85,79.9,0.65,BG358,4966.59,5889.41,2466.04,11260.96,2969.98,7481.37,922.45,36454.86,2001.98,16.0
7.4463,80.4229,Kurunegala,2004,Maha,Silt,1175.6,27.0,85.23,3.28,BG300,1966.36,4777.81,2547.6,8726.58,3770.21,8581.21,702.89,30632.32,11443.34,2.35
7.7355,81.7996,Batticaloa,2004,Maha,Silt,1335.39,32.74,70.24,4.86,At402,1751.18,9913.68,2180.05,18486.63,1786.64,7530.62,2586.49,44259.79,13599.53,2.86
8.0858,81.0871,Polonnaruwa,2004,Yala,Clay,1833.15,31.38,88.9,4.32,BG300,2509.18,7109.77,1334.63,18073.89,3198.3,5288.56,1955.19,39594.81,9823.43,3.54
7.3769,81.7659,Ampara,2004,Maha,Loam,1288.43,26.29,73.38,1.75,BG352,2248.07,4807.06,1316.54,12842.04,2138.08,6223.59,1598.21,31375.54,2900.77,9.5
7.3441,81.7498,Ampara,2004,Yala,Sandy Loam,2198.17,32.99,77.01,3.95,BG300,3083.03,7296.43,2391.76,17221.41,4200.37,9008.86,1416.53,44534.98,11879.16,3.29
8.4424,80.5172,Anuradhapura,2004,Yala,Clay,1816.73,26.04,76.49,2.15,BG352,3061.66,8668.43,1884.88,12713.86,2220.84,6285.51,1012.43,35394.91,5908.4,5.27
7.4776,80.3419,Kurunegala,2004,Yala,Loam,1277.79,27.22,71.97,3.47,At402,4428.51,5929.29,1105.07,8826.37,4157.35,5749.1,2162.06,32489.97,8050.07,3.55
7.6211,81.7792,Batticaloa,2004,Maha,Silt,1339.04,30.48,89.58,3.22,At306,2919.26,8365.19,1321.39,17380.32,2924.94,6810.15,1773.11,41626.71,5539.49,6.6
7.653,81.7779,Batticaloa,2004,Maha,Loam,2274.96,30.68,79.25,2.35,BG352,4007.54,7713.62,1192.74,13390.64,3729.23,6878.33,640.54,37856.28,4631.47,7.18
8.0549,81.0577,Polonnaruwa,2004,Yala,Sandy Loam,1040.75,26.46,79.28,4.59,BG352,3590.76,7410.58,1284.38,14920.91,3770.86,6334.93,2175.62,39980.68,9067.47,3.88
9.6501,80.0436,Jaffna,2004,Maha,Clay,1784.99,28.01,85.86,3.1,BG358,3946.69,9320.38,1900.61,17660.66,3004.34,4801.22,2006.52,42951.47,6801.12,5.55
8.3291,80.4699,Anuradhapura,2004,Maha,Loam,1184.5,29.91,76.86,3.78,BG352,4012.43,9623.87,2529.62,12514.85,3375.41,5610.78,1180.1,39153.57,9240.38,3.72
7.3121,81.6904,Ampara,2004,Yala,Loam,1449.09,28.51,86.09,1.75,BG300,2373.15,10335.63,1079.44,18538.14,3385.63,9423.86,1155.29,45776.01,5263.89,7.64
9.7908,80.1847,Jaffna,2004,Yala,Sandy Loam,1610.66,26.46,76.98,1.0,BG358,4591.34,10273.52,1214.05,18085.18,2976.63,5777.51,693.37,43612.25,3117.43,12.29
9.6951,80.0377,Jaffna,2004,Yala,Clay,2060.63,26.35,71.46,2.31,BG358,2687.15,5721.43,1656.73,16476.9,4054.91,6505.1,2452.44,39365.34,5780.94,5.98
7.3632,81.7372,Ampara,2004,Yala,Loam,2092.74,31.44,83.12,1.3,BG352,3614.24,10508.87,3049.11,8412.74,2027.99,4620.41,2070.33,34640.74,2592.62,11.74
7.3441,81.7498,Ampara,2005,Yala,Sandy Loam,2198.17,32.99,77.01,3.95,BG300,3237.19,7661.25,2511.35,18082.48,4410.39,9459.3,1487.35,46761.73,11997.95,3.46
7.3769,81.7659,Ampara,2005,Maha,Loam,1288.43,26.29,73.38,1.75,BG352,2360.47,5047.41,1382.37,13484.14,2244.98,6534.77,1678.12,32944.32,2929.78,9.98
8.0858,81.0871,Polonnaruwa,2005,Yala,Clay,1833.15,31.38,88.9,4.32,BG300,2634.64,7465.26,1401.36,18977.59,3358.21,5552.98,2052.95,41574.55,9921.66,3.72
8.4424,80.5172,Anuradhapura,2005,Yala,Clay,1816.73,26.04,76.49,2.15,BG352,3214.74,9101.85,1979.13,13349.55,2331.88,6599.79,1063.05,37164.65,5967.48,5.53
7.4463,80.4229,Kurunegala,2005,Maha,Silt,1175.6,27.0,85.23,3.28,BG300,2064.68,5016.7,2674.98,9162.9,3958.72,9010.27,738.03,32163.94,11557.77,2.47
7.4679,80.4119,Kurunegala,2005,Maha,Silt,1660.23,26.85,79.9,0.65,BG358,5214.92,6183.88,2589.34,11824.01,3118.48,7855.43,968.57,38277.6,2022.0,16.8
7.7355,81.7996,Batticaloa,2005,Maha,Silt,1335.39,32.74,70.24,4.86,At402,1838.74,10409.36,2289.05,19410.96,1875.97,7907.15,2715.81,46472.78,13735.52,3.0
7.4776,80.3419,Kurunegala,2005,Yala,Loam,1277.79,27.22,71.97,3.47,At402,4649.93,6225.75,1160.33,9267.68,4365.22,6036.55,2270.16,34114.47,8130.57,3.73
7.6211,81.7792,Batticaloa,2005,Maha,Silt,1339.04,30.48,89.58,3.22,At306,3065.22,8783.45,1387.46,18249.33,3071.19,7150.66,1861.76,43708.05,5594.89,6.93
7.653,81.7779,Batticaloa,2005,Maha,Loam,2274.96,30.68,79.25,2.35,BG352,4207.91,8099.3,1252.38,14060.17,3915.69,7222.25,672.56,39749.09,4677.79,7.54
8.0549,81.0577,Polonnaruwa,2005,Yala,Sandy Loam,1040.75,26.46,79.28,4.59,BG352,3770.3,7781.11,1348.6,15666.95,3959.4,6651.68,2284.4,41979.71,9158.15,4.07
9.6501,80.0436,Jaffna,2005,Maha,Clay,1784.99,28.01,85.86,3.1,BG358,4144.03,9786.4,1995.64,18543.69,3154.56,5041.28,2106.85,45099.04,6869.13,5.82
8.3291,80.4699,Anuradhapura,2005,Maha,Loam,1184.5,29.91,76.86,3.78,BG352,4213.05,10105.07,2656.1,13140.59,3544.18,5891.32,1239.1,41111.25,9332.79,3.91
7.3121,81.6904,Ampara,2005,Yala,Loam,1449.09,28.51,86.09,1.75,BG300,2491.81,10852.42,1133.41,19465.04,3554.91,9895.06,1213.06,48064.81,5316.53,8.02
9.7908,80.1847,Jaffna,2005,Yala,Sandy Loam,1610.66,26.46,76.98,1.0,BG358,4820.9,10787.2,1274.75,18989.44,3125.46,6066.38,728.04,45792.87,3148.61,12.91
9.6951,80.0377,Jaffna,2005,Yala,Clay,2060.63,26.35,71.46,2.31,BG358,2821.51,6007.5,1739.57,17300.74,4257.66,6830.36,2575.06,41333.61,5838.75,6.28
7.3632,81.7372,Ampara,2005,Yala,Loam,2092.74,31.44,83.12,1.3,BG352,3794.95,11034.31,3201.56,8833.37,2129.39,4851.43,2173.85,36372.78,2618.54,12.33
8.4424,80.5172,Anuradhapura,2006,Yala,Clay,1816.73,26.04,76.49,2.15,BG352,3375.48,9556.94,2078.08,14017.03,2448.47,6929.78,1116.2,39022.89,6027.16,5.81
7.4679,80.4119,Kurunegala,2006,Maha,Silt,1660.23,26.85,79.9,0.65,BG358,5475.66,6493.07,2718.81,12415.21,3274.4,8248.21,1017.0,40191.48,2042.22,17.64
7.4463,80.4229,Kurunegala,2006,Maha,Silt,1175.6,27.0,85.23,3.28,BG300,2167.91,5267.54,2808.73,9621.05,4156.66,9460.78,774.93,33772.13,11673.35,2.6
7.7355,81.7996,Batticaloa,2006,Maha,Silt,1335.39,32.74,70.24,4.86,At402,1930.68,10929.83,2403.5,20381.51,1969.77,8302.51,2851.6,48796.42,13872.88,3.15
8.0858,81.0871,Polonnaruwa,2006,Yala,Clay,1833.15,31.38,88.9,4.32,BG300,2766.37,7838.52,1471.43,19926.47,3526.12,5830.63,2155.6,43653.28,10020.88,3.91
7.3441,81.7498,Ampara,2006,Yala,Sandy Loam,2198.17,32.99,77.01,3.95,BG300,3399.04,8044.32,2636.92,18986.61,4630.91,9932.27,1561.72,49099.81,12117.93,3.63
7.4776,80.3419,Kurunegala,2006,Yala,Loam,1277.79,27.22,71.97,3.47,At402,4882.43,6537.04,1218.34,9731.07,4583.48,6338.38,2383.67,35820.19,8211.88,3.91
7.3769,81.7659,Ampara,2006,Maha,Loam,1288.43,26.29,73.38,1.75,BG352,2478.5,5299.78,1451.49,14158.35,2357.23,6861.51,1762.03,34591.53,2959.08,10.48
7.653,81.7779,Batticaloa,2006,Maha,Loam,2274.96,30.68,79.25,2.35,BG352,4418.31,8504.27,1315.0,14763.18,4111.48,7583.36,706.19,41736.55,4724.57,7.92
9.6951,80.0377,Jaffna,2006,Yala,Clay,2060.63,26.35,71.46,2.31,BG358,2962.59,6307.88,1826.55,18165.78,4470.54,7171.87,2703.81,43400.29,5897.14,6.6
9.7908,80.1847,Jaffna,2006,Yala,Sandy Loam,1610.66,26.46,76.98,1.0,BG358,5061.95,11326.56,1338.49,19938.91,3281.73,6369.7,764.44,48082.51,3180.09,13.55
7.3121,81.6904,Ampara,2006,Yala,Loam,1449.09,28.51,86.09,1.75,BG300,2616.4,11395.04,1190.09,20438.29,3732.66,10389.81,1273.71,50468.05,5369.7,8.43
7.6211,81.7792,Batticaloa,2006,Maha,Silt,1339.04,30.48,89.58,3.22,At306,3218.48,9222.62,1456.83,19161.8,3224.75,7508.19,1954.85,45893.45,5650.84,7.28
7.3632,81.7372,Ampara,2006,Yala,Loam,2092.74,31.44,83.12,1.3,BG352,3984.7,11586.03,3361.64,9275.04,2235.85,5094.0,2282.54,38191.41,2644.73,12.94
9.6501,80.0436,Jaffna,2006,Maha,Clay,1784.99,28.01,85.86,3.1,BG358,4351.23,10275.72,2095.42,19470.87,3312.29,5293.34,2212.19,47353.99,6937.82,6.12
8.0549,81.0577,Polonnaruwa,2006,Yala,Sandy Loam,1040.75,26.46,79.28,4.59,BG352,3958.81,8170.16,1416.03,16450.3,4157.37,6984.26,2398.62,44078.7,9249.73,4.27
8.3291,80.4699,Anuradhapura,2006,Maha,Loam,1184.5,29.91,76.86,3.78,BG352,4423.71,10610.32,2788.9,13797.62,3721.38,6185.88,1301.06,43166.81,9426.12,4.1
8.4424,80.5172,Anuradhapura,2007,Yala,Clay,1816.73,26.04,76.49,2.15,BG352,3544.25,10034.79,2181.99,14717.88,2570.9,7276.27,1172.01,40974.03,6087.43,6.1
7.4679,80.4119,Kurunegala,2007,Maha,Silt,1660.23,26.85,79.9,0.65,BG358,5749.44,6817.73,2854.75,13035.97,3438.12,8660.62,1067.85,42201.05,2062.64,18.52
7.4463,80.4229,Kurunegala,2007,Maha,Silt,1175.6,27.0,85.23,3.28,BG300,2276.3,5530.92,2949.17,10102.1,4364.49,9933.82,813.68,35460.74,11790.09,2.73
7.7355,81.7996,Batticaloa,2007,Maha,Silt,1335.39,32.74,70.24,4.86,At402,2027.22,11476.32,2523.67,21400.59,2068.26,8717.64,2994.18,51236.24,14011.61,3.31
8.0858,81.0871,Polonnaruwa,2007,Yala,Clay,1833.15,31.38,88.9,4.32,BG300,2904.69,8230.45,1545.0,20922.79,3702.43,6122.16,2263.38,45835.94,10121.09,4.1
7.3769,81.7659,Ampara,2007,Maha,Loam,1288.43,26.29,73.38,1.75,BG352,2602.42,5564.77,1524.06,14866.27,2475.1,7204.59,1850.13,36321.11,2988.67,11.0
7.3441,81.7498,Ampara,2007,Yala,Sandy Loam,2198.17,32.99,77.01,3.95,BG300,3569.0,8446.53,2768.76,19935.94,4862.45,10428.88,1639.81,51554.8,12239.11,3.81
7.4776,80.3419,Kurunegala,2007,Yala,Loam,1277.79,27.22,71.97,3.47,At402,5126.55,6863.89,1279.26,10217.62,4812.65,6655.3,2502.86,37611.2,8293.99,4.11
7.6211,81.7792,Batticaloa,2007,Maha,Silt,1339.04,30.48,89.58,3.22,At306,3379.41,9683.75,1529.68,20119.89,3385.99,7883.6,2052.59,48188.12,5707.35,7.64
7.653,81.7779,Batticaloa,2007,Maha,Loam,2274.96,30.68,79.25,2.35,BG352,4639.23,8929.48,1380.75,15501.34,4317.05,7962.53,741.5,43823.37,4771.81,8.31
8.0549,81.0577,Polonnaruwa,2007,Yala,Sandy Loam,1040.75,26.46,79.28,4.59,BG352,4156.75,8578.67,1486.83,17272.82,4365.24,7333.48,2518.55,46282.63,9342.23,4.49
9.6501,80.0436,Jaffna,2007,Maha,Clay,1784.99,28.01,85.86,3.1,BG358,4568.79,10789.51,2200.19,20444.42,3477.9,5558.01,2322.8,49721.69,7007.2,6.42
8.3291,80.4699,Anuradhapura,2007,Maha,Loam,1184.5,29.91,76.86,3.78,BG352,4644.89,11140.84,2928.35,14487.51,3907.45,6495.18,1366.11,45325.15,9520.38,4.31
7.3121,81.6904,Ampara,2007,Yala,Loam,1449.09,28.51,86.09,1.75,BG300,2747.22,11964.79,1249.59,21460.21,3919.29,10909.3,1337.4,52991.46,5423.39,8.85
9.7908,80.1847,Jaffna,2007,Yala,Sandy Loam,1610.66,26.46,76.98,1.0,BG358,5315.05,11892.89,1405.41,20935.85,3445.82,6688.19,802.66,50486.64,3211.89,14.23
9.6951,80.0377,Jaffna,2007,Yala,Clay,2060.63,26.35,71.46,2.31,BG358,3110.72,6623.27,1917.88,19074.07,4694.07,7530.47,2839.01,45570.3,5956.11,6.92
7.3632,81.7372,Ampara,2007,Yala,Loam,2092.74,31.44,83.12,1.3,BG352,4183.94,12165.33,3529.72,9738.79,2347.65,5348.7,2396.67,40100.99,2671.18,13.59
7.4679,80.4119,Kurunegala,2008,Maha,Silt,1660.23,26.85,79.9,0.65,BG358,6036.92,7158.61,2997.49,13687.77,3610.03,9093.65,1121.25,44311.11,2083.27,19.45
7.4463,80.4229,Kurunegala,2008,Maha,Silt,1175.6,27.0,85.23,3.28,BG300,2390.12,5807.46,3096.62,10607.21,4582.72,10430.51,854.36,37233.78,11907.99,2.86
7.7355,81.7996,Batticaloa,2008,Maha,Silt,1335.39,32.74,70.24,4.86,At402,2128.58,12050.14,2649.86,22470.62,2171.67,9153.52,3143.89,53798.05,14151.72,3.47
8.0858,81.0871,Polonnaruwa,2008,Yala,Clay,1833.15,31.38,88.9,4.32,BG300,3049.93,8641.97,1622.25,21968.93,3887.55,6428.27,2376.54,48127.74,10222.3,4.31
7.3769,81.7659,Ampara,2008,Maha,Loam,1288.43,26.29,73.38,1.75,BG352,2732.54,5843.01,1600.27,15609.58,2598.85,7564.81,1942.64,38137.16,3018.56,11.55
7.3441,81.7498,Ampara,2008,Yala,Sandy Loam,2198.17,32.99,77.01,3.95,BG300,3747.45,8868.86,2907.2,20932.73,5105.57,10950.33,1721.8,54132.54,12361.5,4.0
8.4424,80.5172,Anuradhapura,2008,Yala,Clay,1816.73,26.04,76.49,2.15,BG352,3721.46,10536.53,2291.09,15453.77,2699.44,7640.08,1230.61,43022.73,6148.3,6.4
7.4776,80.3419,Kurunegala,2008,Yala,Loam,1277.79,27.22,71.97,3.47,At402,5382.88,7207.09,1343.22,10728.5,5053.28,6988.06,2628.0,39491.76,8376.93,4.31
7.6211,81.7792,Batticaloa,2008,Maha,Silt,1339.04,30.48,89.58,3.22,At306,3548.38,10167.94,1606.16,21125.88,3555.29,8277.78,2155.22,50597.53,5764.42,8.03
7.653,81.7779,Batticaloa,2008,Maha,Loam,2274.96,30.68,79.25,2.35,BG352,4871.19,9375.95,1449.78,16276.41,4532.9,8360.65,778.58,46014.54,4819.53,8.73
8.0549,81.0577,Polonnaruwa,2008,Yala,Sandy Loam,1040.75,26.46,79.28,4.59,BG352,4364.59,9007.6,1561.17,18136.46,4583.5,7700.15,2644.48,48596.76,9435.65,4.71
9.6501,80.0436,Jaffna,2008,Maha,Clay,1784.99,28.01,85.86,3.1,BG358,4797.23,11328.98,2310.2,21466.64,3651.8,5835.91,2438.94,52207.78,7077.27,6.74
8.3291,80.4699,Anuradhapura,2008,Maha,Loam,1184.5,29.91,76.86,3.78,BG352,4877.14,11697.88,3074.77,15211.88,4102.83,6819.94,1434.42,47591.41,9615.58,4.53
7.3121,81.6904,Ampara,2008,Yala,Loam,1449.09,28.51,86.09,1.75,BG300,2884.58,12563.03,1312.07,22533.22,4115.25,11454.76,1404.27,55641.03,5477.63,9.29
9.7908,80.1847,Jaffna,2008,Yala,Sandy Loam,1610.66,26.46,76.98,1.0,BG358,5580.8,12487.53,1475.68,21982.65,3618.11,7022.6,842.79,53010.97,3244.01,14.94
9.6951,80.0377,Jaffna,2008,Yala,Clay,2060.63,26.35,71.46,2.31,BG358,3266.25,6954.43,2013.77,20027.77,4928.77,7906.99,2980.96,47848.82,6015.67,7.27
7.3632,81.7372,Ampara,2008,Yala,Loam,2092.74,31.44,83.12,1.3,BG352,4393.13,12773.6,3706.21,10225.73,2465.03,5616.14,2516.5,42106.03,2697.89,14.27
7.3441,81.7498,Ampara,2009,Yala,Sandy Loam,2198.17,32.99,77.01,3.95,BG300,3934.82,9312.3,3052.56,21979.37,5360.85,11497.84,1807.89,56839.17,12485.11,4.2
7.3769,81.7659,Ampara,2009,Maha,Loam,1288.43,26.29,73.38,1.75,BG352,2869.17,6135.16,1680.28,16390.06,2728.79,7943.06,2039.77,40044.02,3048.74,12.13
8.0858,81.0871,Polonnaruwa,2009,Yala,Clay,1833.15,31.38,88.9,4.32,BG300,3202.42,9074.07,1703.36,23067.38,4081.93,6749.69,2495.37,50534.13,10324.52,4.52
8.4424,80.5172,Anuradhapura,2009,Yala,Clay,1816.73,26.04,76.49,2.15,BG352,3907.54,11063.35,2405.64,16226.46,2834.41,8022.08,1292.14,45173.87,6209.79,6.72
7.4463,80.4229,Kurunegala,2009,Maha,Silt,1175.6,27.0,85.23,3.28,BG300,2509.63,6097.84,3251.46,11137.57,4811.85,10952.04,897.08,39095.47,12027.07,3.01
7.4679,80.4119,Kurunegala,2009,Maha,Silt,1660.23,26.85,79.9,0.65,BG358,6338.76,7516.54,3147.36,14372.16,3790.53,9548.33,1177.31,46526.66,2104.1,20.42
7.7355,81.7996,Batticaloa,2009,Maha,Silt,1335.39,32.74,70.24,4.86,At402,2235.0,12652.65,2782.35,23594.15,2280.26,9611.19,3301.09,56487.96,14293.24,3.65
7.4776,80.3419,Kurunegala,2009,Yala,Loam,1277.79,27.22,71.97,3.47,At402,5652.02,7567.44,1410.38,11264.93,5305.95,7337.47,2759.4,41466.35,8460.7,4.53
7.6211,81.7792,Batticaloa,2009,Maha,Silt,1339.04,30.48,89.58,3.22,At306,3725.8,10676.34,1686.47,22182.18,3733.05,8691.67,2262.99,53127.4,5822.06,8.43
7.653,81.7779,Batticaloa,2009,Maha,Loam,2274.96,30.68,79.25,2.35,BG352,5114.75,9844.75,1522.27,17090.23,4759.55,8778.69,817.51,48315.27,4867.73,9.16
8.0549,81.0577,Polonnaruwa,2009,Yala,Sandy Loam,1040.75,26.46,79.28,4.59,BG352,4582.82,9457.98,1639.23,19043.28,4812.68,8085.16,2776.7,51026.6,9530.01,4.95
9.6501,80.0436,Jaffna,2009,Maha,Clay,1784.99,28.01,85.86,3.1,BG358,5037.09,11895.43,2425.71,22539.97,3834.39,6127.7,2560.89,54818.17,7148.05,7.08
8.3291,80.4699,Anuradhapura,2009,Maha,Loam,1184.5,29.91,76.86,3.78,BG352,5120.99,12282.77,3228.5,15972.47,4307.97,7160.93,1506.14,49970.98,9711.74,4.75
7.3121,81.6904,Ampara,2009,Yala,Loam,1449.09,28.51,86.09,1.75,BG300,3028.81,13191.18,1377.67,23659.88,4321.02,12027.5,1474.48,58423.08,5532.4,9.75
9.7908,80.1847,Jaffna,2009,Yala,Sandy Loam,1610.66,26.46,76.98,1.0,BG358,5859.84,13111.91,1549.47,23081.78,3799.02,7373.72,884.93,55661.52,3276.45,15.69
9.6951,80.0377,Jaffna,2009,Yala,Clay,2060.63,26.35,71.46,2.31,BG358,3429.57,7302.16,2114.46,21029.16,5175.21,8302.34,3130.0,50241.26,6075.83,7.63
7.3632,81.7372,Ampara,2009,Yala,Loam,2092.74,31.44,83.12,1.3,BG352,4612.79,13412.28,3891.52,10737.02,2588.28,5896.94,2642.33,44211.34,2724.87,14.99
8.4424,80.5172,Anuradhapura,2010,Yala,Clay,1816.73,26.04,76.49,2.15,BG352,4102.91,11616.52,2525.92,17037.78,2976.13,8423.19,1356.75,47432.56,6271.89,7.06
7.4679,80.4119,Kurunegala,2010,Maha,Silt,1660.23,26.85,79.9,0.65,BG358,6655.7,7892.37,3304.73,15090.76,3980.06,10025.74,1236.17,48853.0,2125.14,21.44
7.4463,80.4229,Kurunegala,2010,Maha,Silt,1175.6,27.0,85.23,3.28,BG300,2635.11,6402.73,3414.03,11694.45,5052.45,11499.64,941.94,41050.24,12147.34,3.16
7.7355,81.7996,Batticaloa,2010,Maha,Silt,1335.39,32.74,70.24,4.86,At402,2346.76,13285.28,2921.47,24773.85,2394.27,10091.75,3466.14,59312.36,14436.17,3.83
8.0858,81.0871,Polonnaruwa,2010,Yala,Clay,1833.15,31.38,88.9,4.32,BG300,3362.55,9527.77,1788.53,24220.74,4286.03,7087.17,2620.14,53060.83,10427.77,4.75
7.3769,81.7659,Ampara,2010,Maha,Loam,1288.43,26.29,73.38,1.75,BG352,3012.63,6441.92,1764.29,17209.56,2865.23,8340.21,2141.76,42046.22,3079.23,12.74
7.3441,81.7498,Ampara,2010,Yala,Sandy Loam,2198.17,32.99,77.01,3.95,BG300,4131.56,9777.92,3205.19,23078.34,5628.89,12072.73,1898.28,59681.13,12609.97,4.41
7.4776,80.3419,Kurunegala,2010,Yala,Loam,1277.79,27.22,71.97,3.47,At402,5934.62,7945.82,1480.9,11828.17,5571.24,7704.34,2897.37,43539.66,8545.31,4.75
7.3632,81.7372,Ampara,2010,Yala,Loam,2092.74,31.44,83.12,1.3,BG352,4843.43,14082.89,4086.1,11273.87,2717.7,6191.79,2774.44,46421.9,2752.12,15.73
7.653,81.7779,Batticaloa,2010,Maha,Loam,2274.96,30.68,79.25,2.35,BG352,5370.48,10336.99,1598.39,17944.74,4997.53,9217.62,858.38,50731.03,4916.4,9.62
8.0549,81.0577,Polonnaruwa,2010,Yala,Sandy Loam,1040.75,26.46,79.28,4.59,BG352,4811.96,9930.88,1721.19,19995.45,5053.31,8489.42,2915.53,53577.93,9625.31,5.2
9.6501,80.0436,Jaffna,2010,Maha,Clay,1784.99,28.01,85.86,3.1,BG358,5288.95,12490.2,2547.0,23666.97,4026.11,6434.09,2688.93,57559.08,7219.53,7.43
8.3291,80.4699,Anuradhapura,2010,Maha,Loam,1184.5,29.91,76.86,3.78,BG352,5377.04,12896.91,3389.93,16771.1,4523.37,7518.98,1581.44,52469.52,9808.85,4.99
7.3121,81.6904,Ampara,2010,Yala,Loam,1449.09,28.51,86.09,1.75,BG300,3180.25,13850.74,1446.56,24842.88,4537.07,12628.88,1548.21,61344.24,5587.73,10.24
9.7908,80.1847,Jaffna,2010,Yala,Sandy Loam,1610.66,26.46,76.98,1.0,BG358,6152.83,13767.5,1626.94,24235.87,3988.97,7742.41,929.18,58444.59,3309.22,16.47
9.6951,80.0377,Jaffna,2010,Yala,Clay,2060.63,26.35,71.46,2.31,BG358,3601.04,7667.26,2220.18,22080.62,5433.97,8717.46,3286.5,52753.32,6136.59,8.02
7.6211,81.7792,Batticaloa,2010,Maha,Silt,1339.04,30.48,89.58,3.22,At306,3912.09,11210.15,1770.79,23291.29,3919.71,9126.25,2376.13,55783.77,5880.28,8.85
7.4679,80.4119,Kurunegala,2011,Maha,Silt,1660.23,26.85,79.9,0.65,BG358,6988.49,8286.99,3469.97,15845.3,4179.06,10527.03,1297.98,51295.64,2146.39,22.51
7.4463,80.4229,Kurunegala,2011,Maha,Silt,1175.6,27.0,85.23,3.28,BG300,2766.86,6722.86,3584.73,12279.17,5305.07,12074.62,989.03,43102.75,12268.81,3.31
7.7355,81.7996,Batticaloa,2011,Maha,Silt,1335.39,32.74,70.24,4.86,At402,2464.09,13949.54,3067.54,26012.55,2513.98,10596.34,3639.45,62277.97,14580.53,4.02
8.0858,81.0871,Polonnaruwa,2011,Yala,Clay,1833.15,31.38,88.9,4.32,BG300,3530.67,10004.16,1877.96,25431.78,4500.33,7441.53,2751.15,55713.87,10532.05,4.98
7.3769,81.7659,Ampara,2011,Maha,Loam,1288.43,26.29,73.38,1.75,BG352,3163.26,6764.02,1852.51,18070.04,3008.49,8757.22,2248.85,44148.54,3110.02,13.37
7.3441,81.7498,Ampara,2011,Yala,Sandy Loam,2198.17,32.99,77.01,3.95,BG300,4338.14,10266.81,3365.45,24232.26,5910.34,12676.37,1993.19,62665.18,12736.07,4.63
8.4424,80.5172,Anuradhapura,2011,Yala,Clay,1816.73,26.04,76.49,2.15,BG352,4308.06,12197.35,2652.22,17889.67,3124.94,8844.35,1424.58,49804.19,6334.6,7.41
7.4776,80.3419,Kurunegala,2011,Yala,Loam,1277.79,27.22,71.97,3.47,At402,6231.35,8343.11,1554.95,12419.58,5849.81,8089.56,3042.24,45716.65,8630.76,4.99
7.6211,81.7792,Batticaloa,2011,Maha,Silt,1339.04,30.48,89.58,3.22,At306,4107.69,11770.66,1859.33,24455.85,4115.69,9582.56,2494.94,58572.96,5939.09,9.29
7.653,81.7779,Batticaloa,2011,Maha,Loam,2274.96,30.68,79.25,2.35,BG352,5639.01,10853.84,1678.31,18841.98,5247.4,9678.5,901.3,53267.59,4965.57,10.1
8.0549,81.0577,Polonnaruwa,2011,Yala,Sandy Loam,1040.75,26.46,79.28,4.59,BG352,5052.56,10427.43,1807.25,20995.22,5305.98,8913.89,3061.31,56256.83,9721.56,5.45
9.6501,80.0436,Jaffna,2011,Maha,Clay,1784.99,28.01,85.86,3.1,BG358,5553.39,13114.71,2674.35,24850.32,4227.41,6755.79,2823.38,60437.03,7291.72,7.81
8.3291,80.4699,Anuradhapura,2011,Maha,Loam,1184.5,29.91,76.86,3.78,BG352,5645.9,13541.76,3559.43,17609.65,4749.53,7894.93,1660.52,55093.0,9906.94,5.24
7.3121,81.6904,Ampara,2011,Yala,Loam,1449.09,28.51,86.09,1.75,BG300,3339.26,14543.28,1518.88,26085.02,4763.92,13260.32,1625.62,64411.45,5643.6,10.75
9.7908,80.1847,Jaffna,2011,Yala,Sandy Loam,1610.66,26.46,76.98,1.0,BG358,6460.47,14455.88,1708.29,25447.66,4188.42,8129.53,975.64,61366.82,3342.31,17.3
9.6951,80.0377,Jaffna,2011,Yala,Clay,2060.63,26.35,71.46,2.31,BG358,3781.1,8050.63,2331.19,23184.65,5705.67,9153.33,3450.83,55390.99,6197.95,8.42
7.3632,81.7372,Ampara,2011,Yala,Loam,2092.74,31.44,83.12,1.3,BG352,5085.6,14787.03,4290.4,11837.57,2853.58,6501.38,2913.17,48743.0,2779.64,16.52
7.4679,80.4119,Kurunegala,2012,Maha,Silt,1660.23,26.85,79.9,0.65,BG358,7337.91,8701.34,3643.47,16637.57,4388.01,11053.38,1362.88,53860.43,2167.86,23.64
7.4463,80.4229,Kurunegala,2012,Maha,Silt,1175.6,27.0,85.23,3.28,BG300,2905.21,7059.01,3763.97,12893.13,5570.32,12678.35,1038.49,45257.89,12391.5,3.48
7.7355,81.7996,Batticaloa,2012,Maha,Silt,1335.39,32.74,70.24,4.86,At402,2587.3,14647.02,3220.92,27313.17,2639.68,11126.16,3821.42,65391.87,14726.34,4.22
8.0858,81.0871,Polonnaruwa,2012,Yala,Clay,1833.15,31.38,88.9,4.32,BG300,3707.21,10504.37,1971.85,26703.37,4725.34,7813.61,2888.7,58499.57,10637.37,5.23
7.3769,81.7659,Ampara,2012,Maha,Loam,1288.43,26.29,73.38,1.75,BG352,3321.42,7102.22,1945.14,18973.54,3158.92,9195.08,2361.29,46355.96,3141.12,14.04
7.3441,81.7498,Ampara,2012,Yala,Sandy Loam,2198.17,32.99,77.01,3.95,BG300,4555.05,10780.15,3533.72,25443.87,6205.86,13310.19,2092.85,65798.44,12863.43,4.87
8.4424,80.5172,Anuradhapura,2012,Yala,Clay,1816.73,26.04,76.49,2.15,BG352,4523.46,12807.21,2784.83,18784.15,3281.19,9286.56,1495.81,52294.4,6397.95,7.78
7.4776,80.3419,Kurunegala,2012,Yala,Loam,1277.79,27.22,71.97,3.47,At402,6542.92,8760.26,1632.7,13040.56,6142.3,8494.03,3194.35,48002.48,8717.07,5.24
7.3632,81.7372,Ampara,2012,Yala,Loam,2092.74,31.44,83.12,1.3,BG352,5339.88,15526.39,4504.92,12429.44,2996.26,6826.45,3058.82,51180.15,2807.43,17.35
7.653,81.7779,Batticaloa,2012,Maha,Loam,2274.96,30.68,79.25,2.35,BG352,5920.96,11396.53,1762.22,19784.07,5509.77,10162.43,946.37,55930.97,5015.22,10.61
8.0549,81.0577,Polonnaruwa,2012,Yala,Sandy Loam,1040.75,26.46,79.28,4.59,BG352,5305.19,10948.8,1897.61,22044.98,5571.28,9359.58,3214.38,59069.67,9818.77,5.73
9.6501,80.0436,Jaffna,2012,Maha,Clay,1784.99,28.01,85.86,3.1,BG358,5831.06,13770.45,2808.06,26092.83,4438.79,7093.58,2964.55,63458.88,7364.64,8.2
8.3291,80.4699,Anuradhapura,2012,Maha,Loam,1184.5,29.91,76.86,3.78,BG352,5928.19,14218.85,3737.4,18490.14,4987.01,8289.68,1743.54,57847.65,10006.01,5.5
7.3121,81.6904,Ampara,2012,Yala,Loam,1449.09,28.51,86.09,1.75,BG300,3506.22,15270.44,1594.83,27389.27,5002.12,13923.34,1706.9,67632.02,5700.04,11.29
9.7908,80.1847,Jaffna,2012,Yala,Sandy Loam,1610.66,26.46,76.98,1.0,BG358,6783.5,15178.67,1793.7,26720.04,4397.84,8536.01,1024.42,64435.16,3375.73,18.16
9.6951,80.0377,Jaffna,2012,Yala,Clay,2060.63,26.35,71.46,2.31,BG358,3970.15,8453.16,2447.75,24343.88,5990.95,9611.0,3623.37,58160.54,6259.93,8.84
7.6211,81.7792,Batticaloa,2012,Maha,Silt,1339.04,30.48,89.58,3.22,At306,4313.08,12359.19,1952.3,25678.64,4321.48,10061.69,2619.69,61501.61,5998.48,9.75
7.4679,80.4119,Kurunegala,2013,Maha,Silt,1660.23,26.85,79.9,0.65,BG358,7704.81,9136.41,3825.64,17469.45,4607.41,11606.05,1431.03,56553.45,2189.54,24.82
7.4463,80.4229,Kurunegala,2013,Maha,Silt,1175.6,27.0,85.23,3.28,BG300,3050.47,7411.96,3952.16,13537.78,5848.84,13312.27,1090.41,47520.78,12515.41,3.65
7.7355,81.7996,Batticaloa,2013,Maha,Silt,1335.39,32.74,70.24,4.86,At402,2716.66,15379.37,3381.97,28678.83,2771.67,11682.47,4012.49,68661.47,14873.6,4.43
8.0858,81.0871,Polonnaruwa,2013,Yala,Clay,1833.15,31.38,88.9,4.32,BG300,3892.57,11029.59,2070.45,28038.54,4961.61,8204.29,3033.14,61424.55,10743.74,5.5
7.3769,81.7659,Ampara,2013,Maha,Loam,1288.43,26.29,73.38,1.75,BG352,3487.49,7457.33,2042.39,19922.22,3316.86,9654.83,2479.35,48673.76,3172.53,14.74
7.3441,81.7498,Ampara,2013,Yala,Sandy Loam,2198.17,32.99,77.01,3.95,BG300,4782.8,11319.16,3710.4,26716.06,6516.15,13975.7,2197.5,69088.37,12992.06,5.11
8.4424,80.5172,Anuradhapura,2013,Yala,Clay,1816.73,26.04,76.49,2.15,BG352,4749.63,13447.57,2924.07,19723.36,3445.25,9750.89,1570.6,54909.12,6461.93,8.17
7.4776,80.3419,Kurunegala,2013,Yala,Loam,1277.79,27.22,71.97,3.47,At402,6870.07,9198.27,1714.33,13692.59,6449.41,8918.74,3354.07,50402.6,8804.24,5.5
7.3632,81.7372,Ampara,2013,Yala,Loam,2092.74,31.44,83.12,1.3,BG352,5606.87,16302.71,4730.17,13050.92,3146.07,7167.77,3211.76,53739.16,2835.51,18.21
7.653,81.7779,Batticaloa,2013,Maha,Loam,2274.96,30.68,79.25,2.35,BG352,6217.01,11966.36,1850.33,20773.28,5785.26,10670.55,993.68,58727.51,5065.38,11.14
8.0549,81.0577,Polonnaruwa,2013,Yala,Sandy Loam,1040.75,26.46,79.28,4.59,BG352,5570.44,11496.24,1992.49,23147.23,5849.84,9827.56,3375.1,62023.15,9916.96,6.01
9.6501,80.0436,Jaffna,2013,Maha,Clay,1784.99,28.01,85.86,3.1,BG358,6122.62,14458.97,2948.47,27397.47,4660.72,7448.26,3112.78,66631.83,7438.29,8.61
8.3291,80.4699,Anuradhapura,2013,Maha,Loam,1184.5,29.91,76.86,3.78,BG352,6224.6,14929.79,3924.27,19414.64,5236.36,8704.16,1830.72,60740.03,10106.07,5.78
7.3121,81.6904,Ampara,2013,Yala,Loam,1449.09,28.51,86.09,1.75,BG300,3681.54,16033.96,1674.57,28758.73,5252.22,14619.51,1792.24,71013.62,5757.04,11.86
9.7908,80.1847,Jaffna,2013,Yala,Sandy Loam,1610.66,26.46,76.98,1.0,BG358,7122.67,15937.61,1883.39,28056.05,4617.73,8962.81,1075.64,67656.92,3409.49,19.07
9.6951,80.0377,Jaffna,2013,Yala,Clay,2060.63,26.35,71.46,2.31,BG358,4168.66,8875.82,2570.14,25561.08,6290.5,10091.55,3804.54,61068.56,6322.53,9.28
7.6211,81.7792,Batticaloa,2013,Maha,Silt,1339.04,30.48,89.58,3.22,At306,4528.73,12977.15,2049.91,26962.58,4537.55,10564.77,2750.67,64576.69,6058.46,10.24
7.6211,81.7792,Batticaloa,2014,Maha,Silt,1339.04,30.48,89.58,3.22,At306,4755.17,13626.01,2152.41,28310.71,4764.43,11093.01,2888.21,67805.52,6119.05,10.75
9.6951,80.0377,Jaffna,2014,Yala,Clay,2060.63,26.35,71.46,2.31,BG358,4377.09,9319.61,2698.65,26839.13,6605.02,10596.13,3994.77,64121.99,6385.76,9.74
9.7908,80.1847,Jaffna,2014,Yala,Sandy Loam,1610.66,26.46,76.98,1.0,BG358,7478.8,16734.49,1977.56,29458.85,4848.62,9410.95,1129.42,71039.77,3443.59,20.02
7.3121,81.6904,Ampara,2014,Yala,Loam,1449.09,28.51,86.09,1.75,BG300,3865.61,16835.66,1758.3,30196.67,5514.83,15350.48,1881.85,74564.3,5814.61,12.45
8.3291,80.4699,Anuradhapura,2014,Maha,Loam,1184.5,29.91,76.86,3.78,BG352,6535.83,15676.28,4120.48,20385.38,5498.18,9139.37,1922.25,63777.03,10207.13,6.06
9.6501,80.0436,Jaffna,2014,Maha,Clay,1784.99,28.01,85.86,3.1,BG358,6428.75,15181.92,3095.89,28767.35,4893.76,7820.68,3268.42,69963.42,7512.67,9.04
8.0549,81.0577,Polonnaruwa,2014,Yala,Sandy Loam,1040.75,26.46,79.28,4.59,BG352,5848.97,12071.05,2092.12,24304.59,6142.33,10318.94,3543.85,65124.31,10016.13,6.31
7.653,81.7779,Batticaloa,2014,Maha,Loam,2274.96,30.68,79.25,2.35,BG352,6527.86,12564.67,1942.85,21811.94,6074.52,11204.08,1043.37,61663.89,5116.03,11.7
7.4776,80.3419,Kurunegala,2014,Yala,Loam,1277.79,27.22,71.97,3.47,At402,7213.57,9658.19,1800.05,14377.22,6771.88,9364.67,3521.77,52922.73,8892.28,5.78
7.4679,80.4119,Kurunegala,2014,Maha,Silt,1660.23,26.85,79.9,0.65,BG358,8090.05,9593.23,4016.92,18342.92,4837.78,12186.36,1502.58,59381.12,2211.43,26.06
7.4463,80.4229,Kurunegala,2014,Maha,Silt,1175.6,27.0,85.23,3.28,BG300,3202.99,7782.55,4149.77,14214.67,6141.28,13977.89,1144.93,49896.82,12640.57,3.84
7.7355,81.7996,Batticaloa,2014,Maha,Silt,1335.39,32.74,70.24,4.86,At402,2852.5,16148.34,3551.06,30112.77,2910.25,12266.59,4213.12,72094.54,15022.34,4.66
7.3632,81.7372,Ampara,2014,Yala,Loam,2092.74,31.44,83.12,1.3,BG352,5887.22,17117.84,4966.68,13703.46,3303.38,7526.16,3372.35,56426.11,2863.86,19.13
7.3769,81.7659,Ampara,2014,Maha,Loam,1288.43,26.29,73.38,1.75,BG352,3661.87,7830.2,2144.51,20918.33,3482.71,10137.57,2603.32,51107.45,3204.26,15.48
7.3441,81.7498,Ampara,2014,Yala,Sandy Loam,2198.17,32.99,77.01,3.95,BG300,5021.94,11885.12,3895.92,28051.86,6841.96,14674.48,2307.37,72542.78,13121.98,5.36
8.4424,80.5172,Anuradhapura,2014,Yala,Clay,1816.73,26.04,76.49,2.15,BG352,4987.12,14119.95,3070.28,20709.53,3617.51,10238.44,1649.14,57654.58,6526.55,8.58
8.0858,81.0871,Polonnaruwa,2014,Yala,Clay,1833.15,31.38,88.9,4.32,BG300,4087.2,11581.06,2173.97,29440.47,5209.69,8614.5,3184.8,64495.77,10851.18,5.77
8.4424,80.5172,Anuradhapura,2015,Yala,Clay,1816.73,26.04,76.49,2.15,BG352,5236.47,14825.95,3223.79,21745.01,3798.39,10750.36,1731.59,60537.31,6591.81,9.01
7.4679,80.4119,Kurunegala,2015,Maha,Silt,1660.23,26.85,79.9,0.65,BG358,8494.55,10072.89,4217.77,19260.06,5079.67,12795.67,1577.71,62350.18,2233.55,27.37
7.4463,80.4229,Kurunegala,2015,Maha,Silt,1175.6,27.0,85.23,3.28,BG300,3363.14,8171.68,4357.26,14925.41,6448.34,14676.78,1202.18,52391.66,12766.97,4.03
7.7355,81.7996,Batticaloa,2015,Maha,Silt,1335.39,32.74,70.24,4.86,At402,2995.12,16955.76,3728.62,31618.41,3055.76,12879.92,4423.77,75699.27,15172.56,4.89
8.0858,81.0871,Polonnaruwa,2015,Yala,Clay,1833.15,31.38,88.9,4.32,BG300,4291.56,12160.12,2282.67,30912.49,5470.18,9045.22,3344.04,67720.56,10959.69,6.06
7.3769,81.7659,Ampara,2015,Maha,Loam,1288.43,26.29,73.38,1.75,BG352,3844.96,8221.71,2251.74,21964.24,3656.84,10644.45,2733.49,53662.82,3236.3,16.25
7.3441,81.7498,Ampara,2015,Yala,Sandy Loam,2198.17,32.99,77.01,3.95,BG300,5273.03,12479.37,4090.72,29454.46,7184.05,15408.21,2422.74,76169.92,13253.2,5.63
7.4776,80.3419,Kurunegala,2015,Yala,Loam,1277.79,27.22,71.97,3.47,At402,7574.25,10141.1,1890.05,15096.08,7110.48,9832.91,3697.86,55568.87,8981.21,6.07
7.3632,81.7372,Ampara,2015,Yala,Loam,2092.74,31.44,83.12,1.3,BG352,6181.58,17973.73,5215.01,14388.63,3468.54,7902.47,3540.97,59247.42,2892.5,20.08
7.653,81.7779,Batticaloa,2015,Maha,Loam,2274.96,30.68,79.25,2.35,BG352,6854.25,13192.91,2039.99,22902.54,6378.25,11764.28,1095.54,64747.08,5167.19,12.28
8.0549,81.0577,Polonnaruwa,2015,Yala,Sandy Loam,1040.75,26.46,79.28,4.59,BG352,6141.41,12674.6,2196.73,25519.82,6449.45,10834.88,3721.04,68380.53,10116.29,6.63
9.6501,80.0436,Jaffna,2015,Maha,Clay,1784.99,28.01,85.86,3.1,BG358,6750.19,15941.02,3250.68,30205.71,5138.45,8211.71,3431.84,73461.59,7587.8,9.49
8.3291,80.4699,Anuradhapura,2015,Maha,Loam,1184.5,29.91,76.86,3.78,BG352,6862.62,16460.09,4326.5,21404.64,5773.09,9596.34,2018.37,66965.89,10309.2,6.37
7.3121,81.6904,Ampara,2015,Yala,Loam,1449.09,28.51,86.09,1.75,BG300,4058.89,17677.44,1846.21,31706.5,5790.58,16118.0,1975.95,78292.52,5872.76,13.07
9.7908,80.1847,Jaffna,2015,Yala,Sandy Loam,1610.66,26.46,76.98,1.0,BG358,7852.74,17571.21,2076.44,30931.79,5091.05,9881.5,1185.9,74591.76,3478.02,21.02
9.6951,80.0377,Jaffna,2015,Yala,Clay,2060.63,26.35,71.46,2.31,BG358,4595.95,9785.59,2833.58,28181.09,6935.27,11125.93,4194.5,67328.09,6449.61,10.23
7.6211,81.7792,Batticaloa,2015,Maha,Silt,1339.04,30.48,89.58,3.22,At306,4992.93,14307.31,2260.03,29726.24,5002.65,11647.66,3032.62,71195.8,6180.24,11.29
7.4679,80.4119,Kurunegala,2016,Maha,Silt,1660.23,26.85,79.9,0.65,BG358,8919.28,10576.53,4428.66,20223.07,5333.66,13435.46,1656.59,65467.69,2255.88,28.73
7.4463,80.4229,Kurunegala,2016,Maha,Silt,1175.6,27.0,85.23,3.28,BG300,3531.3,8580.27,4575.12,15671.68,6770.76,15410.62,1262.29,55011.25,12894.64,4.23
7.7355,81.7996,Batticaloa,2016,Maha,Silt,1335.39,32.74,70.24,4.86,At402,3144.88,17803.54,3915.05,33199.33,3208.55,13523.91,4644.96,79484.23,15324.29,5.13
8.0858,81.0871,Polonnaruwa,2016,Yala,Clay,1833.15,31.38,88.9,4.32,BG300,4506.13,12768.12,2396.8,32458.11,5743.69,9497.49,3511.24,71106.59,11069.29,6.36
7.3769,81.7659,Ampara,2016,Maha,Loam,1288.43,26.29,73.38,1.75,BG352,4037.21,8632.79,2364.32,23062.46,3839.69,11176.68,2870.16,56345.96,3268.66,17.07
7.3441,81.7498,Ampara,2016,Yala,Sandy Loam,2198.17,32.99,77.01,3.95,BG300,5536.69,13103.34,4295.26,30927.18,7543.26,16178.62,2543.88,79978.42,13385.73,5.91
8.4424,80.5172,Anuradhapura,2016,Yala,Clay,1816.73,26.04,76.49,2.15,BG352,5498.3,15567.25,3384.98,22832.26,3988.3,11287.88,1818.17,63564.17,6657.73,9.46
7.4776,80.3419,Kurunegala,2016,Yala,Loam,1277.79,27.22,71.97,3.47,At402,7952.96,10648.15,1984.55,15850.89,7466.0,10324.55,3882.75,58347.31,9071.02,6.37
9.7908,80.1847,Jaffna,2016,Yala,Sandy Loam,1610.66,26.46,76.98,1.0,BG358,8245.38,18449.77,2180.26,32478.38,5345.6,10375.57,1245.19,78321.34,3512.8,22.08
7.653,81.7779,Batticaloa,2016,Maha,Loam,2274.96,30.68,79.25,2.35,BG352,7196.96,13852.55,2141.99,24047.67,6697.16,12352.5,1150.31,67984.44,5218.86,12.9
8.0549,81.0577,Polonnaruwa,2016,Yala,Sandy Loam,1040.75,26.46,79.28,4.59,BG352,6448.49,13308.33,2306.56,26795.81,6771.92,11376.63,3907.1,71799.55,10217.46,6.96
9.6501,80.0436,Jaffna,2016,Maha,Clay,1784.99,28.01,85.86,3.1,BG358,7087.7,16738.07,3413.22,31716.0,5395.37,8622.3,3603.43,77134.67,7663.67,9.96
8.3291,80.4699,Anuradhapura,2016,Maha,Loam,1184.5,29.91,76.86,3.78,BG352,7205.75,17283.1,4542.83,22474.88,6061.74,10076.15,2119.29,70314.18,10412.3,6.69
7.3121,81.6904,Ampara,2016,Yala,Loam,1449.09,28.51,86.09,1.75,BG300,4261.84,18561.31,1938.52,33291.83,6080.1,16923.9,2074.74,82207.14,5931.49,13.72
9.6951,80.0377,Jaffna,2016,Yala,Clay,2060.63,26.35,71.46,2.31,BG358,4825.74,10274.87,2975.26,29590.14,7282.04,11682.23,4404.23,70694.5,6514.11,10.74
7.3632,81.7372,Ampara,2016,Yala,Loam,2092.74,31.44,83.12,1.3,BG352,6490.66,18872.42,5475.76,15108.07,3641.97,8297.59,3718.02,62209.79,2921.43,21.09
7.6211,81.7792,Batticaloa,2016,Maha,Silt,1339.04,30.48,89.58,3.22,At306,5242.57,15022.68,2373.03,31212.55,5252.78,12230.05,3184.25,74755.59,6242.04,11.86
7.6211,81.7792,Batticaloa,2017,Maha,Silt,1339.04,30.48,89.58,3.22,At306,5504.7,15773.81,2491.68,32773.18,5515.42,12841.55,3343.46,78493.37,6304.46,12.45
9.6951,80.0377,Jaffna,2017,Yala,Clay,2060.63,26.35,71.46,2.31,BG358,5067.03,10788.61,3124.02,31069.65,7646.14,12266.34,4624.44,74229.22,6579.25,11.28
9.7908,80.1847,Jaffna,2017,Yala,Sandy Loam,1610.66,26.46,76.98,1.0,BG358,8657.65,19372.26,2289.27,34102.3,5612.88,10894.35,1307.45,82237.41,3547.93,23.18
7.3441,81.7498,Ampara,2017,Yala,Sandy Loam,2198.17,32.99,77.01,3.95,BG300,5813.52,13758.51,4510.02,32473.54,7920.42,16987.55,2671.07,83977.34,13519.59,6.21
7.3121,81.6904,Ampara,2017,Yala,Loam,1449.09,28.51,86.09,1.75,BG300,4474.93,19489.38,2035.45,34956.42,6384.11,17770.1,2178.48,86317.5,5990.8,14.41
7.4776,80.3419,Kurunegala,2017,Yala,Loam,1277.79,27.22,71.97,3.47,At402,8350.61,11180.56,2083.78,16643.43,7839.3,10840.78,4076.89,61264.68,9161.73,6.69
8.4424,80.5172,Anuradhapura,2017,Yala,Clay,1816.73,26.04,76.49,2.15,BG352,5773.21,16345.61,3554.23,23973.87,4187.72,11852.27,1909.08,66742.38,6724.31,9.93
7.3632,81.7372,Ampara,2017,Yala,Loam,2092.74,31.44,83.12,1.3,BG352,6815.19,19816.04,5749.55,15863.47,3824.07,8712.47,3903.92,65320.28,2950.64,22.14
7.653,81.7779,Batticaloa,2017,Maha,Loam,2274.96,30.68,79.25,2.35,BG352,7556.81,14545.18,2249.09,25250.05,7032.02,12970.12,1207.83,71383.66,5271.05,13.54
7.3769,81.7659,Ampara,2017,Maha,Loam,1288.43,26.29,73.38,1.75,BG352,4239.07,9064.43,2482.54,24215.58,4031.67,11735.51,3013.67,59163.26,3301.35,17.92
8.3291,80.4699,Anuradhapura,2017,Maha,Loam,1184.5,29.91,76.86,3.78,BG352,7566.04,18147.25,4769.97,23598.62,6364.83,10579.96,2225.25,73829.89,10516.42,7.02
8.0858,81.0871,Polonnaruwa,2017,Yala,Clay,1833.15,31.38,88.9,4.32,BG300,4731.44,13406.53,2516.64,34081.02,6030.87,9972.36,3686.8,74661.92,11179.98,6.68
9.6501,80.0436,Jaffna,2017,Maha,Clay,1784.99,28.01,85.86,3.1,BG358,7442.08,17574.97,3583.88,33301.8,5665.14,9053.41,3783.6,80991.4,7740.31,10.46
7.4679,80.4119,Kurunegala,2017,Maha,Silt,1660.23,26.85,79.9,0.65,BG358,9365.24,11105.36,4650.09,21234.22,5600.34,14107.23,1739.42,68741.07,2278.44,30.17
7.7355,81.7996,Batticaloa,2017,Maha,Silt,1335.39,32.74,70.24,4.86,At402,3302.12,18693.72,4110.8,34859.3,3368.98,14200.11,4877.21,83458.44,15477.53,5.39
7.4463,80.4229,Kurunegala,2017,Maha,Silt,1175.6,27.0,85.23,3.28,BG300,3707.86,9009.28,4803.88,16455.26,7109.3,16181.15,1325.4,57761.81,13023.59,4.44
8.0549,81.0577,Polonnaruwa,2017,Yala,Sandy Loam,1040.75,26.46,79.28,4.59,BG352,6770.91,13973.75,2421.89,28135.6,7110.52,11945.46,4102.45,75389.53,10319.63,7.31
9.6315,80.2402,Jaffna,2018,Maha,Clay,2043.62,29.18,82.55,3.13,At402,9308.11,8545.36,3123.85,34008.23,7451.32,12923.54,3480.53,78395.7,6929.4,11.31
9.7211,80.0248,Jaffna,2018,Maha,Silt,1979.74,32.57,87.42,3.95,At306,8519.13,15979.82,3041.15,33143.9,6353.66,14285.73,1443.96,82661.46,11110.51,7.44
8.384,80.4904,Anuradhapura,2018,Maha,Sandy Loam,1279.86,32.25,80.79,4.13,BG352,9272.64,11816.04,2440.21,19558.7,5135.54,17634.19,4442.92,69314.14,12074.65,5.74
8.0247,80.9795,Polonnaruwa,2018,Yala,Silt,1086.67,30.87,89.67,1.58,BG358,3995.75,9456.62,3213.1,17020.92,6460.81,7809.79,3037.69,51988.07,5673.36,9.16
9.7931,80.083,Jaffna,2018,Yala,Clay,1262.26,29.52,77.97,1.16,At402,5572.74,8818.07,2103.25,17703.33,7815.58,14143.88,4863.29,60885.14,2883.75,21.11
8.4256,80.5394,Anuradhapura,2018,Yala,Clay,2369.86,29.58,80.03,4.09,At402,7549.75,16423.6,5183.17,32800.11,4689.98,11882.58,1375.93,80061.68,7685.41,10.42
7.3686,80.4485,Kurunegala,2018,Yala,Clay,2042.72,28.83,78.56,3.73,BG352,7847.05,19895.07,2513.58,17082.19,6621.69,14519.03,2096.64,69734.09,7416.91,9.4
7.3916,81.6118,Ampara,2018,Maha,Loam,1711.26,26.68,79.83,2.63,BG300,4212.41,13206.22,3594.02,27317.0,6175.47,7588.95,2498.45,64844.24,7645.15,8.48
8.4028,80.4079,Anuradhapura,2018,Maha,Silt,2197.57,31.76,87.15,4.62,At306,6016.9,11826.4,4328.79,22423.45,6005.37,16172.62,3753.62,70276.26,10011.97,7.02
7.385,81.647,Ampara,2018,Maha,Clay,1695.55,28.47,81.67,0.85,At402,9820.76,19834.53,4792.65,25721.93,4547.64,17579.34,3738.92,85361.0,3233.43,26.4
7.6106,81.6537,Batticaloa,2018,Yala,Silt,1908.67,28.55,74.36,4.95,At402,6178.01,16259.29,2562.21,24711.79,3137.68,13570.92,4856.07,71044.38,9334.67,7.61
7.4919,80.3335,Kurunegala,2018,Yala,Clay,1046.43,28.72,73.2,0.61,BG358,8293.5,13502.28,3156.98,33001.66,3580.69,19426.94,2255.87,83994.73,1907.15,44.04
7.5115,80.2881,Kurunegala,2018,Yala,Loam,2412.2,28.7,89.22,4.57,At306,4370.54,8832.34,2403.11,15364.44,3472.21,15879.09,1284.75,51244.43,16720.38,3.06
8.3371,80.4301,Anuradhapura,2018,Yala,Loam,1660.66,28.12,75.19,1.38,BG358,3403.53,12109.38,3080.99,34328.35,5788.54,11514.6,3321.87,72825.65,3832.12,19.0
8.3812,80.3511,Anuradhapura,2018,Yala,Sandy Loam,1406.12,30.51,78.17,0.61,BG352,4093.07,16591.67,4635.7,15541.92,4109.86,10003.97,3687.57,57703.18,1237.71,46.62
7.8498,81.8172,Batticaloa,2018,Maha,Sandy Loam,1439.82,28.3,83.45,3.89,At306,8541.05,17475.42,2364.82,24888.41,3287.79,14143.88,2766.12,74242.9,10005.13,7.42
8.4122,80.5398,Anuradhapura,2018,Maha,Clay,1045.98,27.8,79.25,4.41,At402,8090.18,16912.48,3701.97,21918.7,4855.19,19839.44,1160.44,77212.46,13552.31,5.7
7.4434,80.3958,Kurunegala,2018,Maha,Silt,1034.91,31.7,75.64,1.03,BG358,7877.16,15547.31,5509.89,29701.42,7017.4,10666.45,1709.76,78530.62,3682.29,21.33
8.2977,80.4447,Anuradhapura,2018,Maha,Silt,2424.94,31.5,71.79,2.38,BG358,9153.83,19336.78,3869.61,27268.23,3835.17,19885.19,1926.69,86160.96,7685.55,11.21
7.9925,81.0749,Polonnaruwa,2018,Yala,Clay,2239.69,28.24,87.91,2.25,BG300,3075.86,18864.58,2365.15,21386.27,7750.31,19357.89,3293.75,76357.48,6269.81,12.18
7.9336,81.0214,Polonnaruwa,2018,Maha,Loam,1911.61,29.59,74.61,1.29,BG300,4543.4,10237.26,5118.34,22002.51,3289.21,19598.33,4535.14,70179.69,5145.55,13.64
7.9395,81.0205,Polonnaruwa,2018,Maha,Silt,1223.19,29.24,89.62,2.68,At306,9044.83,15064.78,3501.32,20715.67,4016.12,16903.38,2546.16,71814.81,7726.75,9.29
9.7381,80.1568,Jaffna,2018,Yala,Clay,1398.4,26.91,87.77,4.8,At402,9034.89,17714.19,4620.97,26017.15,3434.93,12309.89,2490.75,75142.28,16279.32,4.62
7.7522,81.6979,Batticaloa,2019,Yala,Clay,2294.2,27.52,71.91,0.61,At402,7493.8,15285.13,4186.79,19638.94,4954.53,14728.19,2987.07,70250.02,1281.1,54.84
9.716,80.165,Jaffna,2019,Yala,Silt,2488.73,32.49,80.8,4.29,BG358,6646.71,15483.03,2356.5,30105.41,3638.57,17738.88,4128.11,80514.7,8063.28,9.99
7.3531,80.2788,Kurunegala,2019,Maha,Silt,1759.21,29.08,72.11,3.38,BG358,4512.27,15435.06,4600.8,18040.5,3306.75,17149.9,2839.2,65000.81,13481.83,4.82
7.4449,81.7107,Ampara,2019,Yala,Clay,1047.38,32.55,71.04,2.94,BG300,7963.42,18451.63,4856.35,31034.56,4697.25,17592.73,1320.46,86706.03,8833.83,9.82
7.776,81.6701,Batticaloa,2019,Yala,Clay,2202.31,32.72,79.76,0.99,BG300,6835.72,13452.53,5377.43,16961.65,5441.21,8950.63,2298.7,59792.58,2818.77,21.21
9.6824,80.1705,Jaffna,2019,Maha,Sandy Loam,2352.64,29.23,82.74,3.47,BG300,9265.82,15640.04,4455.73,16333.04,5592.04,8952.2,3949.74,64213.05,11438.86,5.61
7.4224,80.4495,Kurunegala,2019,Yala,Clay,2387.04,32.14,75.16,3.47,BG300,8720.56,14662.41,4118.6,19837.05,3465.51,18663.8,4601.67,74335.8,8834.15,8.41
7.6534,81.7446,Batticaloa,2019,Maha,Loam,1502.8,31.62,70.09,2.0,At402,5787.18,14448.75,5679.42,21926.92,4734.77,16587.52,2808.87,71422.64,5590.73,12.78
7.483,80.3258,Kurunegala,2019,Yala,Silt,1917.18,26.13,87.44,4.69,At402,6955.93,16359.81,5690.0,29144.77,3762.7,14491.75,3426.86,79680.08,16040.63,4.97
7.439,81.7382,Ampara,2019,Maha,Loam,1927.38,28.58,79.25,3.86,At402,3256.78,11029.24,4853.4,32904.14,5558.39,13917.48,1428.69,72842.94,11470.99,6.35
8.3795,80.5317,Anuradhapura,2019,Maha,Clay,1682.11,29.61,79.78,3.5,BG352,3977.56,8359.68,3231.72,29093.62,4009.27,15754.62,4879.65,68493.92,11479.04,5.97
7.6528,81.7821,Batticaloa,2019,Maha,Sandy Loam,1538.85,30.15,73.27,2.26,At402,9785.89,11097.6,4626.95,21503.8,6867.37,8701.36,4879.28,67369.83,5241.64,12.85
7.8284,81.7262,Batticaloa,2019,Yala,Clay,1604.47,27.21,83.9,2.06,BG352,9829.27,15691.66,5289.92,17650.49,7310.07,18995.84,2948.25,77928.01,7174.12,10.86
7.4125,80.301,Kurunegala,2019,Yala,Clay,2130.94,31.63,70.36,4.83,BG300,8086.7,11657.01,5317.58,20630.42,7363.77,8463.55,3814.74,65415.17,9719.78,6.73
7.4299,81.6644,Ampara,2019,Maha,Sandy Loam,1675.53,31.24,83.02,3.29,BG358,5466.62,18097.37,3885.15,34582.1,6170.71,8641.44,3704.71,80198.31,10889.64,7.36
9.6262,80.0942,Jaffna,2019,Maha,Sandy Loam,1167.27,29.61,75.35,4.26,At306,3102.85,12549.13,3349.38,15386.55,3621.84,12377.35,2971.46,53167.14,12643.95,4.2
8.0455,81.0638,Polonnaruwa,2019,Maha,Clay,1341.62,32.75,88.19,3.75,BG352,6733.71,18439.63,2522.61,30810.2,3624.1,17324.74,2103.07,82312.24,14538.35,5.66
9.7357,80.071,Jaffna,2019,Yala,Clay,2111.36,28.21,72.04,2.12,At402,4892.75,18112.54,3253.39,30778.65,7459.36,12639.63,4639.77,81530.73,8312.46,9.81
9.6753,80.1979,Jaffna,2019,Maha,Silt,2053.81,28.09,72.11,4.02,At402,7509.04,8578.23,3440.2,34136.0,5502.01,12625.48,2830.8,74039.53,10496.85,7.05
9.7192,80.2208,Jaffna,2019,Maha,Clay,1002.35,30.45,71.02,1.66,BG300,3416.67,15245.55,4746.36,17289.75,4919.19,12931.07,2476.21,60266.85,4518.0,13.34
8.3252,80.4407,Anuradhapura,2019,Yala,Loam,2489.23,26.92,75.49,2.28,BG358,5952.8,12932.25,5630.44,29280.65,6039.53,11021.85,4295.16,76062.8,8223.13,9.25
8.0835,80.9945,Polonnaruwa,2019,Yala,Silt,1890.34,26.51,82.45,4.92,At402,4330.75,17511.14,5631.6,33874.03,7800.68,13778.98,4909.23,88351.03,10605.93,8.33
8.3633,80.4302,Anuradhapura,2019,Maha,Clay,1858.07,29.59,75.87,4.69,At402,5779.11,9045.11,4468.27,17276.77,4726.12,13596.36,4496.89,59375.72,15687.91,3.78
7.6101,81.6562,Batticaloa,2020,Maha,Clay,1358.17,26.77,77.09,1.79,At402,5074.16,10803.29,2168.37,15357.48,7938.61,12561.05,2537.31,56799.56,4081.48,13.92
7.7711,81.7075,Batticaloa,2020,Maha,Silt,2153.96,26.08,78.32,2.67,BG300,3134.35,11117.76,5041.16,17742.19,5676.55,9797.62,1048.48,53040.51,10538.28,5.03
7.7481,81.7145,Batticaloa,2020,Maha,Loam,1925.39,32.87,82.64,1.67,At306,7438.04,14479.82,5119.38,17139.61,6805.14,14036.47,4851.97,69554.17,5330.25,13.05
7.7016,81.761,Batticaloa,2020,Yala,Silt,1648.5,32.61,78.39,3.37,At306,5783.16,11290.58,5935.91,23186.68,7470.5,9989.41,1852.42,64570.93,10897.46,5.93
7.6278,81.7983,Batticaloa,2020,Maha,Sandy Loam,1561.81,32.66,84.64,3.19,BG300,4092.13,9871.93,2232.33,32323.52,6005.58,16204.94,1082.34,72752.59,11584.08,6.28
8.0085,80.9832,Polonnaruwa,2020,Yala,Silt,1368.02,28.73,75.77,2.1,At402,8033.32,11565.46,4265.62,24521.01,6318.36,19178.79,3930.29,77242.73,3924.07,19.68
7.9613,80.9461,Polonnaruwa,2020,Yala,Clay,2196.34,28.17,79.1,0.55,At402,3507.13,12709.92,3919.76,27000.41,4458.31,16034.76,4440.49,72630.48,1037.94,69.98
9.6476,80.1672,Jaffna,2020,Maha,Silt,2284.73,30.61,73.26,0.82,BG352,7496.93,8318.14,4343.1,33804.6,5877.37,12046.21,3573.15,75376.01,2460.29,30.64
7.4713,80.4081,Kurunegala,2020,Yala,Silt,1657.92,31.08,79.73,4.43,At306,9304.91,13060.65,3107.31,26847.01,7561.82,9738.61,3491.87,73375.3,15118.92,4.85
8.2758,80.4565,Anuradhapura,2020,Yala,Clay,1645.79,27.0,87.8,2.06,At306,4081.22,8305.37,4583.29,27738.05,4703.02,7932.25,2638.52,59604.15,6776.71,8.8
7.7474,81.8108,Batticaloa,2020,Yala,Clay,1183.16,29.17,88.68,1.92,At402,6550.64,8498.87,2593.37,34732.6,7825.59,7064.22,4807.25,72350.78,7122.09,10.16
7.2686,81.6443,Ampara,2020,Yala,Loam,1552.79,32.05,79.46,4.86,At306,4298.68,18423.48,5106.39,30418.44,7223.92,16893.31,3504.88,85131.59,9095.77,9.36
8.3414,80.3789,Anuradhapura,2020,Maha,Clay,1799.44,28.27,76.66,3.51,BG358,9958.98,15942.07,4231.13,29613.01,5326.03,7781.85,3249.19,77017.51,7671.69,10.04
9.7742,80.1549,Jaffna,2020,Yala,Sandy Loam,1062.51,26.59,84.33,0.82,BG352,3498.8,8145.3,5826.01,29750.17,4766.26,10854.96,2398.81,65789.62,2669.11,24.65
7.4312,81.6038,Ampara,2020,Maha,Silt,1715.35,31.03,74.95,3.38,BG300,7666.2,9952.4,4260.34,30432.54,5494.48,7157.34,1036.15,65713.51,12971.18,5.07
7.9036,80.9618,Polonnaruwa,2020,Yala,Silt,1554.72,26.37,85.35,2.37,BG352,8755.26,18204.18,2847.98,28147.07,5361.41,18442.04,1862.96,83976.53,7434.82,11.3
7.6897,81.7296,Batticaloa,2020,Maha,Silt,1841.83,29.66,72.3,4.37,BG300,8059.7,8812.02,4831.34,25870.76,3408.63,12957.91,2938.79,66210.7,16957.94,3.9
7.3322,81.7353,Ampara,2020,Yala,Loam,1892.7,26.07,79.28,4.84,At306,6633.23,16130.51,3247.46,30479.83,6864.61,13776.85,4904.06,81287.65,8892.46,9.14
7.9475,80.9244,Polonnaruwa,2020,Yala,Silt,1343.02,30.44,74.44,1.95,BG300,8936.29,16746.34,2381.6,23574.04,3145.85,13251.57,3649.74,70922.44,4749.32,14.93
7.5104,80.4228,Kurunegala,2020,Yala,Sandy Loam,1168.06,28.78,89.39,4.39,BG300,8719.5,11094.83,2683.55,28372.86,7646.88,14237.92,3286.45,75601.95,15333.76,4.93
7.5244,80.4217,Kurunegala,2020,Maha,Silt,1280.57,28.27,78.51,2.78,BG358,4696.87,9378.04,4442.48,20772.61,5906.19,9006.72,2924.56,57192.65,5320.95,10.75
8.2963,80.4888,Anuradhapura,2020,Maha,Silt,1896.12,30.2,83.3,1.29,At306,9400.88,13025.25,3532.55,25378.35,3234.83,9161.68,3952.13,66851.27,4033.75,16.57
8.0641,81.0743,Polonnaruwa,2020,Maha,Sandy Loam,1504.91,26.94,71.27,4.95,At306,5256.48,17718.49,3018.56,28630.05,6801.14,14743.3,2886.3,78878.0,12709.18,6.21
7.7582,81.717,Batticaloa,2020,Yala,Sandy Loam,1211.29,27.23,79.97,2.39,BG352,9403.92,12348.73,4322.35,27645.29,3065.47,15625.99,1712.14,75046.03,5083.67,14.76
9.7604,80.0548,Jaffna,2020,Yala,Sandy Loam,1758.78,31.88,84.66,2.94,BG300,7132.43,14100.33,3190.19,26300.44,6444.43,18353.2,3545.17,79588.43,6327.34,12.58
7.7295,81.66,Batticaloa,2020,Maha,Silt,2199.87,27.25,83.05,1.57,BG352,3696.09,10918.07,4889.07,32113.93,7151.1,12163.39,3672.34,74013.96,3838.53,19.28
8.3909,80.3592,Anuradhapura,2020,Yala,Clay,2069.87,31.33,81.23,3.97,BG352,6456.57,14272.79,3710.16,15508.38,3539.46,7408.58,3545.64,54070.29,11587.86,4.67
8.3968,80.5431,Anuradhapura,2021,Yala,Silt,2321.31,32.1,70.58,4.22,At306,3902.09,12021.43,4974.03,18215.2,7089.84,17817.74,3029.87,66062.97,10260.86,6.44
9.6228,80.1075,Jaffna,2021,Yala,Loam,2310.55,31.07,72.41,4.56,BG300,3465.11,14407.61,2568.55,15234.13,5110.17,10835.53,2944.0,54719.5,8646.79,6.33
7.9315,81.0667,Polonnaruwa,2021,Maha,Loam,1930.46,30.93,74.26,1.11,BG300,3101.81,12207.05,4359.67,22844.88,5187.37,18754.06,2393.02,68875.84,3911.68,17.61
8.072,81.098,Polonnaruwa,2021,Maha,Clay,1197.35,31.01,88.18,1.31,BG352,4662.8,19656.74,2723.91,32087.7,5461.39,10214.0,4483.0,79180.15,3841.7,20.61
9.6421,80.0857,Jaffna,2021,Yala,Loam,1360.22,26.53,72.58,1.08,BG300,4063.32,9665.93,4563.5,18637.6,4728.34,18658.25,2895.85,63547.91,2353.43,27.0
8.3092,80.4222,Anuradhapura,2021,Maha,Sandy Loam,1525.94,26.23,71.57,2.29,BG358,3929.01,14810.49,4757.86,31011.73,4000.75,9177.27,1418.27,69378.24,7681.22,9.03
8.4234,80.3863,Anuradhapura,2021,Yala,Loam,2266.82,28.23,86.58,0.67,BG352,7173.89,10760.11,2482.27,16539.06,6481.44,11418.37,3899.07,57884.92,1670.74,34.65
7.7796,81.681,Batticaloa,2021,Maha,Clay,1738.94,26.08,79.37,0.75,At402,3831.73,9410.31,4596.84,29920.9,5916.84,19508.24,2499.48,75255.76,2783.19,27.04
9.6296,80.0319,Jaffna,2021,Yala,Clay,1363.71,27.88,77.55,0.59,BG358,5254.55,10537.38,3309.99,17395.24,7452.64,14716.7,3716.41,62961.25,1708.98,36.84
7.3438,81.7263,Ampara,2021,Maha,Loam,2339.64,26.44,87.67,2.52,At402,6573.03,15519.11,5705.53,15382.32,5384.22,15940.39,3890.83,68780.49,5281.31,13.02
7.9557,80.9139,Polonnaruwa,2021,Yala,Silt,2394.29,31.81,89.3,1.06,At402,8116.07,19260.09,2724.93,16329.93,6705.6,14468.15,4367.32,71251.63,3762.56,18.94
7.9364,80.9424,Polonnaruwa,2021,Yala,Loam,2460.23,32.78,84.99,1.09,At402,8307.84,8295.04,2088.49,21472.2,5443.22,17015.3,3733.18,66247.08,2618.16,25.3
8.0878,80.9231,Polonnaruwa,2021,Maha,Loam,1302.44,27.15,73.29,4.17,BG300,7656.38,14276.79,3435.32,32544.01,4962.23,17615.79,2756.54,83000.95,11750.62,7.06
7.307,81.7526,Ampara,2021,Yala,Sandy Loam,1211.2,30.36,85.63,3.1,At306,4028.74,17733.49,4543.82,22763.31,6370.65,10378.76,2380.77,69034.51,7561.24,9.13
8.019,81.0648,Polonnaruwa,2021,Yala,Clay,1665.63,32.08,73.54,3.62,At306,8866.81,19335.37,4732.99,24943.5,6089.24,18295.76,3282.44,84606.88,13930.08,6.07
8.45,80.381,Anuradhapura,2021,Maha,Clay,1442.95,26.96,83.03,3.82,BG358,5209.39,15737.99,3580.52,29264.14,3996.08,18572.8,2149.64,78246.13,7364.2,10.63
7.806,81.8319,Batticaloa,2021,Yala,Clay,1388.95,29.01,87.45,4.29,BG352,4302.71,17631.72,3832.75,24659.38,3667.4,8047.82,3911.76,66046.46,11845.0,5.58
8.3678,80.3532,Anuradhapura,2021,Maha,Sandy Loam,2285.77,32.34,75.54,4.93,At306,3984.98,10424.19,2736.9,32879.79,6271.46,8977.36,2761.29,68266.57,9779.25,6.98
7.676,81.7305,Batticaloa,2021,Yala,Silt,2034.29,30.74,74.31,3.46,BG300,5757.05,15814.8,2426.37,28156.91,7997.07,7626.76,4908.7,72501.48,12856.18,5.64
7.418,80.4075,Kurunegala,2021,Maha,Loam,2035.01,27.41,80.72,0.94,BG358,6152.6,17073.96,3390.29,28298.23,6977.25,19053.31,1938.57,82682.84,2007.2,41.19
7.4538,80.3384,Kurunegala,2021,Maha,Silt,2002.32,30.34,79.27,2.21,At306,9043.34,14228.98,3916.73,15512.84,4706.24,11942.54,2595.29,62106.3,6572.38,9.45
8.2648,80.539,Anuradhapura,2021,Yala,Loam,1308.53,26.85,82.3,3.99,At306,7507.33,14363.63,2167.8,34369.78,6993.57,10806.69,4919.88,81332.44,12294.51,6.62
7.5365,80.3084,Kurunegala,2021,Yala,Silt,2341.29,27.34,76.47,1.52,At306,5484.97,8833.09,4076.24,16352.25,7001.78,10038.26,3160.05,55706.8,4912.53,11.34
8.0537,80.968,Polonnaruwa,2021,Yala,Sandy Loam,1852.46,26.66,77.35,1.69,At306,4707.93,19676.13,3572.39,32840.93,6155.69,17332.55,3010.55,87449.98,4873.18,17.95
7.3218,81.6688,Ampara,2021,Maha,Silt,1814.04,26.99,86.04,0.84,At402,9908.21,17266.94,2794.86,15110.44,7077.31,16189.15,3916.03,72805.48,1648.83,44.16
9.6718,80.074,Jaffna,2021,Maha,Silt,1182.25,27.38,87.74,3.41,BG358,5001.35,17791.36,5445.48,31930.29,7594.63,10279.13,4020.17,81983.49,12454.67,6.58
7.4408,81.7752,Ampara,2021,Maha,Clay,1292.86,31.06,75.62,0.61,BG358,7518.31,10125.33,5761.83,34078.57,7574.32,11812.06,1061.83,78788.89,1672.62,47.11
7.326,81.6907,Ampara,2022,Maha,Loam,2361.35,27.75,78.21,3.9,BG358,4601.59,8923.76,3159.01,18224.43,7648.49,17505.56,3533.62,64339.38,13915.51,4.62
9.608,80.108,Jaffna,2022,Yala,Clay,2173.58,29.97,84.77,4.45,BG300,5828.98,11924.4,4670.37,31156.92,6811.43,17371.58,2742.33,81141.68,9186.85,8.83
7.4835,80.4476,Kurunegala,2022,Yala,Silt,2344.5,26.09,71.71,1.44,At402,3185.73,10177.23,4332.17,23428.49,7463.36,17626.77,2367.27,68099.87,3794.87,17.95
7.3927,81.6469,Ampara,2022,Yala,Clay,1027.59,32.4,72.36,3.09,BG352,4918.39,14650.14,4605.68,31594.84,4032.11,7142.95,1547.54,69291.69,11502.7,6.02
7.2686,81.6193,Ampara,2022,Maha,Clay,1362.84,26.09,79.38,1.86,At402,7188.5,11566.85,3199.68,29863.86,3240.71,18737.63,4409.06,78541.9,5775.46,13.6
9.7045,80.0397,Jaffna,2022,Yala,Silt,2023.93,27.69,84.28,4.2,At306,8627.71,14630.01,4080.68,17857.52,6876.73,10528.32,2986.78,65156.3,8796.57,7.41
8.0358,80.9105,Polonnaruwa,2022,Maha,Loam,1944.34,26.38,84.97,1.93,BG300,3000.94,14133.55,2187.41,20523.39,6534.88,7814.97,4357.35,57560.13,4522.01,12.73
7.3693,81.6691,Ampara,2022,Yala,Clay,1452.07,31.23,80.05,1.54,At306,9297.02,12606.69,4174.21,33129.44,6121.19,8519.67,4759.33,78862.97,3906.66,20.19
7.364,80.3828,Kurunegala,2022,Yala,Clay,2315.15,28.39,86.43,1.0,BG358,8925.17,9529.86,3589.15,30945.91,3749.59,9980.27,3889.01,71049.03,3210.52,22.13
7.9872,80.9058,Polonnaruwa,2022,Yala,Sandy Loam,1812.85,32.11,84.64,4.13,At306,7611.48,16307.32,5396.78,19993.36,5447.12,9875.72,4950.67,70470.57,7792.23,9.04
7.5435,80.309,Kurunegala,2022,Maha,Silt,2191.3,26.65,81.76,2.66,BG300,7496.28,8778.24,4319.94,26229.69,5803.3,14845.34,3705.87,71788.64,6366.99,11.28
7.3029,81.6247,Ampara,2022,Yala,Silt,1132.9,27.54,81.96,3.81,BG358,9988.43,19197.36,4570.26,23424.96,6180.89,17213.47,1473.34,81868.52,13897.22,5.89
8.3864,80.4834,Anuradhapura,2022,Yala,Sandy Loam,1130.38,29.76,81.74,3.85,BG352,6021.62,9530.96,3135.1,22261.65,6229.59,14420.12,2424.39,64996.46,12060.91,5.39
7.9311,81.0914,Polonnaruwa,2022,Maha,Clay,2409.25,32.26,81.96,4.65,At306,3619.45,10351.79,2180.91,21506.61,4943.39,10527.54,4314.95,57158.15,11243.96,5.08
8.3387,80.5401,Anuradhapura,2022,Maha,Loam,1384.8,30.58,73.96,3.04,At402,6247.53,19664.06,4434.11,21990.13,3570.48,8966.21,1901.27,66275.72,11160.92,5.94
9.7266,80.1371,Jaffna,2022,Yala,Loam,1104.46,27.22,87.11,1.52,At306,8859.29,11351.31,4571.53,28883.01,5563.27,10969.04,1850.58,71114.41,3752.4,18.95
9.6426,80.0663,Jaffna,2022,Maha,Sandy Loam,1170.34,30.7,80.41,3.98,BG358,6641.14,18226.18,4207.63,26218.76,7383.27,12245.28,1536.06,75515.89,13775.98,5.48
7.3108,81.642,Ampara,2022,Yala,Silt,2401.55,32.48,79.02,1.01,At306,9893.89,18066.78,2498.65,33416.84,7349.48,13744.89,3365.1,88133.64,1939.68,45.44
8.0592,80.9587,Polonnaruwa,2022,Yala,Sandy Loam,1563.83,28.76,79.19,4.03,BG352,9244.59,19464.02,5147.61,21308.14,6440.67,12688.84,2018.68,76994.29,7594.69,10.14
9.6569,80.1197,Jaffna,2022,Maha,Clay,2225.95,29.17,82.87,2.87,BG358,8121.13,8979.56,2241.41,19942.06,3797.72,18333.19,1876.86,64243.66,7293.16,8.81
7.3194,81.6857,Ampara,2022,Maha,Loam,1743.81,26.57,74.4,3.57,BG300,3532.92,18214.48,3980.59,24611.73,5962.04,17720.85,2391.24,76769.88,10869.26,7.06
7.9977,80.9224,Polonnaruwa,2022,Yala,Sandy Loam,1922.51,32.93,72.8,2.83,BG300,9141.61,16889.22,4788.06,29049.68,4797.46,10816.69,4237.44,80340.39,10492.39,7.66
7.3137,81.6198,Ampara,2022,Maha,Sandy Loam,2471.79,31.55,87.08,1.59,BG300,9724.39,10363.11,5805.72,34896.39,6558.61,19754.87,3278.16,89900.33,4390.61,20.48
9.752,80.1122,Jaffna,2022,Yala,Sandy Loam,1865.92,32.06,89.61,2.33,At306,8792.63,17174.33,4294.12,34120.94,4002.37,8420.43,4415.85,81098.97,8535.56,9.5
7.344,81.6817,Ampara,2022,Maha,Sandy Loam,1911.86,31.35,86.26,3.73,BG358,9688.67,8218.79,2783.11,15151.26,6237.37,18674.4,1973.93,63581.6,7208.55,8.82
8.3047,80.5025,Anuradhapura,2022,Yala,Clay,1723.06,27.37,82.22,1.76,BG352,4448.95,14198.87,2022.02,15153.28,4095.34,7477.38,1432.1,48505.66,6275.61,7.73
7.7269,81.6898,Batticaloa,2022,Maha,Clay,2449.98,32.75,87.06,1.83,At402,5695.68,18213.64,3267.69,18389.85,5784.01,19170.01,3784.12,74445.12,3685.23,20.2
7.5145,80.2711,Kurunegala,2022,Yala,Sandy Loam,1400.54,32.15,85.95,3.46,At306,8954.07,18407.53,4833.45,31740.27,6487.36,15841.83,3474.45,90244.39,7435.3,12.14
8.4103,80.4736,Anuradhapura,2022,Maha,Silt,2240.06,32.89,75.77,4.83,BG300,5726.37,12626.14,3361.55,25828.15,3770.73,14198.25,3166.82,69201.81,17552.36,3.94
8.4008,80.3951,Anuradhapura,2023,Yala,Clay,2237.57,29.49,71.54,0.76,At306,5339.67,17418.76,4830.72,30772.3,5586.35,12722.59,1589.81,77916.59,2093.68,37.22
7.779,81.6977,Batticaloa,2023,Maha,Loam,1891.2,28.67,89.4,4.29,At306,8868.3,13624.32,3659.28,20468.14,3281.88,18241.39,4251.6,73394.35,17128.26,4.28
7.9505,80.9232,Polonnaruwa,2023,Maha,Silt,1620.32,26.85,73.62,3.57,At306,4270.07,14301.96,4836.19,17137.54,5836.56,10335.32,4851.71,61536.44,12756.27,4.82
8.4452,80.5122,Anuradhapura,2023,Maha,Sandy Loam,1355.84,26.71,73.06,1.61,BG358,4124.77,10238.8,3140.38,18467.47,7483.83,8043.04,3098.05,54417.13,6377.59,8.53
7.4423,80.3064,Kurunegala,2023,Yala,Sandy Loam,2461.29,31.93,70.47,4.54,BG352,8482.39,17364.51,3831.98,22960.11,4514.58,7854.03,1912.94,66413.75,13006.96,5.11
7.6354,81.72,Batticaloa,2023,Maha,Clay,1133.93,30.81,79.88,2.24,BG358,7428.98,16446.29,2017.45,18339.06,6565.23,15663.01,4864.19,71846.29,8717.41,8.24
7.6248,81.7479,Batticaloa,2023,Yala,Clay,1616.64,28.43,88.0,0.6,BG358,7646.53,19560.73,4240.67,33736.45,3261.29,12444.31,2040.63,83392.25,2375.31,35.11
7.3293,81.6748,Ampara,2023,Maha,Loam,2019.43,26.53,75.49,4.13,BG352,6217.65,14558.93,3731.26,15878.0,3828.75,12792.04,1836.74,57943.33,15099.4,3.84
7.7852,81.7591,Batticaloa,2023,Maha,Clay,1318.51,27.27,73.67,1.87,BG300,6673.3,13183.34,3164.92,27237.06,3697.47,10797.88,2465.45,67131.56,6596.21,10.18
7.4497,81.7695,Ampara,2023,Maha,Silt,2232.46,29.21,77.16,2.72,At306,8797.74,12022.5,2695.05,29240.28,7129.89,8308.29,1959.5,69437.19,6978.08,9.95
7.4887,80.3076,Kurunegala,2023,Maha,Silt,2401.65,28.46,72.03,2.69,BG300,4797.44,11418.47,3229.16,31060.52,5695.81,11047.0,3441.34,71122.04,6455.39,11.02
9.638,80.0111,Jaffna,2023,Maha,Sandy Loam,1208.91,31.56,82.4,2.9,BG358,9257.25,17463.17,2606.7,21234.44,4242.45,16671.3,1134.13,72749.22,10084.49,7.21
7.6049,81.8261,Batticaloa,2023,Yala,Clay,1393.4,30.17,71.03,2.73,BG358,7177.9,12010.93,5083.65,17131.97,3375.69,16466.45,2981.97,64605.36,7525.57,8.58
9.6619,80.1021,Jaffna,2023,Yala,Sandy Loam,2040.92,29.8,75.04,2.06,BG352,4271.18,18901.41,4333.57,23017.03,5310.03,19314.68,1613.41,76933.77,6000.69,12.82
7.4319,81.6653,Ampara,2023,Maha,Sandy Loam,1533.08,31.49,81.08,0.52,BG352,8326.94,8423.74,4982.94,19049.61,7790.37,11783.23,2307.73,61962.34,1285.61,48.2
8.4461,80.4568,Anuradhapura,2023,Maha,Clay,2058.36,32.48,73.61,3.06,At306,9408.42,8407.35,4789.68,20946.98,7621.98,19623.76,4777.07,75523.67,11311.27,6.68
9.6766,80.214,Jaffna,2023,Maha,Loam,2488.24,31.96,74.17,4.69,At306,3814.56,17809.4,3522.49,32559.49,7340.28,17477.03,4160.12,86292.73,9276.93,9.3
8.4001,80.464,Anuradhapura,2023,Yala,Clay,2398.04,26.72,88.74,3.6,At306,3474.86,11611.56,4832.69,16347.01,5910.85,11496.48,3483.66,56248.59,13382.57,4.2
8.3328,80.5155,Anuradhapura,2023,Yala,Clay,2296.85,29.83,77.61,4.9,BG358,3775.04,13070.58,2168.1,29798.08,7590.38,10640.49,4433.37,71060.48,18638.1,3.81
7.7439,81.7937,Batticaloa,2023,Yala,Silt,1847.26,26.46,85.51,2.54,BG352,6670.73,13289.15,3603.05,26192.81,3776.2,9365.07,4447.14,68236.38,6658.05,10.25
7.2806,81.632,Ampara,2023,Maha,Silt,1523.81,31.08,87.94,4.49,At306,8459.13,15704.38,2336.56,18232.57,7492.77,14883.58,1036.79,67348.72,14636.07,4.6
7.4154,80.4022,Kurunegala,2023,Yala,Silt,1809.24,31.54,76.38,3.32,BG358,9201.84,15390.36,2931.84,15488.02,7350.49,7276.5,4498.81,62195.73,12834.95,4.85
9.7123,80.1675,Jaffna,2023,Yala,Silt,2338.45,27.3,71.58,1.58,BG300,8562.05,8416.04,4331.23,34908.75,7278.48,13778.79,1254.56,79192.65,4926.05,16.08
8.0507,81.0707,Polonnaruwa,2023,Maha,Silt,1369.6,31.73,85.99,3.63,BG352,4905.02,15082.77,3443.9,16831.64,7586.57,8778.64,4800.95,61321.5,8012.47,7.65
9.6051,80.078,Jaffna,2023,Yala,Sandy Loam,1260.84,28.77,85.16,3.63,BG300,4077.27,17790.0,2897.76,19476.35,5684.87,14708.22,3320.34,67137.78,13541.4,4.96
8.4144,80.511,Anuradhapura,2023,Yala,Clay,1451.32,27.99,70.74,3.24,BG352,6518.75,8617.75,3114.59,33165.32,4197.81,8883.63,2957.81,68426.96,7557.37,9.05
7.2997,81.638,Ampara,2024,Maha,Silt,2485.76,28.89,77.44,3.99,BG352,5385.62,19169.09,5433.65,23579.88,6754.36,16809.06,1412.5,79349.27,11617.11,6.83
7.403,80.4068,Kurunegala,2024,Yala,Silt,1561.41,28.59,86.26,4.76,At402,9902.01,17040.54,3505.04,16670.01,6885.73,14259.26,2696.89,71772.19,9732.46,7.37
8.3568,80.4119,Anuradhapura,2024,Maha,Loam,2155.24,31.65,72.4,1.7,At402,3122.87,11519.7,5092.57,25359.21,4740.48,11832.61,1005.41,62272.45,5477.76,11.37
7.4393,81.6444,Ampara,2024,Yala,Clay,1704.98,32.23,84.15,0.78,At306,4031.12,8094.1,4523.69,23953.47,3671.37,19453.14,3118.64,66329.32,2263.04,29.31
9.7753,80.0787,Jaffna,2024,Yala,Silt,2008.2,31.33,74.75,3.78,BG352,5574.48,15587.67,4534.12,25715.49,3451.45,17858.93,2283.12,74378.3,7143.09,10.41
9.6277,80.0625,Jaffna,2024,Yala,Clay,2121.17,29.32,71.16,4.81,At402,9599.07,17422.27,5965.31,25889.65,7813.84,7982.87,2462.72,76586.49,10730.31,7.14
9.6227,80.0159,Jaffna,2024,Yala,Clay,2323.62,31.63,80.1,4.85,At306,5924.33,19809.32,4671.68,27693.43,3829.77,18465.06,2709.96,82428.02,8864.52,9.3
8.0098,81.0855,Polonnaruwa,2024,Yala,Clay,1530.13,27.66,85.61,1.74,BG300,8758.3,13084.86,4670.2,16910.71,6119.3,12872.98,3346.43,65098.81,5952.75,10.94
8.0104,81.0087,Polonnaruwa,2024,Yala,Sandy Loam,1454.69,27.84,77.2,0.89,BG352,9558.7,14645.63,3222.1,22939.63,5236.01,14807.73,3062.72,74311.3,2575.05,28.86
7.9398,80.9769,Polonnaruwa,2024,Maha,Sandy Loam,2122.11,31.68,83.13,1.08,At306,5367.87,19137.0,2898.46,22443.34,5160.38,12712.26,3451.76,72057.22,2515.89,28.64
7.2875,81.6724,Ampara,2024,Yala,Clay,1825.34,26.3,82.66,4.78,BG352,7211.28,17830.27,5536.83,19561.6,4060.22,14942.75,2644.11,72466.78,18068.64,4.01
7.9886,80.9848,Polonnaruwa,2024,Yala,Loam,2126.77,26.5,71.6,2.1,BG352,9592.08,16022.87,4714.68,22238.4,5968.3,7131.71,3544.38,70038.99,6610.09,10.6
8.0414,81.0406,Polonnaruwa,2024,Maha,Sandy Loam,1995.71,29.32,86.88,4.13,BG358,7097.48,18419.26,2823.36,17238.39,4348.75,7742.13,3124.68,61667.26,7791.48,7.91
7.7616,81.7118,Batticaloa,2024,Maha,Loam,1692.34,26.07,74.93,3.77,BG352,9942.67,9190.14,3605.98,31001.42,4020.18,14216.1,3932.29,76140.75,8345.48,9.12
7.3728,80.2631,Kurunegala,2024,Maha,Clay,1273.18,31.53,83.17,2.74,BG352,6887.54,16630.42,2913.82,34926.68,7873.97,15454.23,1798.17,86845.29,5367.21,16.18
7.4393,81.6609,Ampara,2024,Maha,Clay,2094.26,31.36,73.18,3.25,BG352,3947.48,17016.5,4627.82,34132.29,3344.79,7741.71,2128.75,72462.75,7615.9,9.51
7.2813,81.6817,Ampara,2024,Yala,Clay,1110.25,27.19,80.4,2.02,BG352,8802.18,13170.65,2994.86,27342.9,6533.89,9171.54,1670.48,68759.84,6908.57,9.95
7.6693,81.8055,Batticaloa,2024,Maha,Loam,2199.78,28.98,70.45,1.71,At306,6791.44,15601.74,3031.55,17787.12,7174.65,19797.23,3102.76,72629.85,4102.42,17.7
7.5294,80.3987,Kurunegala,2024,Yala,Loam,1885.44,27.88,82.48,2.34,BG352,6864.33,13233.52,3177.86,33969.07,6818.03,8821.47,4473.87,77333.01,8817.15,8.77
8.2549,80.399,Anuradhapura,2024,Maha,Silt,1621.94,26.6,89.94,2.76,At306,7167.7,8804.92,4999.84,19198.11,7490.27,9666.82,1762.75,58163.51,7834.39,7.42
7.8449,81.6823,Batticaloa,2024,Yala,Clay,2199.12,30.4,71.64,4.43,BG300,9446.11,8732.94,3107.51,31124.03,6741.3,9398.77,1837.4,70129.0,12696.16,5.52
7.6463,81.6933,Batticaloa,2024,Yala,Loam,1720.76,26.73,74.84,4.94,BG300,3997.47,13986.66,4472.62,29049.3,5798.24,7127.02,2305.85,66772.58,9846.93,6.78
9.6271,80.1134,Jaffna,2025,Yala,Sandy Loam,2359.38,27.75,75.44,3.92,At306,6148.18,17320.53,2261.46,24751.42,3168.07,7814.49,4625.75,65368.39,11647.6,5.61
7.7797,81.8019,Batticaloa,2025,Maha,Clay,1922.83,28.14,82.48,2.87,BG352,5982.58,9568.52,5546.42,23995.69,3973.11,11780.87,2656.52,64158.79,9798.04,6.55
7.385,81.6943,Ampara,2025,Yala,Sandy Loam,1575.75,30.0,81.76,1.33,BG300,5535.65,12014.14,2104.79,15483.84,7158.49,10549.92,3072.32,55516.6,5146.43,10.79
7.4446,81.6757,Ampara,2025,Yala,Loam,1537.7,26.81,87.26,3.3,At402,5316.29,8762.7,3243.93,21503.67,6648.03,15288.25,4548.85,65256.15,6808.25,9.58
9.7753,80.0915,Jaffna,2025,Yala,Sandy Loam,2314.98,32.97,77.37,2.52,BG358,8054.5,18634.35,4372.18,22830.51,5063.11,16043.04,1012.87,76249.74,6506.85,11.72
8.2965,80.4704,Anuradhapura,2025,Maha,Silt,1299.51,29.6,81.85,0.71,BG352,7252.81,10046.29,2260.21,33977.71,7828.16,17509.17,2218.46,80288.15,2346.77,34.21
8.4074,80.391,Anuradhapura,2025,Maha,Sandy Loam,1387.93,27.15,76.6,3.91,BG352,6635.7,10458.58,5511.32,32591.64,7352.89,10104.35,2804.96,76429.42,13678.85,5.59
7.4259,80.4479,Kurunegala,2025,Maha,Loam,1626.12,27.55,72.4,2.02,BG300,9600.37,11878.44,4075.16,29060.38,4818.15,19633.17,4849.79,83419.02,5845.77,14.27
8.0201,80.9703,Polonnaruwa,2025,Maha,Sandy Loam,1172.4,26.66,88.19,3.51,At306,8805.01,18547.75,4287.09,25348.93,5152.14,11120.31,2738.38,76547.37,10966.05,6.98
8.3029,80.5279,Anuradhapura,2025,Maha,Loam,1594.81,30.35,87.25,4.77,BG358,4029.51,19119.05,3968.47,20164.89,5295.68,19740.42,2970.47,74945.99,15232.91,4.92
8.4195,80.42,Anuradhapura,2025,Yala,Clay,2338.78,29.1,82.14,3.34,BG358,7141.88,16431.61,2949.73,25247.28,3521.12,11998.65,2950.67,70545.39,12996.5,5.43
9.6452,80.1073,Jaffna,2025,Maha,Loam,1900.98,31.21,80.13,3.35,BG300,3496.53,11052.7,3447.41,24449.87,3228.24,8820.31,2107.26,57545.39,8472.03,6.79
9.7992,80.1323,Jaffna,2025,Maha,Clay,1007.59,27.13,80.97,3.61,At402,7563.73,10691.23,4848.72,19744.98,4627.0,16704.39,3598.53,68477.03,11720.76,5.84
7.3338,81.7167,Ampara,2025,Yala,Loam,2233.81,32.65,84.51,3.26,BG352,5927.7,19192.74,5464.26,15904.37,3131.83,11894.02,4242.21,66731.68,6946.79,9.61
8.2757,80.4451,Anuradhapura,2025,Maha,Loam,1698.4,29.8,75.73,3.16,At402,3213.5,8448.18,5290.4,22203.81,3635.3,13789.16,4079.97,60091.96,10018.33,6.0
9.6846,80.0529,Jaffna,2025,Maha,Loam,1128.02,26.36,80.63,2.93,At306,7462.01,16713.1,5903.41,25326.01,4614.78,17337.42,2083.33,79318.0,5779.73,13.72
7.7625,81.7376,Batticaloa,2025,Yala,Clay,1038.03,32.74,86.72,3.63,BG352,5862.67,10079.53,2625.75,20004.86,5746.13,16289.75,3640.79,63809.35,14159.55,4.51
8.2628,80.3542,Anuradhapura,2025,Maha,Sandy Loam,2106.85,29.88,82.23,2.39,BG300,4734.12,12271.67,5031.38,15287.87,3580.36,7598.03,1162.92,50377.27,8001.83,6.3
8.3166,80.3836,Anuradhapura,2025,Maha,Sandy Loam,1939.35,29.42,78.04,4.97,BG358,9162.2,15480.87,4277.51,27413.21,4006.56,12136.79,1157.84,73586.07,14883.43,4.94
9.7062,80.1064,Jaffna,2025,Yala,Loam,2381.27,30.32,85.93,2.67,At306,3821.16,9502.23,4742.26,23606.12,4002.62,13390.73,1256.84,60485.9,6386.07,9.47
7.82,81.7612,Batticaloa,2025,Maha,Clay,2495.69,28.98,79.03,1.24,BG352,8563.67,16324.19,2883.08,16647.62,6402.5,15508.65,2093.04,69324.48,2644.09,26.22
9.6443,80.1538,Jaffna,2025,Yala,Silt,1839.63,29.69,84.39,4.51,BG300,3555.85,16777.96,2749.65,32163.54,7095.32,14030.32,3840.97,79842.31,12792.93,6.24
7.9279,81.049,Polonnaruwa,2025,Yala,Silt,1886.34,30.74,70.33,2.8,At402,4585.47,15742.07,2697.47,28818.75,4933.68,19177.49,1550.08,77187.14,5739.0,13.45
7.8161,81.8211,Batticaloa,2025,Yala,Silt,2251.22,31.18,72.86,3.89,At402,8382.46,15902.49,5064.46,31918.43,6068.02,8151.86,2950.51,77593.53,10489.75,7.4
7.6211,81.7792,Batticaloa,1999,Maha,Silt,1339.04,30.48,89.58,3.22,At306,2287.32,6554.34,1035.34,13617.93,2291.77,5335.93,1389.28,32615.62,5270.64,5.17
7.4679,80.4119,Kurunegala,1999,Maha,Silt,1660.23,26.85,79.9,0.65,BG358,3891.45,4614.51,1932.21,8823.26,2327.06,5861.85,722.76,28563.33,1904.82,12.54
7.4463,80.4229,Kurunegala,1999,Maha,Silt,1175.6,27.0,85.23,3.28,BG300,1540.69,3743.54,1996.11,6837.5,2954.06,6723.6,550.73,24001.23,10887.95,1.84
7.7355,81.7996,Batticaloa,1999,Maha,Silt,1335.39,32.74,70.24,4.86,At402,1372.1,7767.63,1708.12,14484.76,1399.88,5900.44,2026.58,34678.71,12939.48,2.24
8.0858,81.0871,Polonnaruwa,1999,Yala,Clay,1833.15,31.38,88.9,4.32,BG300,1966.01,5570.69,1045.72,14161.37,2505.95,4143.72,1531.94,31023.57,9346.66,2.78
7.3769,81.7659,Ampara,1999,Maha,Loam,1288.43,26.29,73.38,1.75,BG352,1761.42,3766.46,1031.55,10062.07,1675.24,4876.35,1252.24,24583.56,2759.99,7.45
7.3441,81.7498,Ampara,1999,Yala,Sandy Loam,2198.17,32.99,77.01,3.95,BG300,2415.64,5716.95,1874.01,13493.43,3291.1,7058.68,1109.88,34894.32,11302.61,2.58
8.4424,80.5172,Anuradhapura,1999,Yala,Clay,1816.73,26.04,76.49,2.15,BG352,2398.89,6791.94,1476.86,9961.64,1740.08,4924.86,793.26,27732.84,5621.64,4.13
9.6951,80.0377,Jaffna,1999,Yala,Clay,2060.63,26.35,71.46,2.31,BG358,2105.46,4482.89,1298.09,12910.08,3177.13,5096.92,1921.55,30843.77,5500.37,4.69
7.3632,81.7372,Ampara,1999,Yala,Loam,2092.74,31.44,83.12,1.3,BG352,2831.85,8233.97,2389.06,6591.6,1588.98,3620.21,1622.16,27141.93,2466.79,9.2
7.653,81.7779,Batticaloa,1999,Maha,Loam,2274.96,30.68,79.25,2.35,BG352,3140.01,6043.82,934.54,10491.92,2921.95,5389.35,501.88,29661.39,4406.69,5.63
8.0549,81.0577,Polonnaruwa,1999,Yala,Sandy Loam,1040.75,26.46,79.28,4.59,BG352,2813.45,5806.38,1006.35,11690.92,2954.57,4963.59,1704.65,31325.91,8627.39,3.04
9.6501,80.0436,Jaffna,1999,Maha,Clay,1784.99,28.01,85.86,3.1,BG358,3092.34,7302.76,1489.18,13837.59,2353.98,3761.88,1572.16,33653.6,6471.03,4.35
8.3291,80.4699,Anuradhapura,1999,Maha,Loam,1184.5,29.91,76.86,3.78,BG352,3143.85,7540.56,1982.02,9805.71,2644.72,4396.19,924.64,30677.84,8791.91,2.92
7.3121,81.6904,Ampara,1999,Yala,Loam,1449.09,28.51,86.09,1.75,BG300,1859.43,8098.24,845.77,14525.11,2652.73,7383.84,905.2,35866.7,5008.41,5.99
9.7908,80.1847,Jaffna,1999,Yala,Sandy Loam,1610.66,26.46,76.98,1.0,BG358,3597.43,8049.57,951.24,14170.21,2332.27,4526.83,543.27,34171.34,2966.13,9.63
7.4776,80.3419,Kurunegala,1999,Yala,Loam,1277.79,27.22,71.97,3.47,At402,3469.85,4645.75,865.85,6915.69,3257.39,4504.57,1694.03,25456.74,7659.36,2.78
7.4679,80.4119,Kurunegala,2000,Maha,Silt,1660.23,26.85,79.9,0.65,BG358,4086.02,4845.23,2028.82,9264.42,2443.41,6154.94,758.9,29991.5,1923.86,13.16
7.4463,80.4229,Kurunegala,2000,Maha,Silt,1175.6,27.0,85.23,3.28,BG300,1617.73,3930.72,2095.92,7179.38,3101.76,7059.78,578.27,25201.29,10996.83,1.94
7.7355,81.7996,Batticaloa,2000,Maha,Silt,1335.39,32.74,70.24,4.86,At402,1440.7,8156.01,1793.53,15209.0,1469.87,6195.46,2127.91,36412.64,13068.88,2.35
8.0858,81.0871,Polonnaruwa,2000,Yala,Clay,1833.15,31.38,88.9,4.32,BG300,2064.31,5849.22,1098.0,14869.44,2631.25,4350.91,1608.54,32574.75,9440.12,2.91
7.3769,81.7659,Ampara,2000,Maha,Loam,1288.43,26.29,73.38,1.75,BG352,1849.49,3954.78,1083.12,10565.18,1759.0,5120.16,1314.85,25812.73,2787.59,7.82
7.3441,81.7498,Ampara,2000,Yala,Sandy Loam,2198.17,32.99,77.01,3.95,BG300,2536.42,6002.79,1967.71,14168.1,3455.65,7411.61,1165.38,36639.04,11415.64,2.71
8.4424,80.5172,Anuradhapura,2000,Yala,Clay,1816.73,26.04,76.49,2.15,BG352,2518.83,7131.54,1550.7,10459.72,1827.09,5171.11,832.93,29119.48,5677.86,4.33
7.4776,80.3419,Kurunegala,2000,Yala,Loam,1277.79,27.22,71.97,3.47,At402,3643.34,4878.04,909.15,7261.47,3420.26,4729.8,1778.73,26729.58,7735.96,2.92
7.3632,81.7372,Ampara,2000,Yala,Loam,2092.74,31.44,83.12,1.3,BG352,2973.44,8645.67,2508.51,6921.18,1668.43,3801.22,1703.27,28499.02,2491.45,9.66
7.653,81.7779,Batticaloa,2000,Maha,Loam,2274.96,30.68,79.25,2.35,BG352,3297.01,6346.01,981.27,11016.51,3068.05,5658.82,526.97,31144.45,4450.76,5.91
8.0549,81.0577,Polonnaruwa,2000,Yala,Sandy Loam,1040.75,26.46,79.28,4.59,BG352,2954.13,6096.7,1056.66,12275.47,3102.3,5211.76,1789.89,32892.2,8713.66,3.19
9.6501,80.0436,Jaffna,2000,Maha,Clay,1784.99,28.01,85.86,3.1,BG358,3246.95,7667.9,1563.63,14529.47,2471.68,3949.97,1650.77,35336.28,6535.74,4.56
8.3291,80.4699,Anuradhapura,2000,Maha,Loam,1184.5,29.91,76.86,3.78,BG352,3301.04,7917.59,2081.12,10296.0,2776.95,4616.0,970.87,32211.74,8879.83,3.06
7.3121,81.6904,Ampara,2000,Yala,Loam,1449.09,28.51,86.09,1.75,BG300,1952.4,8503.15,888.06,15251.37,2785.37,7753.04,950.46,37660.04,5058.5,6.29
9.7908,80.1847,Jaffna,2000,Yala,Sandy Loam,1610.66,26.46,76.98,1.0,BG358,3777.3,8452.05,998.8,14878.72,2448.88,4753.17,570.44,35879.91,2995.79,10.11
9.6951,80.0377,Jaffna,2000,Yala,Clay,2060.63,26.35,71.46,2.31,BG358,2210.73,4707.03,1363.0,13555.59,3335.99,5351.76,2017.63,32385.96,5555.37,4.92
7.6211,81.7792,Batticaloa,2000,Maha,Silt,1339.04,30.48,89.58,3.22,At306,2401.68,6882.06,1087.11,14298.83,2406.36,5602.73,1458.74,34246.4,5323.34,5.43
7.4679,80.4119,Kurunegala,2001,Maha,Silt,1660.23,26.85,79.9,0.65,BG358,4290.32,5087.49,2130.26,9727.64,2565.58,6462.68,796.85,31491.08,1943.1,13.82
7.4463,80.4229,Kurunegala,2001,Maha,Silt,1175.6,27.0,85.23,3.28,BG300,1698.61,4127.25,2200.71,7538.34,3256.85,7412.77,607.18,26461.35,11106.79,2.03
7.7355,81.7996,Batticaloa,2001,Maha,Silt,1335.39,32.74,70.24,4.86,At402,1512.74,8563.81,1883.2,15969.45,1543.37,6505.23,2234.31,38233.27,13199.57,2.47
8.0858,81.0871,Polonnaruwa,2001,Yala,Clay,1833.15,31.38,88.9,4.32,BG300,2167.53,6141.69,1152.9,15612.91,2762.81,4568.45,1688.97,34203.49,9534.52,3.06
7.3769,81.7659,Ampara,2001,Maha,Loam,1288.43,26.29,73.38,1.75,BG352,1941.97,4152.52,1137.28,11093.44,1846.95,5376.17,1380.6,27103.37,2815.46,8.21
7.3441,81.7498,Ampara,2001,Yala,Sandy Loam,2198.17,32.99,77.01,3.95,BG300,2663.24,6302.93,2066.09,14876.5,3628.44,7782.19,1223.65,38470.99,11529.79,2.84
8.4424,80.5172,Anuradhapura,2001,Yala,Clay,1816.73,26.04,76.49,2.15,BG352,2644.77,7488.11,1628.23,10982.71,1918.44,5429.66,874.57,30575.45,5734.63,4.55
7.4776,80.3419,Kurunegala,2001,Yala,Loam,1277.79,27.22,71.97,3.47,At402,3825.51,5121.94,954.6,7624.55,3591.27,4966.29,1867.67,28066.06,7813.32,3.06
7.6211,81.7792,Batticaloa,2001,Maha,Silt,1339.04,30.48,89.58,3.22,At306,2521.77,7226.16,1141.47,15013.77,2526.68,5882.86,1531.68,35958.72,5376.58,5.7
9.6951,80.0377,Jaffna,2001,Yala,Clay,2060.63,26.35,71.46,2.31,BG358,2321.26,4942.39,1431.15,14233.36,3502.78,5619.35,2118.51,34005.26,5610.92,5.17
9.7908,80.1847,Jaffna,2001,Yala,Sandy Loam,1610.66,26.46,76.98,1.0,BG358,3966.17,8874.66,1048.74,15622.66,2571.32,4990.83,598.96,37673.91,3025.75,10.62
7.3121,81.6904,Ampara,2001,Yala,Loam,1449.09,28.51,86.09,1.75,BG300,2050.02,8928.31,932.46,16013.94,2924.63,8140.69,997.99,39543.04,5109.08,6.6
7.3632,81.7372,Ampara,2001,Yala,Loam,2092.74,31.44,83.12,1.3,BG352,3122.12,9077.96,2633.94,7267.24,1751.85,3991.28,1788.43,29923.97,2516.37,10.14
9.6501,80.0436,Jaffna,2001,Maha,Clay,1784.99,28.01,85.86,3.1,BG358,3409.3,8051.3,1641.82,15255.94,2595.27,4147.47,1733.31,37103.09,6601.1,4.79
8.0549,81.0577,Polonnaruwa,2001,Yala,Sandy Loam,1040.75,26.46,79.28,4.59,BG352,3101.83,6401.54,1109.5,12889.24,3257.41,5472.35,1879.38,34536.81,8800.8,3.35
7.653,81.7779,Batticaloa,2001,Maha,Loam,2274.96,30.68,79.25,2.35,BG352,3461.86,6663.31,1030.33,11567.34,3221.45,5941.76,553.32,32701.68,4495.26,6.2
8.3291,80.4699,Anuradhapura,2001,Maha,Loam,1184.5,29.91,76.86,3.78,BG352,3466.09,8313.46,2185.18,10810.8,2915.8,4846.8,1019.41,33822.32,8968.63,3.22
8.4424,80.5172,Anuradhapura,2002,Yala,Clay,1816.73,26.04,76.49,2.15,BG352,2777.01,7862.52,1709.65,11531.84,2014.36,5701.14,918.3,32104.23,5791.98,4.78
7.4679,80.4119,Kurunegala,2002,Maha,Silt,1660.23,26.85,79.9,0.65,BG358,4504.84,5341.87,2236.77,10214.02,2693.86,6785.82,836.69,33065.63,1962.53,14.51
7.4463,80.4229,Kurunegala,2002,Maha,Silt,1175.6,27.0,85.23,3.28,BG300,1783.54,4333.62,2310.75,7915.26,3419.69,7783.41,637.54,27784.42,11217.86,2.14
7.7355,81.7996,Batticaloa,2002,Maha,Silt,1335.39,32.74,70.24,4.86,At402,1588.38,8992.0,1977.37,16767.92,1620.54,6830.5,2346.02,40144.94,13331.56,2.59
8.0858,81.0871,Polonnaruwa,2002,Yala,Clay,1833.15,31.38,88.9,4.32,BG300,2275.9,6448.77,1210.55,16393.55,2900.95,4796.88,1773.41,35913.66,9629.87,3.21
7.3769,81.7659,Ampara,2002,Maha,Loam,1288.43,26.29,73.38,1.75,BG352,2039.07,4360.15,1194.14,11648.11,1939.3,5644.98,1449.63,28458.54,2843.62,8.62
7.3441,81.7498,Ampara,2002,Yala,Sandy Loam,2198.17,32.99,77.01,3.95,BG300,2796.4,6618.08,2169.4,15620.33,3809.86,8171.3,1284.83,40394.54,11645.09,2.99
7.3632,81.7372,Ampara,2002,Yala,Loam,2092.74,31.44,83.12,1.3,BG352,3278.22,9531.85,2765.63,7630.6,1839.44,4190.85,1877.85,31420.17,2541.53,10.65
8.0549,81.0577,Polonnaruwa,2002,Yala,Sandy Loam,1040.75,26.46,79.28,4.59,BG352,3256.92,6721.61,1164.97,13533.7,3420.28,5745.97,1973.35,36263.65,8888.81,3.52
7.653,81.7779,Batticaloa,2002,Maha,Loam,2274.96,30.68,79.25,2.35,BG352,3634.95,6996.48,1081.85,12145.71,3382.52,6238.85,580.99,34336.76,4540.22,6.51
9.6501,80.0436,Jaffna,2002,Maha,Clay,1784.99,28.01,85.86,3.1,BG358,3579.77,8453.86,1723.91,16018.74,2725.03,4354.85,1819.98,38958.25,6667.11,5.03
8.3291,80.4699,Anuradhapura,2002,Maha,Loam,1184.5,29.91,76.86,3.78,BG352,3639.39,8729.14,2294.44,11351.34,3061.59,5089.14,1070.38,35513.44,9058.31,3.38
7.3121,81.6904,Ampara,2002,Yala,Loam,1449.09,28.51,86.09,1.75,BG300,2152.52,9374.73,979.09,16814.64,3070.87,8547.72,1047.89,41520.19,5160.17,6.93
9.7908,80.1847,Jaffna,2002,Yala,Sandy Loam,1610.66,26.46,76.98,1.0,BG358,4164.48,9318.39,1101.18,16403.79,2699.89,5240.37,628.91,39557.6,3056.01,11.15
9.6951,80.0377,Jaffna,2002,Yala,Clay,2060.63,26.35,71.46,2.31,BG358,2437.33,5189.51,1502.71,14945.03,3677.92,5900.32,2224.43,35705.52,5667.03,5.43
7.6211,81.7792,Batticaloa,2002,Maha,Silt,1339.04,30.48,89.58,3.22,At306,2647.85,7587.47,1198.54,15764.46,2653.01,6177.01,1608.26,37756.65,5430.34,5.99
7.4776,80.3419,Kurunegala,2002,Yala,Loam,1277.79,27.22,71.97,3.47,At402,4016.79,5378.04,1002.33,8005.77,3770.84,5214.6,1961.05,29469.36,7891.45,3.22
7.3769,81.7659,Ampara,2003,Maha,Loam,1288.43,26.29,73.38,1.75,BG352,2141.02,4578.15,1253.85,12230.51,2036.27,5927.23,1522.11,29881.47,2872.05,9.05
7.3441,81.7498,Ampara,2003,Yala,Sandy Loam,2198.17,32.99,77.01,3.95,BG300,2936.22,6948.98,2277.87,16401.34,4000.35,8579.87,1349.07,42414.26,11761.54,3.14
8.0858,81.0871,Polonnaruwa,2003,Yala,Clay,1833.15,31.38,88.9,4.32,BG300,2389.7,6771.21,1271.07,17213.23,3046.0,5036.72,1862.08,37709.34,9726.17,3.37
8.4424,80.5172,Anuradhapura,2003,Yala,Clay,1816.73,26.04,76.49,2.15,BG352,2915.86,8255.64,1795.13,12108.43,2115.08,5986.2,964.22,33709.44,5849.9,5.02
7.4463,80.4229,Kurunegala,2003,Maha,Silt,1175.6,27.0,85.23,3.28,BG300,1872.72,4550.3,2426.29,8311.02,3590.68,8172.58,669.42,29173.64,11330.04,2.24
7.4679,80.4119,Kurunegala,2003,Maha,Silt,1660.23,26.85,79.9,0.65,BG358,4730.08,5608.96,2348.61,10724.72,2828.55,7125.11,878.53,34718.91,1982.16,15.24
7.7355,81.7996,Batticaloa,2003,Maha,Silt,1335.39,32.74,70.24,4.86,At402,1667.79,9441.6,2076.23,17606.32,1701.56,7172.02,2463.32,42152.18,13464.88,2.72
7.4776,80.3419,Kurunegala,2003,Yala,Loam,1277.79,27.22,71.97,3.47,At402,4217.63,5646.94,1052.45,8406.06,3959.38,5475.33,2059.11,30942.83,7970.37,3.38
7.6211,81.7792,Batticaloa,2003,Maha,Silt,1339.04,30.48,89.58,3.22,At306,2780.25,7966.85,1258.47,16552.68,2785.66,6485.86,1688.67,39644.49,5484.65,6.29
7.653,81.7779,Batticaloa,2003,Maha,Loam,2274.96,30.68,79.25,2.35,BG352,3816.7,7346.3,1135.94,12752.99,3551.65,6550.79,610.04,36053.6,4585.62,6.84
8.0549,81.0577,Polonnaruwa,2003,Yala,Sandy Loam,1040.75,26.46,79.28,4.59,BG352,3419.77,7057.69,1223.22,14210.39,3591.3,6033.27,2072.02,38076.84,8977.7,3.69
9.6501,80.0436,Jaffna,2003,Maha,Clay,1784.99,28.01,85.86,3.1,BG358,3758.76,8876.55,1810.1,16819.67,2861.28,4572.59,1910.98,40906.16,6733.78,5.28
8.3291,80.4699,Anuradhapura,2003,Maha,Loam,1184.5,29.91,76.86,3.78,BG352,3821.36,9165.59,2409.16,11918.91,3214.67,5343.6,1123.9,37289.11,9148.9,3.55
7.3121,81.6904,Ampara,2003,Yala,Loam,1449.09,28.51,86.09,1.75,BG300,2260.14,9843.46,1028.04,17655.37,3224.41,8975.11,1100.28,43596.2,5211.77,7.28
9.7908,80.1847,Jaffna,2003,Yala,Sandy Loam,1610.66,26.46,76.98,1.0,BG358,4372.7,9784.31,1156.24,17223.98,2834.89,5502.39,660.35,41535.48,3086.57,11.71
9.6951,80.0377,Jaffna,2003,Yala,Clay,2060.63,26.35,71.46,2.31,BG358,2559.19,5448.98,1577.84,15692.28,3861.82,6195.34,2335.66,37490.8,5723.7,5.7
7.3632,81.7372,Ampara,2003,Yala,Loam,2092.74,31.44,83.12,1.3,BG352,3442.13,10008.45,2903.91,8012.13,1931.42,4400.39,1971.74,32991.18,2566.95,11.18
7.4679,80.4119,Kurunegala,2004,Maha,Silt,1660.23,26.85,79.9,0.65,BG358,4966.59,5889.41,2466.04,11260.96,2969.98,7481.37,922.45,36454.86,2001.98,16.0
7.4463,80.4229,Kurunegala,2004,Maha,Silt,1175.6,27.0,85.23,3.28,BG300,1966.36,4777.81,2547.6,8726.58,3770.21,8581.21,702.89,30632.32,11443.34,2.35
7.7355,81.7996,Batticaloa,2004,Maha,Silt,1335.39,32.74,70.24,4.86,At402,1751.18,9913.68,2180.05,18486.63,1786.64,7530.62,2586.49,44259.79,13599.53,2.86
8.0858,81.0871,Polonnaruwa,2004,Yala,Clay,1833.15,31.38,88.9,4.32,BG300,2509.18,7109.77,1334.63,18073.89,3198.3,5288.56,1955.19,39594.81,9823.43,3.54
7.3769,81.7659,Ampara,2004,Maha,Loam,1288.43,26.29,73.38,1.75,BG352,2248.07,4807.06,1316.54,12842.04,2138.08,6223.59,1598.21,31375.54,2900.77,9.5
7.3441,81.7498,Ampara,2004,Yala,Sandy Loam,2198.17,32.99,77.01,3.95,BG300,3083.03,7296.43,2391.76,17221.41,4200.37,9008.86,1416.53,44534.98,11879.16,3.29
8.4424,80.5172,Anuradhapura,2004,Yala,Clay,1816.73,26.04,76.49,2.15,BG352,3061.66,8668.43,1884.88,12713.86,2220.84,6285.51,1012.43,35394.91,5908.4,5.27
7.4776,80.3419,Kurunegala,2004,Yala,Loam,1277.79,27.22,71.97,3.47,At402,4428.51,5929.29,1105.07,8826.37,4157.35,5749.1,2162.06,32489.97,8050.07,3.55
7.6211,81.7792,Batticaloa,2004,Maha,Silt,1339.04,30.48,89.58,3.22,At306,2919.26,8365.19,1321.39,17380.32,2924.94,6810.15,1773.11,41626.71,5539.49,6.6
7.653,81.7779,Batticaloa,2004,Maha,Loam,2274.96,30.68,79.25,2.35,BG352,4007.54,7713.62,1192.74,13390.64,3729.23,6878.33,640.54,37856.28,4631.47,7.18
8.0549,81.0577,Polonnaruwa,2004,Yala,Sandy Loam,1040.75,26.46,79.28,4.59,BG352,3590.76,7410.58,1284.38,14920.91,3770.86,6334.93,2175.62,39980.68,9067.47,3.88
9.6501,80.0436,Jaffna,2004,Maha,Clay,1784.99,28.01,85.86,3.1,BG358,3946.69,9320.38,1900.61,17660.66,3004.34,4801.22,2006.52,42951.47,6801.12,5.55
8.3291,80.4699,Anuradhapura,2004,Maha,Loam,1184.5,29.91,76.86,3.78,BG352,4012.43,9623.87,2529.62,12514.85,3375.41,5610.78,1180.1,39153.57,9240.38,3.72
7.3121,81.6904,Ampara,2004,Yala,Loam,1449.09,28.51,86.09,1.75,BG300,2373.15,10335.63,1079.44,18538.14,3385.63,9423.86,1155.29,45776.01,5263.89,7.64
9.7908,80.1847,Jaffna,2004,Yala,Sandy Loam,1610.66,26.46,76.98,1.0,BG358,4591.34,10273.52,1214.05,18085.18,2976.63,5777.51,693.37,43612.25,3117.43,12.29
9.6951,80.0377,Jaffna,2004,Yala,Clay,2060.63,26.35,71.46,2.31,BG358,2687.15,5721.43,1656.73,16476.9,4054.91,6505.1,2452.44,39365.34,5780.94,5.98
7.3632,81.7372,Ampara,2004,Yala,Loam,2092.74,31.44,83.12,1.3,BG352,3614.24,10508.87,3049.11,8412.74,2027.99,4620.41,2070.33,34640.74,2592.62,11.74
7.3441,81.7498,Ampara,2005,Yala,Sandy Loam,2198.17,32.99,77.01,3.95,BG300,3237.19,7661.25,2511.35,18082.48,4410.39,9459.3,1487.35,46761.73,11997.95,3.46
7.3769,81.7659,Ampara,2005,Maha,Loam,1288.43,26.29,73.38,1.75,BG352,2360.47,5047.41,1382.37,13484.14,2244.98,6534.77,1678.12,32944.32,2929.78,9.98
8.0858,81.0871,Polonnaruwa,2005,Yala,Clay,1833.15,31.38,88.9,4.32,BG300,2634.64,7465.26,1401.36,18977.59,3358.21,5552.98,2052.95,41574.55,9921.66,3.72
8.4424,80.5172,Anuradhapura,2005,Yala,Clay,1816.73,26.04,76.49,2.15,BG352,3214.74,9101.85,1979.13,13349.55,2331.88,6599.79,1063.05,37164.65,5967.48,5.53
7.4463,80.4229,Kurunegala,2005,Maha,Silt,1175.6,27.0,85.23,3.28,BG300,2064.68,5016.7,2674.98,9162.9,3958.72,9010.27,738.03,32163.94,11557.77,2.47
7.4679,80.4119,Kurunegala,2005,Maha,Silt,1660.23,26.85,79.9,0.65,BG358,5214.92,6183.88,2589.34,11824.01,3118.48,7855.43,968.57,38277.6,2022.0,16.8
7.7355,81.7996,Batticaloa,2005,Maha,Silt,1335.39,32.74,70.24,4.86,At402,1838.74,10409.36,2289.05,19410.96,1875.97,7907.15,2715.81,46472.78,13735.52,3.0
7.4776,80.3419,Kurunegala,2005,Yala,Loam,1277.79,27.22,71.97,3.47,At402,4649.93,6225.75,1160.33,9267.68,4365.22,6036.55,2270.16,34114.47,8130.57,3.73
7.6211,81.7792,Batticaloa,2005,Maha,Silt,1339.04,30.48,89.58,3.22,At306,3065.22,8783.45,1387.46,18249.33,3071.19,7150.66,1861.76,43708.05,5594.89,6.93
7.653,81.7779,Batticaloa,2005,Maha,Loam,2274.96,30.68,79.25,2.35,BG352,4207.91,8099.3,1252.38,14060.17,3915.69,7222.25,672.56,39749.09,4677.79,7.54
8.0549,81.0577,Polonnaruwa,2005,Yala,Sandy Loam,1040.75,26.46,79.28,4.59,BG352,3770.3,7781.11,1348.6,15666.95,3959.4,6651.68,2284.4,41979.71,9158.15,4.07
9.6501,80.0436,Jaffna,2005,Maha,Clay,1784.99,28.01,85.86,3.1,BG358,4144.03,9786.4,1995.64,18543.69,3154.56,5041.28,2106.85,45099.04,6869.13,5.82
8.3291,80.4699,Anuradhapura,2005,Maha,Loam,1184.5,29.91,76.86,3.78,BG352,4213.05,10105.07,2656.1,13140.59,3544.18,5891.32,1239.1,41111.25,9332.79,3.91
7.3121,81.6904,Ampara,2005,Yala,Loam,1449.09,28.51,86.09,1.75,BG300,2491.81,10852.42,1133.41,19465.04,3554.91,9895.06,1213.06,48064.81,5316.53,8.02
9.7908,80.1847,Jaffna,2005,Yala,Sandy Loam,1610.66,26.46,76.98,1.0,BG358,4820.9,10787.2,1274.75,18989.44,3125.46,6066.38,728.04,45792.87,3148.61,12.91
9.6951,80.0377,Jaffna,2005,Yala,Clay,2060.63,26.35,71.46,2.31,BG358,2821.51,6007.5,1739.57,17300.74,4257.66,6830.36,2575.06,41333.61,5838.75,6.28
7.3632,81.7372,Ampara,2005,Yala,Loam,2092.74,31.44,83.12,1.3,BG352,3794.95,11034.31,3201.56,8833.37,2129.39,4851.43,2173.85,36372.78,2618.54,12.33
8.4424,80.5172,Anuradhapura,2006,Yala,Clay,1816.73,26.04,76.49,2.15,BG352,3375.48,9556.94,2078.08,14017.03,2448.47,6929.78,1116.2,39022.89,6027.16,5.81
7.4679,80.4119,Kurunegala,2006,Maha,Silt,1660.23,26.85,79.9,0.65,BG358,5475.66,6493.07,2718.81,12415.21,3274.4,8248.21,1017.0,40191.48,2042.22,17.64
7.4463,80.4229,Kurunegala,2006,Maha,Silt,1175.6,27.0,85.23,3.28,BG300,2167.91,5267.54,2808.73,9621.05,4156.66,9460.78,774.93,33772.13,11673.35,2.6
7.7355,81.7996,Batticaloa,2006,Maha,Silt,1335.39,32.74,70.24,4.86,At402,1930.68,10929.83,2403.5,20381.51,1969.77,8302.51,2851.6,48796.42,13872.88,3.15
8.0858,81.0871,Polonnaruwa,2006,Yala,Clay,1833.15,31.38,88.9,4.32,BG300,2766.37,7838.52,1471.43,19926.47,3526.12,5830.63,2155.6,43653.28,10020.88,3.91
7.3441,81.7498,Ampara,2006,Yala,Sandy Loam,2198.17,32.99,77.01,3.95,BG300,3399.04,8044.32,2636.92,18986.61,4630.91,9932.27,1561.72,49099.81,12117.93,3.63
7.4776,80.3419,Kurunegala,2006,Yala,Loam,1277.79,27.22,71.97,3.47,At402,4882.43,6537.04,1218.34,9731.07,4583.48,6338.38,2383.67,35820.19,8211.88,3.91
7.3769,81.7659,Ampara,2006,Maha,Loam,1288.43,26.29,73.38,1.75,BG352,2478.5,5299.78,1451.49,14158.35,2357.23,6861.51,1762.03,34591.53,2959.08,10.48
7.653,81.7779,Batticaloa,2006,Maha,Loam,2274.96,30.68,79.25,2.35,BG352,4418.31,8504.27,1315.0,14763.18,4111.48,7583.36,706.19,41736.55,4724.57,7.92
9.6951,80.0377,Jaffna,2006,Yala,Clay,2060.63,26.35,71.46,2.31,BG358,2962.59,6307.88,1826.55,18165.78,4470.54,7171.87,2703.81,43400.29,5897.14,6.6
9.7908,80.1847,Jaffna,2006,Yala,Sandy Loam,1610.66,26.46,76.98,1.0,BG358,5061.95,11326.56,1338.49,19938.91,3281.73,6369.7,764.44,48082.51,3180.09,13.55
7.3121,81.6904,Ampara,2006,Yala,Loam,1449.09,28.51,86.09,1.75,BG300,2616.4,11395.04,1190.09,20438.29,3732.66,10389.81,1273.71,50468.05,5369.7,8.43
7.6211,81.7792,Batticaloa,2006,Maha,Silt,1339.04,30.48,89.58,3.22,At306,3218.48,9222.62,1456.83,19161.8,3224.75,7508.19,1954.85,45893.45,5650.84,7.28
7.3632,81.7372,Ampara,2006,Yala,Loam,2092.74,31.44,83.12,1.3,BG352,3984.7,11586.03,3361.64,9275.04,2235.85,5094.0,2282.54,38191.41,2644.73,12.94
9.6501,80.0436,Jaffna,2006,Maha,Clay,1784.99,28.01,85.86,3.1,BG358,4351.23,10275.72,2095.42,19470.87,3312.29,5293.34,2212.19,47353.99,6937.82,6.12
8.0549,81.0577,Polonnaruwa,2006,Yala,Sandy Loam,1040.75,26.46,79.28,4.59,BG352,3958.81,8170.16,1416.03,16450.3,4157.37,6984.26,2398.62,44078.7,9249.73,4.27
8.3291,80.4699,Anuradhapura,2006,Maha,Loam,1184.5,29.91,76.86,3.78,BG352,4423.71,10610.32,2788.9,13797.62,3721.38,6185.88,1301.06,43166.81,9426.12,4.1
8.4424,80.5172,Anuradhapura,2007,Yala,Clay,1816.73,26.04,76.49,2.15,BG352,3544.25,10034.79,2181.99,14717.88,2570.9,7276.27,1172.01,40974.03,6087.43,6.1
7.4679,80.4119,Kurunegala,2007,Maha,Silt,1660.23,26.85,79.9,0.65,BG358,5749.44,6817.73,2854.75,13035.97,3438.12,8660.62,1067.85,42201.05,2062.64,18.52
7.4463,80.4229,Kurunegala,2007,Maha,Silt,1175.6,27.0,85.23,3.28,BG300,2276.3,5530.92,2949.17,10102.1,4364.49,9933.82,813.68,35460.74,11790.09,2.73
7.7355,81.7996,Batticaloa,2007,Maha,Silt,1335.39,32.74,70.24,4.86,At402,2027.22,11476.32,2523.67,21400.59,2068.26,8717.64,2994.18,51236.24,14011.61,3.31
8.0858,81.0871,Polonnaruwa,2007,Yala,Clay,1833.15,31.38,88.9,4.32,BG300,2904.69,8230.45,1545.0,20922.79,3702.43,6122.16,2263.38,45835.94,10121.09,4.1
7.3769,81.7659,Ampara,2007,Maha,Loam,1288.43,26.29,73.38,1.75,BG352,2602.42,5564.77,1524.06,14866.27,2475.1,7204.59,1850.13,36321.11,2988.67,11.0
7.3441,81.7498,Ampara,2007,Yala,Sandy Loam,2198.17,32.99,77.01,3.95,BG300,3569.0,8446.53,2768.76,19935.94,4862.45,10428.88,1639.81,51554.8,12239.11,3.81
7.4776,80.3419,Kurunegala,2007,Yala,Loam,1277.79,27.22,71.97,3.47,At402,5126.55,6863.89,1279.26,10217.62,4812.65,6655.3,2502.86,37611.2,8293.99,4.11
7.6211,81.7792,Batticaloa,2007,Maha,Silt,1339.04,30.48,89.58,3.22,At306,3379.41,9683.75,1529.68,20119.89,3385.99,7883.6,2052.59,48188.12,5707.35,7.64
7.653,81.7779,Batticaloa,2007,Maha,Loam,2274.96,30.68,79.25,2.35,BG352,4639.23,8929.48,1380.75,15501.34,4317.05,7962.53,741.5,43823.37,4771.81,8.31
8.0549,81.0577,Polonnaruwa,2007,Yala,Sandy Loam,1040.75,26.46,79.28,4.59,BG352,4156.75,8578.67,1486.83,17272.82,4365.24,7333.48,2518.55,46282.63,9342.23,4.49
9.6501,80.0436,Jaffna,2007,Maha,Clay,1784.99,28.01,85.86,3.1,BG358,4568.79,10789.51,2200.19,20444.42,3477.9,5558.01,2322.8,49721.69,7007.2,6.42
8.3291,80.4699,Anuradhapura,2007,Maha,Loam,1184.5,29.91,76.86,3.78,BG352,4644.89,11140.84,2928.35,14487.51,3907.45,6495.18,1366.11,45325.15,9520.38,4.31
7.3121,81.6904,Ampara,2007,Yala,Loam,1449.09,28.51,86.09,1.75,BG300,2747.22,11964.79,1249.59,21460.21,3919.29,10909.3,1337.4,52991.46,5423.39,8.85
9.7908,80.1847,Jaffna,2007,Yala,Sandy Loam,1610.66,26.46,76.98,1.0,BG358,5315.05,11892.89,1405.41,20935.85,3445.82,6688.19,802.66,50486.64,3211.89,14.23
9.6951,80.0377,Jaffna,2007,Yala,Clay,2060.63,26.35,71.46,2.31,BG358,3110.72,6623.27,1917.88,19074.07,4694.07,7530.47,2839.01,45570.3,5956.11,6.92
7.3632,81.7372,Ampara,2007,Yala,Loam,2092.74,31.44,83.12,1.3,BG352,4183.94,12165.33,3529.72,9738.79,2347.65,5348.7,2396.67,40100.99,2671.18,13.59
7.4679,80.4119,Kurunegala,2008,Maha,Silt,1660.23,26.85,79.9,0.65,BG358,6036.92,7158.61,2997.49,13687.77,3610.03,9093.65,1121.25,44311.11,2083.27,19.45
7.4463,80.4229,Kurunegala,2008,Maha,Silt,1175.6,27.0,85.23,3.28,BG300,2390.12,5807.46,3096.62,10607.21,4582.72,10430.51,854.36,37233.78,11907.99,2.86
7.7355,81.7996,Batticaloa,2008,Maha,Silt,1335.39,32.74,70.24,4.86,At402,2128.58,12050.14,2649.86,22470.62,2171.67,9153.52,3143.89,53798.05,14151.72,3.47
8.0858,81.0871,Polonnaruwa,2008,Yala,Clay,1833.15,31.38,88.9,4.32,BG300,3049.93,8641.97,1622.25,21968.93,3887.55,6428.27,2376.54,48127.74,10222.3,4.31
7.3769,81.7659,Ampara,2008,Maha,Loam,1288.43,26.29,73.38,1.75,BG352,2732.54,5843.01,1600.27,15609.58,2598.85,7564.81,1942.64,38137.16,3018.56,11.55
7.3441,81.7498,Ampara,2008,Yala,Sandy Loam,2198.17,32.99,77.01,3.95,BG300,3747.45,8868.86,2907.2,20932.73,5105.57,10950.33,1721.8,54132.54,12361.5,4.0
8.4424,80.5172,Anuradhapura,2008,Yala,Clay,1816.73,26.04,76.49,2.15,BG352,3721.46,10536.53,2291.09,15453.77,2699.44,7640.08,1230.61,43022.73,6148.3,6.4
7.4776,80.3419,Kurunegala,2008,Yala,Loam,1277.79,27.22,71.97,3.47,At402,5382.88,7207.09,1343.22,10728.5,5053.28,6988.06,2628.0,39491.76,8376.93,4.31
7.6211,81.7792,Batticaloa,2008,Maha,Silt,1339.04,30.48,89.58,3.22,At306,3548.38,10167.94,1606.16,21125.88,3555.29,8277.78,2155.22,50597.53,5764.42,8.03
7.653,81.7779,Batticaloa,2008,Maha,Loam,2274.96,30.68,79.25,2.35,BG352,4871.19,9375.95,1449.78,16276.41,4532.9,8360.65,778.58,46014.54,4819.53,8.73
8.0549,81.0577,Polonnaruwa,2008,Yala,Sandy Loam,1040.75,26.46,79.28,4.59,BG352,4364.59,9007.6,1561.17,18136.46,4583.5,7700.15,2644.48,48596.76,9435.65,4.71
9.6501,80.0436,Jaffna,2008,Maha,Clay,1784.99,28.01,85.86,3.1,BG358,4797.23,11328.98,2310.2,21466.64,3651.8,5835.91,2438.94,52207.78,7077.27,6.74
8.3291,80.4699,Anuradhapura,2008,Maha,Loam,1184.5,29.91,76.86,3.78,BG352,4877.14,11697.88,3074.77,15211.88,4102.83,6819.94,1434.42,47591.41,9615.58,4.53
7.3121,81.6904,Ampara,2008,Yala,Loam,1449.09,28.51,86.09,1.75,BG300,2884.58,12563.03,1312.07,22533.22,4115.25,11454.76,1404.27,55641.03,5477.63,9.29
9.7908,80.1847,Jaffna,2008,Yala,Sandy Loam,1610.66,26.46,76.98,1.0,BG358,5580.8,12487.53,1475.68,21982.65,3618.11,7022.6,842.79,53010.97,3244.01,14.94
9.6951,80.0377,Jaffna,2008,Yala,Clay,2060.63,26.35,71.46,2.31,BG358,3266.25,6954.43,2013.77,20027.77,4928.77,7906.99,2980.96,47848.82,6015.67,7.27
7.3632,81.7372,Ampara,2008,Yala,Loam,2092.74,31.44,83.12,1.3,BG352,4393.13,12773.6,3706.21,10225.73,2465.03,5616.14,2516.5,42106.03,2697.89,14.27
7.3441,81.7498,Ampara,2009,Yala,Sandy Loam,2198.17,32.99,77.01,3.95,BG300,3934.82,9312.3,3052.56,21979.37,5360.85,11497.84,1807.89,56839.17,12485.11,4.2
7.3769,81.7659,Ampara,2009,Maha,Loam,1288.43,26.29,73.38,1.75,BG352,2869.17,6135.16,1680.28,16390.06,2728.79,7943.06,2039.77,40044.02,3048.74,12.13
8.0858,81.0871,Polonnaruwa,2009,Yala,Clay,1833.15,31.38,88.9,4.32,BG300,3202.42,9074.07,1703.36,23067.38,4081.93,6749.69,2495.37,50534.13,10324.52,4.52
8.4424,80.5172,Anuradhapura,2009,Yala,Clay,1816.73,26.04,76.49,2.15,BG352,3907.54,11063.35,2405.64,16226.46,2834.41,8022.08,1292.14,45173.87,6209.79,6.72
7.4463,80.4229,Kurunegala,2009,Maha,Silt,1175.6,27.0,85.23,3.28,BG300,2509.63,6097.84,3251.46,11137.57,4811.85,10952.04,897.08,39095.47,12027.07,3.01
7.4679,80.4119,Kurunegala,2009,Maha,Silt,1660.23,26.85,79.9,0.65,BG358,6338.76,7516.54,3147.36,14372.16,3790.53,9548.33,1177.31,46526.66,2104.1,20.42
7.7355,81.7996,Batticaloa,2009,Maha,Silt,1335.39,32.74,70.24,4.86,At402,2235.0,12652.65,2782.35,23594.15,2280.26,9611.19,3301.09,56487.96,14293.24,3.65
7.4776,80.3419,Kurunegala,2009,Yala,Loam,1277.79,27.22,71.97,3.47,At402,5652.02,7567.44,1410.38,11264.93,5305.95,7337.47,2759.4,41466.35,8460.7,4.53
7.6211,81.7792,Batticaloa,2009,Maha,Silt,1339.04,30.48,89.58,3.22,At306,3725.8,10676.34,1686.47,22182.18,3733.05,8691.67,2262.99,53127.4,5822.06,8.43
7.653,81.7779,Batticaloa,2009,Maha,Loam,2274.96,30.68,79.25,2.35,BG352,5114.75,9844.75,1522.27,17090.23,4759.55,8778.69,817.51,48315.27,4867.73,9.16
8.0549,81.0577,Polonnaruwa,2009,Yala,Sandy Loam,1040.75,26.46,79.28,4.59,BG352,4582.82,9457.98,1639.23,19043.28,4812.68,8085.16,2776.7,51026.6,9530.01,4.95
9.6501,80.0436,Jaffna,2009,Maha,Clay,1784.99,28.01,85.86,3.1,BG358,5037.09,11895.43,2425.71,22539.97,3834.39,6127.7,2560.89,54818.17,7148.05,7.08
8.3291,80.4699,Anuradhapura,2009,Maha,Loam,1184.5,29.91,76.86,3.78,BG352,5120.99,12282.77,3228.5,15972.47,4307.97,7160.93,1506.14,49970.98,9711.74,4.75
7.3121,81.6904,Ampara,2009,Yala,Loam,1449.09,28.51,86.09,1.75,BG300,3028.81,13191.18,1377.67,23659.88,4321.02,12027.5,1474.48,58423.08,5532.4,9.75
9.7908,80.1847,Jaffna,2009,Yala,Sandy Loam,1610.66,26.46,76.98,1.0,BG358,5859.84,13111.91,1549.47,23081.78,3799.02,7373.72,884.93,55661.52,3276.45,15.69
9.6951,80.0377,Jaffna,2009,Yala,Clay,2060.63,26.35,71.46,2.31,BG358,3429.57,7302.16,2114.46,21029.16,5175.21,8302.34,3130.0,50241.26,6075.83,7.63
7.3632,81.7372,Ampara,2009,Yala,Loam,2092.74,31.44,83.12,1.3,BG352,4612.79,13412.28,3891.52,10737.02,2588.28,5896.94,2642.33,44211.34,2724.87,14.99
8.4424,80.5172,Anuradhapura,2010,Yala,Clay,1816.73,26.04,76.49,2.15,BG352,4102.91,11616.52,2525.92,17037.78,2976.13,8423.19,1356.75,47432.56,6271.89,7.06
7.4679,80.4119,Kurunegala,2010,Maha,Silt,1660.23,26.85,79.9,0.65,BG358,6655.7,7892.37,3304.73,15090.76,3980.06,10025.74,1236.17,48853.0,2125.14,21.44
7.4463,80.4229,Kurunegala,2010,Maha,Silt,1175.6,27.0,85.23,3.28,BG300,2635.11,6402.73,3414.03,11694.45,5052.45,11499.64,941.94,41050.24,12147.34,3.16
7.7355,81.7996,Batticaloa,2010,Maha,Silt,1335.39,32.74,70.24,4.86,At402,2346.76,13285.28,2921.47,24773.85,2394.27,10091.75,3466.14,59312.36,14436.17,3.83
8.0858,81.0871,Polonnaruwa,2010,Yala,Clay,1833.15,31.38,88.9,4.32,BG300,3362.55,9527.77,1788.53,24220.74,4286.03,7087.17,2620.14,53060.83,10427.77,4.75
7.3769,81.7659,Ampara,2010,Maha,Loam,1288.43,26.29,73.38,1.75,BG352,3012.63,6441.92,1764.29,17209.56,2865.23,8340.21,2141.76,42046.22,3079.23,12.74
7.3441,81.7498,Ampara,2010,Yala,Sandy Loam,2198.17,32.99,77.01,3.95,BG300,4131.56,9777.92,3205.19,23078.34,5628.89,12072.73,1898.28,59681.13,12609.97,4.41
7.4776,80.3419,Kurunegala,2010,Yala,Loam,1277.79,27.22,71.97,3.47,At402,5934.62,7945.82,1480.9,11828.17,5571.24,7704.34,2897.37,43539.66,8545.31,4.75
7.3632,81.7372,Ampara,2010,Yala,Loam,2092.74,31.44,83.12,1.3,BG352,4843.43,14082.89,4086.1,11273.87,2717.7,6191.79,2774.44,46421.9,2752.12,15.73
7.653,81.7779,Batticaloa,2010,Maha,Loam,2274.96,30.68,79.25,2.35,BG352,5370.48,10336.99,1598.39,17944.74,4997.53,9217.62,858.38,50731.03,4916.4,9.62
8.0549,81.0577,Polonnaruwa,2010,Yala,Sandy Loam,1040.75,26.46,79.28,4.59,BG352,4811.96,9930.88,1721.19,19995.45,5053.31,8489.42,2915.53,53577.93,9625.31,5.2
9.6501,80.0436,Jaffna,2010,Maha,Clay,1784.99,28.01,85.86,3.1,BG358,5288.95,12490.2,2547.0,23666.97,4026.11,6434.09,2688.93,57559.08,7219.53,7.43
8.3291,80.4699,Anuradhapura,2010,Maha,Loam,1184.5,29.91,76.86,3.78,BG352,5377.04,12896.91,3389.93,16771.1,4523.37,7518.98,1581.44,52469.52,9808.85,4.99
7.3121,81.6904,Ampara,2010,Yala,Loam,1449.09,28.51,86.09,1.75,BG300,3180.25,13850.74,1446.56,24842.88,4537.07,12628.88,1548.21,61344.24,5587.73,10.24
9.7908,80.1847,Jaffna,2010,Yala,Sandy Loam,1610.66,26.46,76.98,1.0,BG358,6152.83,13767.5,1626.94,24235.87,3988.97,7742.41,929.18,58444.59,3309.22,16.47
9.6951,80.0377,Jaffna,2010,Yala,Clay,2060.63,26.35,71.46,2.31,BG358,3601.04,7667.26,2220.18,22080.62,5433.97,8717.46,3286.5,52753.32,6136.59,8.02
7.6211,81.7792,Batticaloa,2010,Maha,Silt,1339.04,30.48,89.58,3.22,At306,3912.09,11210.15,1770.79,23291.29,3919.71,9126.25,2376.13,55783.77,5880.28,8.85
7.4679,80.4119,Kurunegala,2011,Maha,Silt,1660.23,26.85,79.9,0.65,BG358,6988.49,8286.99,3469.97,15845.3,4179.06,10527.03,1297.98,51295.64,2146.39,22.51
7.4463,80.4229,Kurunegala,2011,Maha,Silt,1175.6,27.0,85.23,3.28,BG300,2766.86,6722.86,3584.73,12279.17,5305.07,12074.62,989.03,43102.75,12268.81,3.31
7.7355,81.7996,Batticaloa,2011,Maha,Silt,1335.39,32.74,70.24,4.86,At402,2464.09,13949.54,3067.54,26012.55,2513.98,10596.34,3639.45,62277.97,14580.53,4.02
8.0858,81.0871,Polonnaruwa,2011,Yala,Clay,1833.15,31.38,88.9,4.32,BG300,3530.67,10004.16,1877.96,25431.78,4500.33,7441.53,2751.15,55713.87,10532.05,4.98
7.3769,81.7659,Ampara,2011,Maha,Loam,1288.43,26.29,73.38,1.75,BG352,3163.26,6764.02,1852.51,18070.04,3008.49,8757.22,2248.85,44148.54,3110.02,13.37
7.3441,81.7498,Ampara,2011,Yala,Sandy Loam,2198.17,32.99,77.01,3.95,BG300,4338.14,10266.81,3365.45,24232.26,5910.34,12676.37,1993.19,62665.18,12736.07,4.63
8.4424,80.5172,Anuradhapura,2011,Yala,Clay,1816.73,26.04,76.49,2.15,BG352,4308.06,12197.35,2652.22,17889.67,3124.94,8844.35,1424.58,49804.19,6334.6,7.41
7.4776,80.3419,Kurunegala,2011,Yala,Loam,1277.79,27.22,71.97,3.47,At402,6231.35,8343.11,1554.95,12419.58,5849.81,8089.56,3042.24,45716.65,8630.76,4.99
7.6211,81.7792,Batticaloa,2011,Maha,Silt,1339.04,30.48,89.58,3.22,At306,4107.69,11770.66,1859.33,24455.85,4115.69,9582.56,2494.94,58572.96,5939.09,9.29
7.653,81.7779,Batticaloa,2011,Maha,Loam,2274.96,30.68,79.25,2.35,BG352,5639.01,10853.84,1678.31,18841.98,5247.4,9678.5,901.3,53267.59,4965.57,10.1
8.0549,81.0577,Polonnaruwa,2011,Yala,Sandy Loam,1040.75,26.46,79.28,4.59,BG352,5052.56,10427.43,1807.25,20995.22,5305.98,8913.89,3061.31,56256.83,9721.56,5.45
9.6501,80.0436,Jaffna,2011,Maha,Clay,1784.99,28.01,85.86,3.1,BG358,5553.39,13114.71,2674.35,24850.32,4227.41,6755.79,2823.38,60437.03,7291.72,7.81
8.3291,80.4699,Anuradhapura,2011,Maha,Loam,1184.5,29.91,76.86,3.78,BG352,5645.9,13541.76,3559.43,17609.65,4749.53,7894.93,1660.52,55093.0,9906.94,5.24
7.3121,81.6904,Ampara,2011,Yala,Loam,1449.09,28.51,86.09,1.75,BG300,3339.26,14543.28,1518.88,26085.02,4763.92,13260.32,1625.62,64411.45,5643.6,10.75
9.7908,80.1847,Jaffna,2011,Yala,Sandy Loam,1610.66,26.46,76.98,1.0,BG358,6460.47,14455.88,1708.29,25447.66,4188.42,8129.53,975.64,61366.82,3342.31,17.3
9.6951,80.0377,Jaffna,2011,Yala,Clay,2060.63,26.35,71.46,2.31,BG358,3781.1,8050.63,2331.19,23184.65,5705.67,9153.33,3450.83,55390.99,6197.95,8.42
7.3632,81.7372,Ampara,2011,Yala,Loam,2092.74,31.44,83.12,1.3,BG352,5085.6,14787.03,4290.4,11837.57,2853.58,6501.38,2913.17,48743.0,2779.64,16.52
7.4679,80.4119,Kurunegala,2012,Maha,Silt,1660.23,26.85,79.9,0.65,BG358,7337.91,8701.34,3643.47,16637.57,4388.01,11053.38,1362.88,53860.43,2167.86,23.64
7.4463,80.4229,Kurunegala,2012,Maha,Silt,1175.6,27.0,85.23,3.28,BG300,2905.21,7059.01,3763.97,12893.13,5570.32,12678.35,1038.49,45257.89,12391.5,3.48
7.7355,81.7996,Batticaloa,2012,Maha,Silt,1335.39,32.74,70.24,4.86,At402,2587.3,14647.02,3220.92,27313.17,2639.68,11126.16,3821.42,65391.87,14726.34,4.22
8.0858,81.0871,Polonnaruwa,2012,Yala,Clay,1833.15,31.38,88.9,4.32,BG300,3707.21,10504.37,1971.85,26703.37,4725.34,7813.61,2888.7,58499.57,10637.37,5.23
7.3769,81.7659,Ampara,2012,Maha,Loam,1288.43,26.29,73.38,1.75,BG352,3321.42,7102.22,1945.14,18973.54,3158.92,9195.08,2361.29,46355.96,3141.12,14.04
7.3441,81.7498,Ampara,2012,Yala,Sandy Loam,2198.17,32.99,77.01,3.95,BG300,4555.05,10780.15,3533.72,25443.87,6205.86,13310.19,2092.85,65798.44,12863.43,4.87
8.4424,80.5172,Anuradhapura,2012,Yala,Clay,1816.73,26.04,76.49,2.15,BG352,4523.46,12807.21,2784.83,18784.15,3281.19,9286.56,1495.81,52294.4,6397.95,7.78
7.4776,80.3419,Kurunegala,2012,Yala,Loam,1277.79,27.22,71.97,3.47,At402,6542.92,8760.26,1632.7,13040.56,6142.3,8494.03,3194.35,48002.48,8717.07,5.24
7.3632,81.7372,Ampara,2012,Yala,Loam,2092.74,31.44,83.12,1.3,BG352,5339.88,15526.39,4504.92,12429.44,2996.26,6826.45,3058.82,51180.15,2807.43,17.35
7.653,81.7779,Batticaloa,2012,Maha,Loam,2274.96,30.68,79.25,2.35,BG352,5920.96,11396.53,1762.22,19784.07,5509.77,10162.43,946.37,55930.97,5015.22,10.61
8.0549,81.0577,Polonnaruwa,2012,Yala,Sandy Loam,1040.75,26.46,79.28,4.59,BG352,5305.19,10948.8,1897.61,22044.98,5571.28,9359.58,3214.38,59069.67,9818.77,5.73
9.6501,80.0436,Jaffna,2012,Maha,Clay,1784.99,28.01,85.86,3.1,BG358,5831.06,13770.45,2808.06,26092.83,4438.79,7093.58,2964.55,63458.88,7364.64,8.2
8.3291,80.4699,Anuradhapura,2012,Maha,Loam,1184.5,29.91,76.86,3.78,BG352,5928.19,14218.85,3737.4,18490.14,4987.01,8289.68,1743.54,57847.65,10006.01,5.5
7.3121,81.6904,Ampara,2012,Yala,Loam,1449.09,28.51,86.09,1.75,BG300,3506.22,15270.44,1594.83,27389.27,5002.12,13923.34,1706.9,67632.02,5700.04,11.29
9.7908,80.1847,Jaffna,2012,Yala,Sandy Loam,1610.66,26.46,76.98,1.0,BG358,6783.5,15178.67,1793.7,26720.04,4397.84,8536.01,1024.42,64435.16,3375.73,18.16
9.6951,80.0377,Jaffna,2012,Yala,Clay,2060.63,26.35,71.46,2.31,BG358,3970.15,8453.16,2447.75,24343.88,5990.95,9611.0,3623.37,58160.54,6259.93,8.84
7.6211,81.7792,Batticaloa,2012,Maha,Silt,1339.04,30.48,89.58,3.22,At306,4313.08,12359.19,1952.3,25678.64,4321.48,10061.69,2619.69,61501.61,5998.48,9.75
7.4679,80.4119,Kurunegala,2013,Maha,Silt,1660.23,26.85,79.9,0.65,BG358,7704.81,9136.41,3825.64,17469.45,4607.41,11606.05,1431.03,56553.45,2189.54,24.82
7.4463,80.4229,Kurunegala,2013,Maha,Silt,1175.6,27.0,85.23,3.28,BG300,3050.47,7411.96,3952.16,13537.78,5848.84,13312.27,1090.41,47520.78,12515.41,3.65
7.7355,81.7996,Batticaloa,2013,Maha,Silt,1335.39,32.74,70.24,4.86,At402,2716.66,15379.37,3381.97,28678.83,2771.67,11682.47,4012.49,68661.47,14873.6,4.43
8.0858,81.0871,Polonnaruwa,2013,Yala,Clay,1833.15,31.38,88.9,4.32,BG300,3892.57,11029.59,2070.45,28038.54,4961.61,8204.29,3033.14,61424.55,10743.74,5.5
7.3769,81.7659,Ampara,2013,Maha,Loam,1288.43,26.29,73.38,1.75,BG352,3487.49,7457.33,2042.39,19922.22,3316.86,9654.83,2479.35,48673.76,3172.53,14.74
7.3441,81.7498,Ampara,2013,Yala,Sandy Loam,2198.17,32.99,77.01,3.95,BG300,4782.8,11319.16,3710.4,26716.06,6516.15,13975.7,2197.5,69088.37,12992.06,5.11
8.4424,80.5172,Anuradhapura,2013,Yala,Clay,1816.73,26.04,76.49,2.15,BG352,4749.63,13447.57,2924.07,19723.36,3445.25,9750.89,1570.6,54909.12,6461.93,8.17
7.4776,80.3419,Kurunegala,2013,Yala,Loam,1277.79,27.22,71.97,3.47,At402,6870.07,9198.27,1714.33,13692.59,6449.41,8918.74,3354.07,50402.6,8804.24,5.5
7.3632,81.7372,Ampara,2013,Yala,Loam,2092.74,31.44,83.12,1.3,BG352,5606.87,16302.71,4730.17,13050.92,3146.07,7167.77,3211.76,53739.16,2835.51,18.21
7.653,81.7779,Batticaloa,2013,Maha,Loam,2274.96,30.68,79.25,2.35,BG352,6217.01,11966.36,1850.33,20773.28,5785.26,10670.55,993.68,58727.51,5065.38,11.14
8.0549,81.0577,Polonnaruwa,2013,Yala,Sandy Loam,1040.75,26.46,79.28,4.59,BG352,5570.44,11496.24,1992.49,23147.23,5849.84,9827.56,3375.1,62023.15,9916.96,6.01
9.6501,80.0436,Jaffna,2013,Maha,Clay,1784.99,28.01,85.86,3.1,BG358,6122.62,14458.97,2948.47,27397.47,4660.72,7448.26,3112.78,66631.83,7438.29,8.61
8.3291,80.4699,Anuradhapura,2013,Maha,Loam,1184.5,29.91,76.86,3.78,BG352,6224.6,14929.79,3924.27,19414.64,5236.36,8704.16,1830.72,60740.03,10106.07,5.78
7.3121,81.6904,Ampara,2013,Yala,Loam,1449.09,28.51,86.09,1.75,BG300,3681.54,16033.96,1674.57,28758.73,5252.22,14619.51,1792.24,71013.62,5757.04,11.86
9.7908,80.1847,Jaffna,2013,Yala,Sandy Loam,1610.66,26.46,76.98,1.0,BG358,7122.67,15937.61,1883.39,28056.05,4617.73,8962.81,1075.64,67656.92,3409.49,19.07
9.6951,80.0377,Jaffna,2013,Yala,Clay,2060.63,26.35,71.46,2.31,BG358,4168.66,8875.82,2570.14,25561.08,6290.5,10091.55,3804.54,61068.56,6322.53,9.28
7.6211,81.7792,Batticaloa,2013,Maha,Silt,1339.04,30.48,89.58,3.22,At306,4528.73,12977.15,2049.91,26962.58,4537.55,10564.77,2750.67,64576.69,6058.46,10.24
7.6211,81.7792,Batticaloa,2014,Maha,Silt,1339.04,30.48,89.58,3.22,At306,4755.17,13626.01,2152.41,28310.71,4764.43,11093.01,2888.21,67805.52,6119.05,10.75
9.6951,80.0377,Jaffna,2014,Yala,Clay,2060.63,26.35,71.46,2.31,BG358,4377.09,9319.61,2698.65,26839.13,6605.02,10596.13,3994.77,64121.99,6385.76,9.74
9.7908,80.1847,Jaffna,2014,Yala,Sandy Loam,1610.66,26.46,76.98,1.0,BG358,7478.8,16734.49,1977.56,29458.85,4848.62,9410.95,1129.42,71039.77,3443.59,20.02
7.3121,81.6904,Ampara,2014,Yala,Loam,1449.09,28.51,86.09,1.75,BG300,3865.61,16835.66,1758.3,30196.67,5514.83,15350.48,1881.85,74564.3,5814.61,12.45
8.3291,80.4699,Anuradhapura,2014,Maha,Loam,1184.5,29.91,76.86,3.78,BG352,6535.83,15676.28,4120.48,20385.38,5498.18,9139.37,1922.25,63777.03,10207.13,6.06
9.6501,80.0436,Jaffna,2014,Maha,Clay,1784.99,28.01,85.86,3.1,BG358,6428.75,15181.92,3095.89,28767.35,4893.76,7820.68,3268.42,69963.42,7512.67,9.04
8.0549,81.0577,Polonnaruwa,2014,Yala,Sandy Loam,1040.75,26.46,79.28,4.59,BG352,5848.97,12071.05,2092.12,24304.59,6142.33,10318.94,3543.85,65124.31,10016.13,6.31
7.653,81.7779,Batticaloa,2014,Maha,Loam,2274.96,30.68,79.25,2.35,BG352,6527.86,12564.67,1942.85,21811.94,6074.52,11204.08,1043.37,61663.89,5116.03,11.7
7.4776,80.3419,Kurunegala,2014,Yala,Loam,1277.79,27.22,71.97,3.47,At402,7213.57,9658.19,1800.05,14377.22,6771.88,9364.67,3521.77,52922.73,8892.28,5.78
7.4679,80.4119,Kurunegala,2014,Maha,Silt,1660.23,26.85,79.9,0.65,BG358,8090.05,9593.23,4016.92,18342.92,4837.78,12186.36,1502.58,59381.12,2211.43,26.06
7.4463,80.4229,Kurunegala,2014,Maha,Silt,1175.6,27.0,85.23,3.28,BG300,3202.99,7782.55,4149.77,14214.67,6141.28,13977.89,1144.93,49896.82,12640.57,3.84
7.7355,81.7996,Batticaloa,2014,Maha,Silt,1335.39,32.74,70.24,4.86,At402,2852.5,16148.34,3551.06,30112.77,2910.25,12266.59,4213.12,72094.54,15022.34,4.66
7.3632,81.7372,Ampara,2014,Yala,Loam,2092.74,31.44,83.12,1.3,BG352,5887.22,17117.84,4966.68,13703.46,3303.38,7526.16,3372.35,56426.11,2863.86,19.13
7.3769,81.7659,Ampara,2014,Maha,Loam,1288.43,26.29,73.38,1.75,BG352,3661.87,7830.2,2144.51,20918.33,3482.71,10137.57,2603.32,51107.45,3204.26,15.48
7.3441,81.7498,Ampara,2014,Yala,Sandy Loam,2198.17,32.99,77.01,3.95,BG300,5021.94,11885.12,3895.92,28051.86,6841.96,14674.48,2307.37,72542.78,13121.98,5.36
8.4424,80.5172,Anuradhapura,2014,Yala,Clay,1816.73,26.04,76.49,2.15,BG352,4987.12,14119.95,3070.28,20709.53,3617.51,10238.44,1649.14,57654.58,6526.55,8.58
8.0858,81.0871,Polonnaruwa,2014,Yala,Clay,1833.15,31.38,88.9,4.32,BG300,4087.2,11581.06,2173.97,29440.47,5209.69,8614.5,3184.8,64495.77,10851.18,5.77
8.4424,80.5172,Anuradhapura,2015,Yala,Clay,1816.73,26.04,76.49,2.15,BG352,5236.47,14825.95,3223.79,21745.01,3798.39,10750.36,1731.59,60537.31,6591.81,9.01
7.4679,80.4119,Kurunegala,2015,Maha,Silt,1660.23,26.85,79.9,0.65,BG358,8494.55,10072.89,4217.77,19260.06,5079.67,12795.67,1577.71,62350.18,2233.55,27.37
7.4463,80.4229,Kurunegala,2015,Maha,Silt,1175.6,27.0,85.23,3.28,BG300,3363.14,8171.68,4357.26,14925.41,6448.34,14676.78,1202.18,52391.66,12766.97,4.03
7.7355,81.7996,Batticaloa,2015,Maha,Silt,1335.39,32.74,70.24,4.86,At402,2995.12,16955.76,3728.62,31618.41,3055.76,12879.92,4423.77,75699.27,15172.56,4.89
8.0858,81.0871,Polonnaruwa,2015,Yala,Clay,1833.15,31.38,88.9,4.32,BG300,4291.56,12160.12,2282.67,30912.49,5470.18,9045.22,3344.04,67720.56,10959.69,6.06
7.3769,81.7659,Ampara,2015,Maha,Loam,1288.43,26.29,73.38,1.75,BG352,3844.96,8221.71,2251.74,21964.24,3656.84,10644.45,2733.49,53662.82,3236.3,16.25
7.3441,81.7498,Ampara,2015,Yala,Sandy Loam,2198.17,32.99,77.01,3.95,BG300,5273.03,12479.37,4090.72,29454.46,7184.05,15408.21,2422.74,76169.92,13253.2,5.63
7.4776,80.3419,Kurunegala,2015,Yala,Loam,1277.79,27.22,71.97,3.47,At402,7574.25,10141.1,1890.05,15096.08,7110.48,9832.91,3697.86,55568.87,8981.21,6.07
7.3632,81.7372,Ampara,2015,Yala,Loam,2092.74,31.44,83.12,1.3,BG352,6181.58,17973.73,5215.01,14388.63,3468.54,7902.47,3540.97,59247.42,2892.5,20.08
7.653,81.7779,Batticaloa,2015,Maha,Loam,2274.96,30.68,79.25,2.35,BG352,6854.25,13192.91,2039.99,22902.54,6378.25,11764.28,1095.54,64747.08,5167.19,12.28
8.0549,81.0577,Polonnaruwa,2015,Yala,Sandy Loam,1040.75,26.46,79.28,4.59,BG352,6141.41,12674.6,2196.73,25519.82,6449.45,10834.88,3721.04,68380.53,10116.29,6.63
9.6501,80.0436,Jaffna,2015,Maha,Clay,1784.99,28.01,85.86,3.1,BG358,6750.19,15941.02,3250.68,30205.71,5138.45,8211.71,3431.84,73461.59,7587.8,9.49
8.3291,80.4699,Anuradhapura,2015,Maha,Loam,1184.5,29.91,76.86,3.78,BG352,6862.62,16460.09,4326.5,21404.64,5773.09,9596.34,2018.37,66965.89,10309.2,6.37
7.3121,81.6904,Ampara,2015,Yala,Loam,1449.09,28.51,86.09,1.75,BG300,4058.89,17677.44,1846.21,31706.5,5790.58,16118.0,1975.95,78292.52,5872.76,13.07
9.7908,80.1847,Jaffna,2015,Yala,Sandy Loam,1610.66,26.46,76.98,1.0,BG358,7852.74,17571.21,2076.44,30931.79,5091.05,9881.5,1185.9,74591.76,3478.02,21.02
9.6951,80.0377,Jaffna,2015,Yala,Clay,2060.63,26.35,71.46,2.31,BG358,4595.95,9785.59,2833.58,28181.09,6935.27,11125.93,4194.5,67328.09,6449.61,10.23
7.6211,81.7792,Batticaloa,2015,Maha,Silt,1339.04,30.48,89.58,3.22,At306,4992.93,14307.31,2260.03,29726.24,5002.65,11647.66,3032.62,71195.8,6180.24,11.29
7.4679,80.4119,Kurunegala,2016,Maha,Silt,1660.23,26.85,79.9,0.65,BG358,8919.28,10576.53,4428.66,20223.07,5333.66,13435.46,1656.59,65467.69,2255.88,28.73
7.4463,80.4229,Kurunegala,2016,Maha,Silt,1175.6,27.0,85.23,3.28,BG300,3531.3,8580.27,4575.12,15671.68,6770.76,15410.62,1262.29,55011.25,12894.64,4.23
7.7355,81.7996,Batticaloa,2016,Maha,Silt,1335.39,32.74,70.24,4.86,At402,3144.88,17803.54,3915.05,33199.33,3208.55,13523.91,4644.96,79484.23,15324.29,5.13
8.0858,81.0871,Polonnaruwa,2016,Yala,Clay,1833.15,31.38,88.9,4.32,BG300,4506.13,12768.12,2396.8,32458.11,5743.69,9497.49,3511.24,71106.59,11069.29,6.36
7.3769,81.7659,Ampara,2016,Maha,Loam,1288.43,26.29,73.38,1.75,BG352,4037.21,8632.79,2364.32,23062.46,3839.69,11176.68,2870.16,56345.96,3268.66,17.07
7.3441,81.7498,Ampara,2016,Yala,Sandy Loam,2198.17,32.99,77.01,3.95,BG300,5536.69,13103.34,4295.26,30927.18,7543.26,16178.62,2543.88,79978.42,13385.73,5.91
8.4424,80.5172,Anuradhapura,2016,Yala,Clay,1816.73,26.04,76.49,2.15,BG352,5498.3,15567.25,3384.98,22832.26,3988.3,11287.88,1818.17,63564.17,6657.73,9.46
7.4776,80.3419,Kurunegala,2016,Yala,Loam,1277.79,27.22,71.97,3.47,At402,7952.96,10648.15,1984.55,15850.89,7466.0,10324.55,3882.75,58347.31,9071.02,6.37
9.7908,80.1847,Jaffna,2016,Yala,Sandy Loam,1610.66,26.46,76.98,1.0,BG358,8245.38,18449.77,2180.26,32478.38,5345.6,10375.57,1245.19,78321.34,3512.8,22.08
7.653,81.7779,Batticaloa,2016,Maha,Loam,2274.96,30.68,79.25,2.35,BG352,7196.96,13852.55,2141.99,24047.67,6697.16,12352.5,1150.31,67984.44,5218.86,12.9
8.0549,81.0577,Polonnaruwa,2016,Yala,Sandy Loam,1040.75,26.46,79.28,4.59,BG352,6448.49,13308.33,2306.56,26795.81,6771.92,11376.63,3907.1,71799.55,10217.46,6.96
9.6501,80.0436,Jaffna,2016,Maha,Clay,1784.99,28.01,85.86,3.1,BG358,7087.7,16738.07,3413.22,31716.0,5395.37,8622.3,3603.43,77134.67,7663.67,9.96
8.3291,80.4699,Anuradhapura,2016,Maha,Loam,1184.5,29.91,76.86,3.78,BG352,7205.75,17283.1,4542.83,22474.88,6061.74,10076.15,2119.29,70314.18,10412.3,6.69
7.3121,81.6904,Ampara,2016,Yala,Loam,1449.09,28.51,86.09,1.75,BG300,4261.84,18561.31,1938.52,33291.83,6080.1,16923.9,2074.74,82207.14,5931.49,13.72
9.6951,80.0377,Jaffna,2016,Yala,Clay,2060.63,26.35,71.46,2.31,BG358,4825.74,10274.87,2975.26,29590.14,7282.04,11682.23,4404.23,70694.5,6514.11,10.74
7.3632,81.7372,Ampara,2016,Yala,Loam,2092.74,31.44,83.12,1.3,BG352,6490.66,18872.42,5475.76,15108.07,3641.97,8297.59,3718.02,62209.79,2921.43,21.09
7.6211,81.7792,Batticaloa,2016,Maha,Silt,1339.04,30.48,89.58,3.22,At306,5242.57,15022.68,2373.03,31212.55,5252.78,12230.05,3184.25,74755.59,6242.04,11.86
7.6211,81.7792,Batticaloa,2017,Maha,Silt,1339.04,30.48,89.58,3.22,At306,5504.7,15773.81,2491.68,32773.18,5515.42,12841.55,3343.46,78493.37,6304.46,12.45
9.6951,80.0377,Jaffna,2017,Yala,Clay,2060.63,26.35,71.46,2.31,BG358,5067.03,10788.61,3124.02,31069.65,7646.14,12266.34,4624.44,74229.22,6579.25,11.28
9.7908,80.1847,Jaffna,2017,Yala,Sandy Loam,1610.66,26.46,76.98,1.0,BG358,8657.65,19372.26,2289.27,34102.3,5612.88,10894.35,1307.45,82237.41,3547.93,23.18
7.3441,81.7498,Ampara,2017,Yala,Sandy Loam,2198.17,32.99,77.01,3.95,BG300,5813.52,13758.51,4510.02,32473.54,7920.42,16987.55,2671.07,83977.34,13519.59,6.21
7.3121,81.6904,Ampara,2017,Yala,Loam,1449.09,28.51,86.09,1.75,BG300,4474.93,19489.38,2035.45,34956.42,6384.11,17770.1,2178.48,86317.5,5990.8,14.41
7.4776,80.3419,Kurunegala,2017,Yala,Loam,1277.79,27.22,71.97,3.47,At402,8350.61,11180.56,2083.78,16643.43,7839.3,10840.78,4076.89,61264.68,9161.73,6.69
8.4424,80.5172,Anuradhapura,2017,Yala,Clay,1816.73,26.04,76.49,2.15,BG352,5773.21,16345.61,3554.23,23973.87,4187.72,11852.27,1909.08,66742.38,6724.31,9.93
7.3632,81.7372,Ampara,2017,Yala,Loam,2092.74,31.44,83.12,1.3,BG352,6815.19,19816.04,5749.55,15863.47,3824.07,8712.47,3903.92,65320.28,2950.64,22.14
7.653,81.7779,Batticaloa,2017,Maha,Loam,2274.96,30.68,79.25,2.35,BG352,7556.81,14545.18,2249.09,25250.05,7032.02,12970.12,1207.83,71383.66,5271.05,13.54
7.3769,81.7659,Ampara,2017,Maha,Loam,1288.43,26.29,73.38,1.75,BG352,4239.07,9064.43,2482.54,24215.58,4031.67,11735.51,3013.67,59163.26,3301.35,17.92
8.3291,80.4699,Anuradhapura,2017,Maha,Loam,1184.5,29.91,76.86,3.78,BG352,7566.04,18147.25,4769.97,23598.62,6364.83,10579.96,2225.25,73829.89,10516.42,7.02
8.0858,81.0871,Polonnaruwa,2017,Yala,Clay,1833.15,31.38,88.9,4.32,BG300,4731.44,13406.53,2516.64,34081.02,6030.87,9972.36,3686.8,74661.92,11179.98,6.68
9.6501,80.0436,Jaffna,2017,Maha,Clay,1784.99,28.01,85.86,3.1,BG358,7442.08,17574.97,3583.88,33301.8,5665.14,9053.41,3783.6,80991.4,7740.31,10.46
7.4679,80.4119,Kurunegala,2017,Maha,Silt,1660.23,26.85,79.9,0.65,BG358,9365.24,11105.36,4650.09,21234.22,5600.34,14107.23,1739.42,68741.07,2278.44,30.17
7.7355,81.7996,Batticaloa,2017,Maha,Silt,1335.39,32.74,70.24,4.86,At402,3302.12,18693.72,4110.8,34859.3,3368.98,14200.11,4877.21,83458.44,15477.53,5.39
7.4463,80.4229,Kurunegala,2017,Maha,Silt,1175.6,27.0,85.23,3.28,BG300,3707.86,9009.28,4803.88,16455.26,7109.3,16181.15,1325.4,57761.81,13023.59,4.44
8.0549,81.0577,Polonnaruwa,2017,Yala,Sandy Loam,1040.75,26.46,79.28,4.59,BG352,6770.91,13973.75,2421.89,28135.6,7110.52,11945.46,4102.45,75389.53,10319.63,7.31
9.6315,80.2402,Jaffna,2018,Maha,Clay,2043.62,29.18,82.55,3.13,At402,9308.11,8545.36,3123.85,34008.23,7451.32,12923.54,3480.53,78395.7,6929.4,11.31
9.7211,80.0248,Jaffna,2018,Maha,Silt,1979.74,32.57,87.42,3.95,At306,8519.13,15979.82,3041.15,33143.9,6353.66,14285.73,1443.96,82661.46,11110.51,7.44
8.384,80.4904,Anuradhapura,2018,Maha,Sandy Loam,1279.86,32.25,80.79,4.13,BG352,9272.64,11816.04,2440.21,19558.7,5135.54,17634.19,4442.92,69314.14,12074.65,5.74
8.0247,80.9795,Polonnaruwa,2018,Yala,Silt,1086.67,30.87,89.67,1.58,BG358,3995.75,9456.62,3213.1,17020.92,6460.81,7809.79,3037.69,51988.07,5673.36,9.16
9.7931,80.083,Jaffna,2018,Yala,Clay,1262.26,29.52,77.97,1.16,At402,5572.74,8818.07,2103.25,17703.33,7815.58,14143.88,4863.29,60885.14,2883.75,21.11
8.4256,80.5394,Anuradhapura,2018,Yala,Clay,2369.86,29.58,80.03,4.09,At402,7549.75,16423.6,5183.17,32800.11,4689.98,11882.58,1375.93,80061.68,7685.41,10.42
7.3686,80.4485,Kurunegala,2018,Yala,Clay,2042.72,28.83,78.56,3.73,BG352,7847.05,19895.07,2513.58,17082.19,6621.69,14519.03,2096.64,69734.09,7416.91,9.4
7.3916,81.6118,Ampara,2018,Maha,Loam,1711.26,26.68,79.83,2.63,BG300,4212.41,13206.22,3594.02,27317.0,6175.47,7588.95,2498.45,64844.24,7645.15,8.48
8.4028,80.4079,Anuradhapura,2018,Maha,Silt,2197.57,31.76,87.15,4.62,At306,6016.9,11826.4,4328.79,22423.45,6005.37,16172.62,3753.62,70276.26,10011.97,7.02
7.385,81.647,Ampara,2018,Maha,Clay,1695.55,28.47,81.67,0.85,At402,9820.76,19834.53,4792.65,25721.93,4547.64,17579.34,3738.92,85361.0,3233.43,26.4
7.6106,81.6537,Batticaloa,2018,Yala,Silt,1908.67,28.55,74.36,4.95,At402,6178.01,16259.29,2562.21,24711.79,3137.68,13570.92,4856.07,71044.38,9334.67,7.61
7.4919,80.3335,Kurunegala,2018,Yala,Clay,1046.43,28.72,73.2,0.61,BG358,8293.5,13502.28,3156.98,33001.66,3580.69,19426.94,2255.87,83994.73,1907.15,44.04
7.5115,80.2881,Kurunegala,2018,Yala,Loam,2412.2,28.7,89.22,4.57,At306,4370.54,8832.34,2403.11,15364.44,3472.21,15879.09,1284.75,51244.43,16720.38,3.06
8.3371,80.4301,Anuradhapura,2018,Yala,Loam,1660.66,28.12,75.19,1.38,BG358,3403.53,12109.38,3080.99,34328.35,5788.54,11514.6,3321.87,72825.65,3832.12,19.0
8.3812,80.3511,Anuradhapura,2018,Yala,Sandy Loam,1406.12,30.51,78.17,0.61,BG352,4093.07,16591.67,4635.7,15541.92,4109.86,10003.97,3687.57,57703.18,1237.71,46.62
7.8498,81.8172,Batticaloa,2018,Maha,Sandy Loam,1439.82,28.3,83.45,3.89,At306,8541.05,17475.42,2364.82,24888.41,3287.79,14143.88,2766.12,74242.9,10005.13,7.42
8.4122,80.5398,Anuradhapura,2018,Maha,Clay,1045.98,27.8,79.25,4.41,At402,8090.18,16912.48,3701.97,21918.7,4855.19,19839.44,1160.44,77212.46,13552.31,5.7
7.4434,80.3958,Kurunegala,2018,Maha,Silt,1034.91,31.7,75.64,1.03,BG358,7877.16,15547.31,5509.89,29701.42,7017.4,10666.45,1709.76,78530.62,3682.29,21.33
8.2977,80.4447,Anuradhapura,2018,Maha,Silt,2424.94,31.5,71.79,2.38,BG358,9153.83,19336.78,3869.61,27268.23,3835.17,19885.19,1926.69,86160.96,7685.55,11.21
7.9925,81.0749,Polonnaruwa,2018,Yala,Clay,2239.69,28.24,87.91,2.25,BG300,3075.86,18864.58,2365.15,21386.27,7750.31,19357.89,3293.75,76357.48,6269.81,12.18
7.9336,81.0214,Polonnaruwa,2018,Maha,Loam,1911.61,29.59,74.61,1.29,BG300,4543.4,10237.26,5118.34,22002.51,3289.21,19598.33,4535.14,70179.69,5145.55,13.64
7.9395,81.0205,Polonnaruwa,2018,Maha,Silt,1223.19,29.24,89.62,2.68,At306,9044.83,15064.78,3501.32,20715.67,4016.12,16903.38,2546.16,71814.81,7726.75,9.29
9.7381,80.1568,Jaffna,2018,Yala,Clay,1398.4,26.91,87.77,4.8,At402,9034.89,17714.19,4620.97,26017.15,3434.93,12309.89,2490.75,75142.28,16279.32,4.62
7.7522,81.6979,Batticaloa,2019,Yala,Clay,2294.2,27.52,71.91,0.61,At402,7493.8,15285.13,4186.79,19638.94,4954.53,14728.19,2987.07,70250.02,1281.1,54.84
9.716,80.165,Jaffna,2019,Yala,Silt,2488.73,32.49,80.8,4.29,BG358,6646.71,15483.03,2356.5,30105.41,3638.57,17738.88,4128.11,80514.7,8063.28,9.99
7.3531,80.2788,Kurunegala,2019,Maha,Silt,1759.21,29.08,72.11,3.38,BG358,4512.27,15435.06,4600.8,18040.5,3306.75,17149.9,2839.2,65000.81,13481.83,4.82
7.4449,81.7107,Ampara,2019,Yala,Clay,1047.38,32.55,71.04,2.94,BG300,7963.42,18451.63,4856.35,31034.56,4697.25,17592.73,1320.46,86706.03,8833.83,9.82
7.776,81.6701,Batticaloa,2019,Yala,Clay,2202.31,32.72,79.76,0.99,BG300,6835.72,13452.53,5377.43,16961.65,5441.21,8950.63,2298.7,59792.58,2818.77,21.21
9.6824,80.1705,Jaffna,2019,Maha,Sandy Loam,2352.64,29.23,82.74,3.47,BG300,9265.82,15640.04,4455.73,16333.04,5592.04,8952.2,3949.74,64213.05,11438.86,5.61
7.4224,80.4495,Kurunegala,2019,Yala,Clay,2387.04,32.14,75.16,3.47,BG300,8720.56,14662.41,4118.6,19837.05,3465.51,18663.8,4601.67,74335.8,8834.15,8.41
7.6534,81.7446,Batticaloa,2019,Maha,Loam,1502.8,31.62,70.09,2.0,At402,5787.18,14448.75,5679.42,21926.92,4734.77,16587.52,2808.87,71422.64,5590.73,12.78
7.483,80.3258,Kurunegala,2019,Yala,Silt,1917.18,26.13,87.44,4.69,At402,6955.93,16359.81,5690.0,29144.77,3762.7,14491.75,3426.86,79680.08,16040.63,4.97
7.439,81.7382,Ampara,2019,Maha,Loam,1927.38,28.58,79.25,3.86,At402,3256.78,11029.24,4853.4,32904.14,5558.39,13917.48,1428.69,72842.94,11470.99,6.35
8.3795,80.5317,Anuradhapura,2019,Maha,Clay,1682.11,29.61,79.78,3.5,BG352,3977.56,8359.68,3231.72,29093.62,4009.27,15754.62,4879.65,68493.92,11479.04,5.97
7.6528,81.7821,Batticaloa,2019,Maha,Sandy Loam,1538.85,30.15,73.27,2.26,At402,9785.89,11097.6,4626.95,21503.8,6867.37,8701.36,4879.28,67369.83,5241.64,12.85
7.8284,81.7262,Batticaloa,2019,Yala,Clay,1604.47,27.21,83.9,2.06,BG352,9829.27,15691.66,5289.92,17650.49,7310.07,18995.84,2948.25,77928.01,7174.12,10.86
7.4125,80.301,Kurunegala,2019,Yala,Clay,2130.94,31.63,70.36,4.83,BG300,8086.7,11657.01,5317.58,20630.42,7363.77,8463.55,3814.74,65415.17,9719.78,6.73
7.4299,81.6644,Ampara,2019,Maha,Sandy Loam,1675.53,31.24,83.02,3.29,BG358,5466.62,18097.37,3885.15,34582.1,6170.71,8641.44,3704.71,80198.31,10889.64,7.36
9.6262,80.0942,Jaffna,2019,Maha,Sandy Loam,1167.27,29.61,75.35,4.26,At306,3102.85,12549.13,3349.38,15386.55,3621.84,12377.35,2971.46,53167.14,12643.95,4.2
8.0455,81.0638,Polonnaruwa,2019,Maha,Clay,1341.62,32.75,88.19,3.75,BG352,6733.71,18439.63,2522.61,30810.2,3624.1,17324.74,2103.07,82312.24,14538.35,5.66
9.7357,80.071,Jaffna,2019,Yala,Clay,2111.36,28.21,72.04,2.12,At402,4892.75,18112.54,3253.39,30778.65,7459.36,12639.63,4639.77,81530.73,8312.46,9.81
9.6753,80.1979,Jaffna,2019,Maha,Silt,2053.81,28.09,72.11,4.02,At402,7509.04,8578.23,3440.2,34136.0,5502.01,12625.48,2830.8,74039.53,10496.85,7.05
9.7192,80.2208,Jaffna,2019,Maha,Clay,1002.35,30.45,71.02,1.66,BG300,3416.67,15245.55,4746.36,17289.75,4919.19,12931.07,2476.21,60266.85,4518.0,13.34
8.3252,80.4407,Anuradhapura,2019,Yala,Loam,2489.23,26.92,75.49,2.28,BG358,5952.8,12932.25,5630.44,29280.65,6039.53,11021.85,4295.16,76062.8,8223.13,9.25
8.0835,80.9945,Polonnaruwa,2019,Yala,Silt,1890.34,26.51,82.45,4.92,At402,4330.75,17511.14,5631.6,33874.03,7800.68,13778.98,4909.23,88351.03,10605.93,8.33
8.3633,80.4302,Anuradhapura,2019,Maha,Clay,1858.07,29.59,75.87,4.69,At402,5779.11,9045.11,4468.27,17276.77,4726.12,13596.36,4496.89,59375.72,15687.91,3.78
7.6101,81.6562,Batticaloa,2020,Maha,Clay,1358.17,26.77,77.09,1.79,At402,5074.16,10803.29,2168.37,15357.48,7938.61,12561.05,2537.31,56799.56,4081.48,13.92
7.7711,81.7075,Batticaloa,2020,Maha,Silt,2153.96,26.08,78.32,2.67,BG300,3134.35,11117.76,5041.16,17742.19,5676.55,9797.62,1048.48,53040.51,10538.28,5.03
7.7481,81.7145,Batticaloa,2020,Maha,Loam,1925.39,32.87,82.64,1.67,At306,7438.04,14479.82,5119.38,17139.61,6805.14,14036.47,4851.97,69554.17,5330.25,13.05
7.7016,81.761,Batticaloa,2020,Yala,Silt,1648.5,32.61,78.39,3.37,At306,5783.16,11290.58,5935.91,23186.68,7470.5,9989.41,1852.42,64570.93,10897.46,5.93
7.6278,81.7983,Batticaloa,2020,Maha,Sandy Loam,1561.81,32.66,84.64,3.19,BG300,4092.13,9871.93,2232.33,32323.52,6005.58,16204.94,1082.34,72752.59,11584.08,6.28
8.0085,80.9832,Polonnaruwa,2020,Yala,Silt,1368.02,28.73,75.77,2.1,At402,8033.32,11565.46,4265.62,24521.01,6318.36,19178.79,3930.29,77242.73,3924.07,19.68
7.9613,80.9461,Polonnaruwa,2020,Yala,Clay,2196.34,28.17,79.1,0.55,At402,3507.13,12709.92,3919.76,27000.41,4458.31,16034.76,4440.49,72630.48,1037.94,69.98
9.6476,80.1672,Jaffna,2020,Maha,Silt,2284.73,30.61,73.26,0.82,BG352,7496.93,8318.14,4343.1,33804.6,5877.37,12046.21,3573.15,75376.01,2460.29,30.64
7.4713,80.4081,Kurunegala,2020,Yala,Silt,1657.92,31.08,79.73,4.43,At306,9304.91,13060.65,3107.31,26847.01,7561.82,9738.61,3491.87,73375.3,15118.92,4.85
8.2758,80.4565,Anuradhapura,2020,Yala,Clay,1645.79,27.0,87.8,2.06,At306,4081.22,8305.37,4583.29,27738.05,4703.02,7932.25,2638.52,59604.15,6776.71,8.8
7.7474,81.8108,Batticaloa,2020,Yala,Clay,1183.16,29.17,88.68,1.92,At402,6550.64,8498.87,2593.37,34732.6,7825.59,7064.22,4807.25,72350.78,7122.09,10.16
7.2686,81.6443,Ampara,2020,Yala,Loam,1552.79,32.05,79.46,4.86,At306,4298.68,18423.48,5106.39,30418.44,7223.92,16893.31,3504.88,85131.59,9095.77,9.36
8.3414,80.3789,Anuradhapura,2020,Maha,Clay,1799.44,28.27,76.66,3.51,BG358,9958.98,15942.07,4231.13,29613.01,5326.03,7781.85,3249.19,77017.51,7671.69,10.04
9.7742,80.1549,Jaffna,2020,Yala,Sandy Loam,1062.51,26.59,84.33,0.82,BG352,3498.8,8145.3,5826.01,29750.17,4766.26,10854.96,2398.81,65789.62,2669.11,24.65
7.4312,81.6038,Ampara,2020,Maha,Silt,1715.35,31.03,74.95,3.38,BG300,7666.2,9952.4,4260.34,30432.54,5494.48,7157.34,1036.15,65713.51,12971.18,5.07
7.9036,80.9618,Polonnaruwa,2020,Yala,Silt,1554.72,26.37,85.35,2.37,BG352,8755.26,18204.18,2847.98,28147.07,5361.41,18442.04,1862.96,83976.53,7434.82,11.3
7.6897,81.7296,Batticaloa,2020,Maha,Silt,1841.83,29.66,72.3,4.37,BG300,8059.7,8812.02,4831.34,25870.76,3408.63,12957.91,2938.79,66210.7,16957.94,3.9
7.3322,81.7353,Ampara,2020,Yala,Loam,1892.7,26.07,79.28,4.84,At306,6633.23,16130.51,3247.46,30479.83,6864.61,13776.85,4904.06,81287.65,8892.46,9.14
7.9475,80.9244,Polonnaruwa,2020,Yala,Silt,1343.02,30.44,74.44,1.95,BG300,8936.29,16746.34,2381.6,23574.04,3145.85,13251.57,3649.74,70922.44,4749.32,14.93
7.5104,80.4228,Kurunegala,2020,Yala,Sandy Loam,1168.06,28.78,89.39,4.39,BG300,8719.5,11094.83,2683.55,28372.86,7646.88,14237.92,3286.45,75601.95,15333.76,4.93
7.5244,80.4217,Kurunegala,2020,Maha,Silt,1280.57,28.27,78.51,2.78,BG358,4696.87,9378.04,4442.48,20772.61,5906.19,9006.72,2924.56,57192.65,5320.95,10.75
8.2963,80.4888,Anuradhapura,2020,Maha,Silt,1896.12,30.2,83.3,1.29,At306,9400.88,13025.25,3532.55,25378.35,3234.83,9161.68,3952.13,66851.27,4033.75,16.57
8.0641,81.0743,Polonnaruwa,2020,Maha,Sandy Loam,1504.91,26.94,71.27,4.95,At306,5256.48,17718.49,3018.56,28630.05,6801.14,14743.3,2886.3,78878.0,12709.18,6.21
7.7582,81.717,Batticaloa,2020,Yala,Sandy Loam,1211.29,27.23,79.97,2.39,BG352,9403.92,12348.73,4322.35,27645.29,3065.47,15625.99,1712.14,75046.03,5083.67,14.76
9.7604,80.0548,Jaffna,2020,Yala,Sandy Loam,1758.78,31.88,84.66,2.94,BG300,7132.43,14100.33,3190.19,26300.44,6444.43,18353.2,3545.17,79588.43,6327.34,12.58
7.7295,81.66,Batticaloa,2020,Maha,Silt,2199.87,27.25,83.05,1.57,BG352,3696.09,10918.07,4889.07,32113.93,7151.1,12163.39,3672.34,74013.96,3838.53,19.28
8.3909,80.3592,Anuradhapura,2020,Yala,Clay,2069.87,31.33,81.23,3.97,BG352,6456.57,14272.79,3710.16,15508.38,3539.46,7408.58,3545.64,54070.29,11587.86,4.67
8.3968,80.5431,Anuradhapura,2021,Yala,Silt,2321.31,32.1,70.58,4.22,At306,3902.09,12021.43,4974.03,18215.2,7089.84,17817.74,3029.87,66062.97,10260.86,6.44
9.6228,80.1075,Jaffna,2021,Yala,Loam,2310.55,31.07,72.41,4.56,BG300,3465.11,14407.61,2568.55,15234.13,5110.17,10835.53,2944.0,54719.5,8646.79,6.33
7.9315,81.0667,Polonnaruwa,2021,Maha,Loam,1930.46,30.93,74.26,1.11,BG300,3101.81,12207.05,4359.67,22844.88,5187.37,18754.06,2393.02,68875.84,3911.68,17.61
8.072,81.098,Polonnaruwa,2021,Maha,Clay,1197.35,31.01,88.18,1.31,BG352,4662.8,19656.74,2723.91,32087.7,5461.39,10214.0,4483.0,79180.15,3841.7,20.61
9.6421,80.0857,Jaffna,2021,Yala,Loam,1360.22,26.53,72.58,1.08,BG300,4063.32,9665.93,4563.5,18637.6,4728.34,18658.25,2895.85,63547.91,2353.43,27.0
8.3092,80.4222,Anuradhapura,2021,Maha,Sandy Loam,1525.94,26.23,71.57,2.29,BG358,3929.01,14810.49,4757.86,31011.73,4000.75,9177.27,1418.27,69378.24,7681.22,9.03
8.4234,80.3863,Anuradhapura,2021,Yala,Loam,2266.82,28.23,86.58,0.67,BG352,7173.89,10760.11,2482.27,16539.06,6481.44,11418.37,3899.07,57884.92,1670.74,34.65
7.7796,81.681,Batticaloa,2021,Maha,Clay,1738.94,26.08,79.37,0.75,At402,3831.73,9410.31,4596.84,29920.9,5916.84,19508.24,2499.48,75255.76,2783.19,27.04
9.6296,80.0319,Jaffna,2021,Yala,Clay,1363.71,27.88,77.55,0.59,BG358,5254.55,10537.38,3309.99,17395.24,7452.64,14716.7,3716.41,62961.25,1708.98,36.84
7.3438,81.7263,Ampara,2021,Maha,Loam,2339.64,26.44,87.67,2.52,At402,6573.03,15519.11,5705.53,15382.32,5384.22,15940.39,3890.83,68780.49,5281.31,13.02
7.9557,80.9139,Polonnaruwa,2021,Yala,Silt,2394.29,31.81,89.3,1.06,At402,8116.07,19260.09,2724.93,16329.93,6705.6,14468.15,4367.32,71251.63,3762.56,18.94
7.9364,80.9424,Polonnaruwa,2021,Yala,Loam,2460.23,32.78,84.99,1.09,At402,8307.84,8295.04,2088.49,21472.2,5443.22,17015.3,3733.18,66247.08,2618.16,25.3
8.0878,80.9231,Polonnaruwa,2021,Maha,Loam,1302.44,27.15,73.29,4.17,BG300,7656.38,14276.79,3435.32,32544.01,4962.23,17615.79,2756.54,83000.95,11750.62,7.06
7.307,81.7526,Ampara,2021,Yala,Sandy Loam,1211.2,30.36,85.63,3.1,At306,4028.74,17733.49,4543.82,22763.31,6370.65,10378.76,2380.77,69034.51,7561.24,9.13
8.019,81.0648,Polonnaruwa,2021,Yala,Clay,1665.63,32.08,73.54,3.62,At306,8866.81,19335.37,4732.99,24943.5,6089.24,18295.76,3282.44,84606.88,13930.08,6.07
8.45,80.381,Anuradhapura,2021,Maha,Clay,1442.95,26.96,83.03,3.82,BG358,5209.39,15737.99,3580.52,29264.14,3996.08,18572.8,2149.64,78246.13,7364.2,10.63
7.806,81.8319,Batticaloa,2021,Yala,Clay,1388.95,29.01,87.45,4.29,BG352,4302.71,17631.72,3832.75,24659.38,3667.4,8047.82,3911.76,66046.46,11845.0,5.58
8.3678,80.3532,Anuradhapura,2021,Maha,Sandy Loam,2285.77,32.34,75.54,4.93,At306,3984.98,10424.19,2736.9,32879.79,6271.46,8977.36,2761.29,68266.57,9779.25,6.98
7.676,81.7305,Batticaloa,2021,Yala,Silt,2034.29,30.74,74.31,3.46,BG300,5757.05,15814.8,2426.37,28156.91,7997.07,7626.76,4908.7,72501.48,12856.18,5.64
7.418,80.4075,Kurunegala,2021,Maha,Loam,2035.01,27.41,80.72,0.94,BG358,6152.6,17073.96,3390.29,28298.23,6977.25,19053.31,1938.57,82682.84,2007.2,41.19
7.4538,80.3384,Kurunegala,2021,Maha,Silt,2002.32,30.34,79.27,2.21,At306,9043.34,14228.98,3916.73,15512.84,4706.24,11942.54,2595.29,62106.3,6572.38,9.45
8.2648,80.539,Anuradhapura,2021,Yala,Loam,1308.53,26.85,82.3,3.99,At306,7507.33,14363.63,2167.8,34369.78,6993.57,10806.69,4919.88,81332.44,12294.51,6.62
7.5365,80.3084,Kurunegala,2021,Yala,Silt,2341.29,27.34,76.47,1.52,At306,5484.97,8833.09,4076.24,16352.25,7001.78,10038.26,3160.05,55706.8,4912.53,11.34
8.0537,80.968,Polonnaruwa,2021,Yala,Sandy Loam,1852.46,26.66,77.35,1.69,At306,4707.93,19676.13,3572.39,32840.93,6155.69,17332.55,3010.55,87449.98,4873.18,17.95
7.3218,81.6688,Ampara,2021,Maha,Silt,1814.04,26.99,86.04,0.84,At402,9908.21,17266.94,2794.86,15110.44,7077.31,16189.15,3916.03,72805.48,1648.83,44.16
9.6718,80.074,Jaffna,2021,Maha,Silt,1182.25,27.38,87.74,3.41,BG358,5001.35,17791.36,5445.48,31930.29,7594.63,10279.13,4020.17,81983.49,12454.67,6.58
7.4408,81.7752,Ampara,2021,Maha,Clay,1292.86,31.06,75.62,0.61,BG358,7518.31,10125.33,5761.83,34078.57,7574.32,11812.06,1061.83,78788.89,1672.62,47.11
7.326,81.6907,Ampara,2022,Maha,Loam,2361.35,27.75,78.21,3.9,BG358,4601.59,8923.76,3159.01,18224.43,7648.49,17505.56,3533.62,64339.38,13915.51,4.62
9.608,80.108,Jaffna,2022,Yala,Clay,2173.58,29.97,84.77,4.45,BG300,5828.98,11924.4,4670.37,31156.92,6811.43,17371.58,2742.33,81141.68,9186.85,8.83
7.4835,80.4476,Kurunegala,2022,Yala,Silt,2344.5,26.09,71.71,1.44,At402,3185.73,10177.23,4332.17,23428.49,7463.36,17626.77,2367.27,68099.87,3794.87,17.95
7.3927,81.6469,Ampara,2022,Yala,Clay,1027.59,32.4,72.36,3.09,BG352,4918.39,14650.14,4605.68,31594.84,4032.11,7142.95,1547.54,69291.69,11502.7,6.02
7.2686,81.6193,Ampara,2022,Maha,Clay,1362.84,26.09,79.38,1.86,At402,7188.5,11566.85,3199.68,29863.86,3240.71,18737.63,4409.06,78541.9,5775.46,13.6
9.7045,80.0397,Jaffna,2022,Yala,Silt,2023.93,27.69,84.28,4.2,At306,8627.71,14630.01,4080.68,17857.52,6876.73,10528.32,2986.78,65156.3,8796.57,7.41
8.0358,80.9105,Polonnaruwa,2022,Maha,Loam,1944.34,26.38,84.97,1.93,BG300,3000.94,14133.55,2187.41,20523.39,6534.88,7814.97,4357.35,57560.13,4522.01,12.73
7.3693,81.6691,Ampara,2022,Yala,Clay,1452.07,31.23,80.05,1.54,At306,9297.02,12606.69,4174.21,33129.44,6121.19,8519.67,4759.33,78862.97,3906.66,20.19
7.364,80.3828,Kurunegala,2022,Yala,Clay,2315.15,28.39,86.43,1.0,BG358,8925.17,9529.86,3589.15,30945.91,3749.59,9980.27,3889.01,71049.03,3210.52,22.13
7.9872,80.9058,Polonnaruwa,2022,Yala,Sandy Loam,1812.85,32.11,84.64,4.13,At306,7611.48,16307.32,5396.78,19993.36,5447.12,9875.72,4950.67,70470.57,7792.23,9.04
7.5435,80.309,Kurunegala,2022,Maha,Silt,2191.3,26.65,81.76,2.66,BG300,7496.28,8778.24,4319.94,26229.69,5803.3,14845.34,3705.87,71788.64,6366.99,11.28
7.3029,81.6247,Ampara,2022,Yala,Silt,1132.9,27.54,81.96,3.81,BG358,9988.43,19197.36,4570.26,23424.96,6180.89,17213.47,1473.34,81868.52,13897.22,5.89
8.3864,80.4834,Anuradhapura,2022,Yala,Sandy Loam,1130.38,29.76,81.74,3.85,BG352,6021.62,9530.96,3135.1,22261.65,6229.59,14420.12,2424.39,64996.46,12060.91,5.39
7.9311,81.0914,Polonnaruwa,2022,Maha,Clay,2409.25,32.26,81.96,4.65,At306,3619.45,10351.79,2180.91,21506.61,4943.39,10527.54,4314.95,57158.15,11243.96,5.08
8.3387,80.5401,Anuradhapura,2022,Maha,Loam,1384.8,30.58,73.96,3.04,At402,6247.53,19664.06,4434.11,21990.13,3570.48,8966.21,1901.27,66275.72,11160.92,5.94
9.7266,80.1371,Jaffna,2022,Yala,Loam,1104.46,27.22,87.11,1.52,At306,8859.29,11351.31,4571.53,28883.01,5563.27,10969.04,1850.58,71114.41,3752.4,18.95
9.6426,80.0663,Jaffna,2022,Maha,Sandy Loam,1170.34,30.7,80.41,3.98,BG358,6641.14,18226.18,4207.63,26218.76,7383.27,12245.28,1536.06,75515.89,13775.98,5.48
7.3108,81.642,Ampara,2022,Yala,Silt,2401.55,32.48,79.02,1.01,At306,9893.89,18066.78,2498.65,33416.84,7349.48,13744.89,3365.1,88133.64,1939.68,45.44
8.0592,80.9587,Polonnaruwa,2022,Yala,Sandy Loam,1563.83,28.76,79.19,4.03,BG352,9244.59,19464.02,5147.61,21308.14,6440.67,12688.84,2018.68,76994.29,7594.69,10.14
9.6569,80.1197,Jaffna,2022,Maha,Clay,2225.95,29.17,82.87,2.87,BG358,8121.13,8979.56,2241.41,19942.06,3797.72,18333.19,1876.86,64243.66,7293.16,8.81
7.3194,81.6857,Ampara,2022,Maha,Loam,1743.81,26.57,74.4,3.57,BG300,3532.92,18214.48,3980.59,24611.73,5962.04,17720.85,2391.24,76769.88,10869.26,7.06
7.9977,80.9224,Polonnaruwa,2022,Yala,Sandy Loam,1922.51,32.93,72.8,2.83,BG300,9141.61,16889.22,4788.06,29049.68,4797.46,10816.69,4237.44,80340.39,10492.39,7.66
7.3137,81.6198,Ampara,2022,Maha,Sandy Loam,2471.79,31.55,87.08,1.59,BG300,9724.39,10363.11,5805.72,34896.39,6558.61,19754.87,3278.16,89900.33,4390.61,20.48
9.752,80.1122,Jaffna,2022,Yala,Sandy Loam,1865.92,32.06,89.61,2.33,At306,8792.63,17174.33,4294.12,34120.94,4002.37,8420.43,4415.85,81098.97,8535.56,9.5
7.344,81.6817,Ampara,2022,Maha,Sandy Loam,1911.86,31.35,86.26,3.73,BG358,9688.67,8218.79,2783.11,15151.26,6237.37,18674.4,1973.93,63581.6,7208.55,8.82
8.3047,80.5025,Anuradhapura,2022,Yala,Clay,1723.06,27.37,82.22,1.76,BG352,4448.95,14198.87,2022.02,15153.28,4095.34,7477.38,1432.1,48505.66,6275.61,7.73
7.7269,81.6898,Batticaloa,2022,Maha,Clay,2449.98,32.75,87.06,1.83,At402,5695.68,18213.64,3267.69,18389.85,5784.01,19170.01,3784.12,74445.12,3685.23,20.2
7.5145,80.2711,Kurunegala,2022,Yala,Sandy Loam,1400.54,32.15,85.95,3.46,At306,8954.07,18407.53,4833.45,31740.27,6487.36,15841.83,3474.45,90244.39,7435.3,12.14
8.4103,80.4736,Anuradhapura,2022,Maha,Silt,2240.06,32.89,75.77,4.83,BG300,5726.37,12626.14,3361.55,25828.15,3770.73,14198.25,3166.82,69201.81,17552.36,3.94
8.4008,80.3951,Anuradhapura,2023,Yala,Clay,2237.57,29.49,71.54,0.76,At306,5339.67,17418.76,4830.72,30772.3,5586.35,12722.59,1589.81,77916.59,2093.68,37.22
7.779,81.6977,Batticaloa,2023,Maha,Loam,1891.2,28.67,89.4,4.29,At306,8868.3,13624.32,3659.28,20468.14,3281.88,18241.39,4251.6,73394.35,17128.26,4.28
7.9505,80.9232,Polonnaruwa,2023,Maha,Silt,1620.32,26.85,73.62,3.57,At306,4270.07,14301.96,4836.19,17137.54,5836.56,10335.32,4851.71,61536.44,12756.27,4.82
8.4452,80.5122,Anuradhapura,2023,Maha,Sandy Loam,1355.84,26.71,73.06,1.61,BG358,4124.77,10238.8,3140.38,18467.47,7483.83,8043.04,3098.05,54417.13,6377.59,8.53
7.4423,80.3064,Kurunegala,2023,Yala,Sandy Loam,2461.29,31.93,70.47,4.54,BG352,8482.39,17364.51,3831.98,22960.11,4514.58,7854.03,1912.94,66413.75,13006.96,5.11
7.6354,81.72,Batticaloa,2023,Maha,Clay,1133.93,30.81,79.88,2.24,BG358,7428.98,16446.29,2017.45,18339.06,6565.23,15663.01,4864.19,71846.29,8717.41,8.24
7.6248,81.7479,Batticaloa,2023,Yala,Clay,1616.64,28.43,88.0,0.6,BG358,7646.53,19560.73,4240.67,33736.45,3261.29,12444.31,2040.63,83392.25,2375.31,35.11
7.3293,81.6748,Ampara,2023,Maha,Loam,2019.43,26.53,75.49,4.13,BG352,6217.65,14558.93,3731.26,15878.0,3828.75,12792.04,1836.74,57943.33,15099.4,3.84
7.7852,81.7591,Batticaloa,2023,Maha,Clay,1318.51,27.27,73.67,1.87,BG300,6673.3,13183.34,3164.92,27237.06,3697.47,10797.88,2465.45,67131.56,6596.21,10.18
7.4497,81.7695,Ampara,2023,Maha,Silt,2232.46,29.21,77.16,2.72,At306,8797.74,12022.5,2695.05,29240.28,7129.89,8308.29,1959.5,69437.19,6978.08,9.95
7.4887,80.3076,Kurunegala,2023,Maha,Silt,2401.65,28.46,72.03,2.69,BG300,4797.44,11418.47,3229.16,31060.52,5695.81,11047.0,3441.34,71122.04,6455.39,11.02
9.638,80.0111,Jaffna,2023,Maha,Sandy Loam,1208.91,31.56,82.4,2.9,BG358,9257.25,17463.17,2606.7,21234.44,4242.45,16671.3,1134.13,72749.22,10084.49,7.21
7.6049,81.8261,Batticaloa,2023,Yala,Clay,1393.4,30.17,71.03,2.73,BG358,7177.9,12010.93,5083.65,17131.97,3375.69,16466.45,2981.97,64605.36,7525.57,8.58
9.6619,80.1021,Jaffna,2023,Yala,Sandy Loam,2040.92,29.8,75.04,2.06,BG352,4271.18,18901.41,4333.57,23017.03,5310.03,19314.68,1613.41,76933.77,6000.69,12.82
7.4319,81.6653,Ampara,2023,Maha,Sandy Loam,1533.08,31.49,81.08,0.52,BG352,8326.94,8423.74,4982.94,19049.61,7790.37,11783.23,2307.73,61962.34,1285.61,48.2
8.4461,80.4568,Anuradhapura,2023,Maha,Clay,2058.36,32.48,73.61,3.06,At306,9408.42,8407.35,4789.68,20946.98,7621.98,19623.76,4777.07,75523.67,11311.27,6.68
9.6766,80.214,Jaffna,2023,Maha,Loam,2488.24,31.96,74.17,4.69,At306,3814.56,17809.4,3522.49,32559.49,7340.28,17477.03,4160.12,86292.73,9276.93,9.3
8.4001,80.464,Anuradhapura,2023,Yala,Clay,2398.04,26.72,88.74,3.6,At306,3474.86,11611.56,4832.69,16347.01,5910.85,11496.48,3483.66,56248.59,13382.57,4.2
8.3328,80.5155,Anuradhapura,2023,Yala,Clay,2296.85,29.83,77.61,4.9,BG358,3775.04,13070.58,2168.1,29798.08,7590.38,10640.49,4433.37,71060.48,18638.1,3.81
7.7439,81.7937,Batticaloa,2023,Yala,Silt,1847.26,26.46,85.51,2.54,BG352,6670.73,13289.15,3603.05,26192.81,3776.2,9365.07,4447.14,68236.38,6658.05,10.25
7.2806,81.632,Ampara,2023,Maha,Silt,1523.81,31.08,87.94,4.49,At306,8459.13,15704.38,2336.56,18232.57,7492.77,14883.58,1036.79,67348.72,14636.07,4.6
7.4154,80.4022,Kurunegala,2023,Yala,Silt,1809.24,31.54,76.38,3.32,BG358,9201.84,15390.36,2931.84,15488.02,7350.49,7276.5,4498.81,62195.73,12834.95,4.85
9.7123,80.1675,Jaffna,2023,Yala,Silt,2338.45,27.3,71.58,1.58,BG300,8562.05,8416.04,4331.23,34908.75,7278.48,13778.79,1254.56,79192.65,4926.05,16.08
8.0507,81.0707,Polonnaruwa,2023,Maha,Silt,1369.6,31.73,85.99,3.63,BG352,4905.02,15082.77,3443.9,16831.64,7586.57,8778.64,4800.95,61321.5,8012.47,7.65
9.6051,80.078,Jaffna,2023,Yala,Sandy Loam,1260.84,28.77,85.16,3.63,BG300,4077.27,17790.0,2897.76,19476.35,5684.87,14708.22,3320.34,67137.78,13541.4,4.96
8.4144,80.511,Anuradhapura,2023,Yala,Clay,1451.32,27.99,70.74,3.24,BG352,6518.75,8617.75,3114.59,33165.32,4197.81,8883.63,2957.81,68426.96,7557.37,9.05
7.2997,81.638,Ampara,2024,Maha,Silt,2485.76,28.89,77.44,3.99,BG352,5385.62,19169.09,5433.65,23579.88,6754.36,16809.06,1412.5,79349.27,11617.11,6.83
7.403,80.4068,Kurunegala,2024,Yala,Silt,1561.41,28.59,86.26,4.76,At402,9902.01,17040.54,3505.04,16670.01,6885.73,14259.26,2696.89,71772.19,9732.46,7.37
8.3568,80.4119,Anuradhapura,2024,Maha,Loam,2155.24,31.65,72.4,1.7,At402,3122.87,11519.7,5092.57,25359.21,4740.48,11832.61,1005.41,62272.45,5477.76,11.37
7.4393,81.6444,Ampara,2024,Yala,Clay,1704.98,32.23,84.15,0.78,At306,4031.12,8094.1,4523.69,23953.47,3671.37,19453.14,3118.64,66329.32,2263.04,29.31
9.7753,80.0787,Jaffna,2024,Yala,Silt,2008.2,31.33,74.75,3.78,BG352,5574.48,15587.67,4534.12,25715.49,3451.45,17858.93,2283.12,74378.3,7143.09,10.41
9.6277,80.0625,Jaffna,2024,Yala,Clay,2121.17,29.32,71.16,4.81,At402,9599.07,17422.27,5965.31,25889.65,7813.84,7982.87,2462.72,76586.49,10730.31,7.14
9.6227,80.0159,Jaffna,2024,Yala,Clay,2323.62,31.63,80.1,4.85,At306,5924.33,19809.32,4671.68,27693.43,3829.77,18465.06,2709.96,82428.02,8864.52,9.3
8.0098,81.0855,Polonnaruwa,2024,Yala,Clay,1530.13,27.66,85.61,1.74,BG300,8758.3,13084.86,4670.2,16910.71,6119.3,12872.98,3346.43,65098.81,5952.75,10.94
8.0104,81.0087,Polonnaruwa,2024,Yala,Sandy Loam,1454.69,27.84,77.2,0.89,BG352,9558.7,14645.63,3222.1,22939.63,5236.01,14807.73,3062.72,74311.3,2575.05,28.86
7.9398,80.9769,Polonnaruwa,2024,Maha,Sandy Loam,2122.11,31.68,83.13,1.08,At306,5367.87,19137.0,2898.46,22443.34,5160.38,12712.26,3451.76,72057.22,2515.89,28.64
7.2875,81.6724,Ampara,2024,Yala,Clay,1825.34,26.3,82.66,4.78,BG352,7211.28,17830.27,5536.83,19561.6,4060.22,14942.75,2644.11,72466.78,18068.64,4.01
7.9886,80.9848,Polonnaruwa,2024,Yala,Loam,2126.77,26.5,71.6,2.1,BG352,9592.08,16022.87,4714.68,22238.4,5968.3,7131.71,3544.38,70038.99,6610.09,10.6
8.0414,81.0406,Polonnaruwa,2024,Maha,Sandy Loam,1995.71,29.32,86.88,4.13,BG358,7097.48,18419.26,2823.36,17238.39,4348.75,7742.13,3124.68,61667.26,7791.48,7.91
7.7616,81.7118,Batticaloa,2024,Maha,Loam,1692.34,26.07,74.93,3.77,BG352,9942.67,9190.14,3605.98,31001.42,4020.18,14216.1,3932.29,76140.75,8345.48,9.12
7.3728,80.2631,Kurunegala,2024,Maha,Clay,1273.18,31.53,83.17,2.74,BG352,6887.54,16630.42,2913.82,34926.68,7873.97,15454.23,1798.17,86845.29,5367.21,16.18
7.4393,81.6609,Ampara,2024,Maha,Clay,2094.26,31.36,73.18,3.25,BG352,3947.48,17016.5,4627.82,34132.29,3344.79,7741.71,2128.75,72462.75,7615.9,9.51
7.2813,81.6817,Ampara,2024,Yala,Clay,1110.25,27.19,80.4,2.02,BG352,8802.18,13170.65,2994.86,27342.9,6533.89,9171.54,1670.48,68759.84,6908.57,9.95
7.6693,81.8055,Batticaloa,2024,Maha,Loam,2199.78,28.98,70.45,1.71,At306,6791.44,15601.74,3031.55,17787.12,7174.65,19797.23,3102.76,72629.85,4102.42,17.7
7.5294,80.3987,Kurunegala,2024,Yala,Loam,1885.44,27.88,82.48,2.34,BG352,6864.33,13233.52,3177.86,33969.07,6818.03,8821.47,4473.87,77333.01,8817.15,8.77
8.2549,80.399,Anuradhapura,2024,Maha,Silt,1621.94,26.6,89.94,2.76,At306,7167.7,8804.92,4999.84,19198.11,7490.27,9666.82,1762.75,58163.51,7834.39,7.42
7.8449,81.6823,Batticaloa,2024,Yala,Clay,2199.12,30.4,71.64,4.43,BG300,9446.11,8732.94,3107.51,31124.03,6741.3,9398.77,1837.4,70129.0,12696.16,5.52
7.6463,81.6933,Batticaloa,2024,Yala,Loam,1720.76,26.73,74.84,4.94,BG300,3997.47,13986.66,4472.62,29049.3,5798.24,7127.02,2305.85,66772.58,9846.93,6.78
9.6271,80.1134,Jaffna,2025,Yala,Sandy Loam,2359.38,27.75,75.44,3.92,At306,6148.18,17320.53,2261.46,24751.42,3168.07,7814.49,4625.75,65368.39,11647.6,5.61
7.7797,81.8019,Batticaloa,2025,Maha,Clay,1922.83,28.14,82.48,2.87,BG352,5982.58,9568.52,5546.42,23995.69,3973.11,11780.87,2656.52,64158.79,9798.04,6.55
7.385,81.6943,Ampara,2025,Yala,Sandy Loam,1575.75,30.0,81.76,1.33,BG300,5535.65,12014.14,2104.79,15483.84,7158.49,10549.92,3072.32,55516.6,5146.43,10.79
7.4446,81.6757,Ampara,2025,Yala,Loam,1537.7,26.81,87.26,3.3,At402,5316.29,8762.7,3243.93,21503.67,6648.03,15288.25,4548.85,65256.15,6808.25,9.58
9.7753,80.0915,Jaffna,2025,Yala,Sandy Loam,2314.98,32.97,77.37,2.52,BG358,8054.5,18634.35,4372.18,22830.51,5063.11,16043.04,1012.87,76249.74,6506.85,11.72
8.2965,80.4704,Anuradhapura,2025,Maha,Silt,1299.51,29.6,81.85,0.71,BG352,7252.81,10046.29,2260.21,33977.71,7828.16,17509.17,2218.46,80288.15,2346.77,34.21
8.4074,80.391,Anuradhapura,2025,Maha,Sandy Loam,1387.93,27.15,76.6,3.91,BG352,6635.7,10458.58,5511.32,32591.64,7352.89,10104.35,2804.96,76429.42,13678.85,5.59
7.4259,80.4479,Kurunegala,2025,Maha,Loam,1626.12,27.55,72.4,2.02,BG300,9600.37,11878.44,4075.16,29060.38,4818.15,19633.17,4849.79,83419.02,5845.77,14.27
8.0201,80.9703,Polonnaruwa,2025,Maha,Sandy Loam,1172.4,26.66,88.19,3.51,At306,8805.01,18547.75,4287.09,25348.93,5152.14,11120.31,2738.38,76547.37,10966.05,6.98
8.3029,80.5279,Anuradhapura,2025,Maha,Loam,1594.81,30.35,87.25,4.77,BG358,4029.51,19119.05,3968.47,20164.89,5295.68,19740.42,2970.47,74945.99,15232.91,4.92
8.4195,80.42,Anuradhapura,2025,Yala,Clay,2338.78,29.1,82.14,3.34,BG358,7141.88,16431.61,2949.73,25247.28,3521.12,11998.65,2950.67,70545.39,12996.5,5.43
9.6452,80.1073,Jaffna,2025,Maha,Loam,1900.98,31.21,80.13,3.35,BG300,3496.53,11052.7,3447.41,24449.87,3228.24,8820.31,2107.26,57545.39,8472.03,6.79
9.7992,80.1323,Jaffna,2025,Maha,Clay,1007.59,27.13,80.97,3.61,At402,7563.73,10691.23,4848.72,19744.98,4627.0,16704.39,3598.53,68477.03,11720.76,5.84
7.3338,81.7167,Ampara,2025,Yala,Loam,2233.81,32.65,84.51,3.26,BG352,5927.7,19192.74,5464.26,15904.37,3131.83,11894.02,4242.21,66731.68,6946.79,9.61
8.2757,80.4451,Anuradhapura,2025,Maha,Loam,1698.4,29.8,75.73,3.16,At402,3213.5,8448.18,5290.4,22203.81,3635.3,13789.16,4079.97,60091.96,10018.33,6.0
9.6846,80.0529,Jaffna,2025,Maha,Loam,1128.02,26.36,80.63,2.93,At306,7462.01,16713.1,5903.41,25326.01,4614.78,17337.42,2083.33,79318.0,5779.73,13.72
7.7625,81.7376,Batticaloa,2025,Yala,Clay,1038.03,32.74,86.72,3.63,BG352,5862.67,10079.53,2625.75,20004.86,5746.13,16289.75,3640.79,63809.35,14159.55,4.51
8.2628,80.3542,Anuradhapura,2025,Maha,Sandy Loam,2106.85,29.88,82.23,2.39,BG300,4734.12,12271.67,5031.38,15287.87,3580.36,7598.03,1162.92,50377.27,8001.83,6.3
8.3166,80.3836,Anuradhapura,2025,Maha,Sandy Loam,1939.35,29.42,78.04,4.97,BG358,9162.2,15480.87,4277.51,27413.21,4006.56,12136.79,1157.84,73586.07,14883.43,4.94
9.7062,80.1064,Jaffna,2025,Yala,Loam,2381.27,30.32,85.93,2.67,At306,3821.16,9502.23,4742.26,23606.12,4002.62,13390.73,1256.84,60485.9,6386.07,9.47
7.82,81.7612,Batticaloa,2025,Maha,Clay,2495.69,28.98,79.03,1.24,BG352,8563.67,16324.19,2883.08,16647.62,6402.5,15508.65,2093.04,69324.48,2644.09,26.22
9.6443,80.1538,Jaffna,2025,Yala,Silt,1839.63,29.69,84.39,4.51,BG300,3555.85,16777.96,2749.65,32163.54,7095.32,14030.32,3840.97,79842.31,12792.93,6.24
7.9279,81.049,Polonnaruwa,2025,Yala,Silt,1886.34,30.74,70.33,2.8,At402,4585.47,15742.07,2697.47,28818.75,4933.68,19177.49,1550.08,77187.14,5739.0,13.45
7.8161,81.8211,Batticaloa,2025,Yala,Silt,2251.22,31.18,72.86,3.89,At402,8382.46,15902.49,5064.46,31918.43,6068.02,8151.86,2950.51,77593.53,10489.75,7.4
7.3441,81.7498,Ampara,2005,Yala,Sandy Loam,2198.17,32.99,77.01,3.95,BG300,3237.19,7661.25,2511.35,18082.48,4410.39,9459.3,1487.35,46761.73,11997.95,3.46
8.3864,80.4834,Anuradhapura,2022,Yala,Sandy Loam,1130.38,29.76,81.74,3.85,BG352,6021.62,9530.96,3135.1,22261.65,6229.59,14420.12,2424.39,64996.46,12060.91,5.39
8.4424,80.5172,Anuradhapura,2014,Yala,Clay,1816.73,26.04,76.49,2.15,BG352,4987.12,14119.95,3070.28,20709.53,3617.51,10238.44,1649.14,57654.58,6526.55,8.58
7.4463,80.4229,Kurunegala,2005,Maha,Silt,1175.6,27.0,85.23,3.28,BG300,2064.68,5016.7,2674.98,9162.9,3958.72,9010.27,738.03,32163.94,11557.77,2.47
8.4424,80.5172,Anuradhapura,2003,Yala,Clay,1816.73,26.04,76.49,2.15,BG352,2915.86,8255.64,1795.13,12108.43,2115.08,5986.2,964.22,33709.44,5849.9,5.02
8.0858,81.0871,Polonnaruwa,2000,Yala,Clay,1833.15,31.38,88.9,4.32,BG300,2064.31,5849.22,1098.0,14869.44,2631.25,4350.91,1608.54,32574.75,9440.12,2.91
7.4463,80.4229,Kurunegala,2006,Maha,Silt,1175.6,27.0,85.23,3.28,BG300,2167.91,5267.54,2808.73,9621.05,4156.66,9460.78,774.93,33772.13,11673.35,2.6
7.4319,81.6653,Ampara,2023,Maha,Sandy Loam,1533.08,31.49,81.08,0.52,BG352,8326.94,8423.74,4982.94,19049.61,7790.37,11783.23,2307.73,61962.34,1285.61,48.2
8.0549,81.0577,Polonnaruwa,2011,Yala,Sandy Loam,1040.75,26.46,79.28,4.59,BG352,5052.56,10427.43,1807.25,20995.22,5305.98,8913.89,3061.31,56256.83,9721.56,5.45
7.3916,81.6118,Ampara,2018,Maha,Loam,1711.26,26.68,79.83,2.63,BG300,4212.41,13206.22,3594.02,27317.0,6175.47,7588.95,2498.45,64844.24,7645.15,8.48
7.6248,81.7479,Batticaloa,2023,Yala,Clay,1616.64,28.43,88.0,0.6,BG358,7646.53,19560.73,4240.67,33736.45,3261.29,12444.31,2040.63,83392.25,2375.31,35.11
7.7355,81.7996,Batticaloa,2004,Maha,Silt,1335.39,32.74,70.24,4.86,At402,1751.18,9913.68,2180.05,18486.63,1786.64,7530.62,2586.49,44259.79,13599.53,2.86
7.7016,81.761,Batticaloa,2020,Yala,Silt,1648.5,32.61,78.39,3.37,At306,5783.16,11290.58,5935.91,23186.68,7470.5,9989.41,1852.42,64570.93,10897.46,5.93
9.7908,80.1847,Jaffna,2004,Yala,Sandy Loam,1610.66,26.46,76.98,1.0,BG358,4591.34,10273.52,1214.05,18085.18,2976.63,5777.51,693.37,43612.25,3117.43,12.29
7.3121,81.6904,Ampara,2006,Yala,Loam,1449.09,28.51,86.09,1.75,BG300,2616.4,11395.04,1190.09,20438.29,3732.66,10389.81,1273.71,50468.05,5369.7,8.43
9.7908,80.1847,Jaffna,2017,Yala,Sandy Loam,1610.66,26.46,76.98,1.0,BG358,8657.65,19372.26,2289.27,34102.3,5612.88,10894.35,1307.45,82237.41,3547.93,23.18
7.9336,81.0214,Polonnaruwa,2018,Maha,Loam,1911.61,29.59,74.61,1.29,BG300,4543.4,10237.26,5118.34,22002.51,3289.21,19598.33,4535.14,70179.69,5145.55,13.64
7.7616,81.7118,Batticaloa,2024,Maha,Loam,1692.34,26.07,74.93,3.77,BG352,9942.67,9190.14,3605.98,31001.42,4020.18,14216.1,3932.29,76140.75,8345.48,9.12
8.3678,80.3532,Anuradhapura,2021,Maha,Sandy Loam,2285.77,32.34,75.54,4.93,At306,3984.98,10424.19,2736.9,32879.79,6271.46,8977.36,2761.29,68266.57,9779.25,6.98
7.6897,81.7296,Batticaloa,2020,Maha,Silt,1841.83,29.66,72.3,4.37,BG300,8059.7,8812.02,4831.34,25870.76,3408.63,12957.91,2938.79,66210.7,16957.94,3.9
8.0858,81.0871,Polonnaruwa,2010,Yala,Clay,1833.15,31.38,88.9,4.32,BG300,3362.55,9527.77,1788.53,24220.74,4286.03,7087.17,2620.14,53060.83,10427.77,4.75
8.0858,81.0871,Polonnaruwa,2015,Yala,Clay,1833.15,31.38,88.9,4.32,BG300,4291.56,12160.12,2282.67,30912.49,5470.18,9045.22,3344.04,67720.56,10959.69,6.06
7.4776,80.3419,Kurunegala,2008,Yala,Loam,1277.79,27.22,71.97,3.47,At402,5382.88,7207.09,1343.22,10728.5,5053.28,6988.06,2628.0,39491.76,8376.93,4.31
7.3293,81.6748,Ampara,2023,Maha,Loam,2019.43,26.53,75.49,4.13,BG352,6217.65,14558.93,3731.26,15878.0,3828.75,12792.04,1836.74,57943.33,15099.4,3.84
7.3632,81.7372,Ampara,2017,Yala,Loam,2092.74,31.44,83.12,1.3,BG352,6815.19,19816.04,5749.55,15863.47,3824.07,8712.47,3903.92,65320.28,2950.64,22.14
7.3769,81.7659,Ampara,2000,Maha,Loam,1288.43,26.29,73.38,1.75,BG352,1849.49,3954.78,1083.12,10565.18,1759.0,5120.16,1314.85,25812.73,2787.59,7.82
9.7908,80.1847,Jaffna,2013,Yala,Sandy Loam,1610.66,26.46,76.98,1.0,BG358,7122.67,15937.61,1883.39,28056.05,4617.73,8962.81,1075.64,67656.92,3409.49,19.07
9.7123,80.1675,Jaffna,2023,Yala,Silt,2338.45,27.3,71.58,1.58,BG300,8562.05,8416.04,4331.23,34908.75,7278.48,13778.79,1254.56,79192.65,4926.05,16.08
7.3632,81.7372,Ampara,2002,Yala,Loam,2092.74,31.44,83.12,1.3,BG352,3278.22,9531.85,2765.63,7630.6,1839.44,4190.85,1877.85,31420.17,2541.53,10.65
